group,ticker,selloff_date,horizon_trading_sessions,stop_pct,first_touch,first_plus5_day,first_stop_day,any_plus5_touch,worst_further_drawdown_pct,day_of_worst_low
original92,ABNB,2023-05-10,20,5,stop,18,2,true,-8.51665,3
original92,ABNB,2023-05-10,20,10,target,18,,true,-8.51665,3
original92,ABNB,2023-05-10,40,5,stop,18,2,true,-8.51665,3
original92,ABNB,2023-05-10,40,10,target,18,,true,-8.51665,3
original92,ABNB,2023-05-10,60,5,stop,18,2,true,-8.51665,3
original92,ABNB,2023-05-10,60,10,target,18,,true,-8.51665,3
original92,ADBE,2025-06-13,20,5,stop,,16,false,-8.04228,19
original92,ADBE,2025-06-13,20,10,none,,,false,-8.04228,19
original92,ADBE,2025-06-13,40,5,stop,,16,false,-15.73734,40
original92,ADBE,2025-06-13,40,10,stop,,33,false,-15.73734,40
original92,ADBE,2025-06-13,60,5,stop,,16,false,-15.73734,40
original92,ADBE,2025-06-13,60,10,stop,,33,false,-15.73734,40
original92,ADBE,2025-03-13,20,5,target,2,16,true,-12.12947,17
original92,ADBE,2025-03-13,20,10,target,2,17,true,-12.12947,17
original92,ADBE,2025-03-13,40,5,target,2,16,true,-12.12947,17
original92,ADBE,2025-03-13,40,10,target,2,17,true,-12.12947,17
original92,ADBE,2025-03-13,60,5,target,2,16,true,-12.12947,17
original92,ADBE,2025-03-13,60,10,target,2,17,true,-12.12947,17
original92,ADBE,2024-12-12,20,5,stop,,4,false,-14.93374,19
original92,ADBE,2024-12-12,20,10,stop,,14,false,-14.93374,19
original92,ADBE,2024-12-12,40,5,stop,,4,false,-14.93374,19
original92,ADBE,2024-12-12,40,10,stop,,14,false,-14.93374,19
original92,ADBE,2024-12-12,60,5,stop,,4,false,-21.09643,60
original92,ADBE,2024-12-12,60,10,stop,,14,false,-21.09643,60
original92,ADBE,2024-09-13,20,5,stop,,3,false,-9.40079,16
original92,ADBE,2024-09-13,20,10,none,,,false,-9.40079,16
original92,ADBE,2024-09-13,40,5,stop,,3,false,-11.51489,35
original92,ADBE,2024-09-13,40,10,stop,,29,false,-11.51489,35
original92,ADBE,2024-09-13,60,5,stop,,3,false,-11.51489,35
original92,ADBE,2024-09-13,60,10,stop,,29,false,-11.51489,35
original92,ADBE,2024-03-15,20,5,target,2,,true,-4.89583,20
original92,ADBE,2024-03-15,20,10,target,2,,true,-4.89583,20
original92,ADBE,2024-03-15,40,5,target,2,24,true,-6.51830,32
original92,ADBE,2024-03-15,40,10,target,2,,true,-6.51830,32
original92,ADBE,2024-03-15,60,5,target,2,24,true,-11.87711,53
original92,ADBE,2024-03-15,60,10,target,2,53,true,-11.87711,53
original92,AMD,2026-02-04,20,5,target,3,17,true,-5.97932,18
original92,AMD,2026-02-04,20,10,target,3,,true,-5.97932,18
original92,AMD,2026-02-04,40,5,target,3,17,true,-5.97932,18
original92,AMD,2026-02-04,40,10,target,3,,true,-5.97932,18
original92,AMD,2026-02-04,60,5,target,3,17,true,-5.97932,18
original92,AMD,2026-02-04,60,10,target,3,,true,-5.97932,18
original92,AMD,2025-08-06,20,5,target,1,,true,-3.98480,18
original92,AMD,2025-08-06,20,10,target,1,,true,-3.98480,18
original92,AMD,2025-08-06,40,5,target,1,21,true,-8.52133,22
original92,AMD,2025-08-06,40,10,target,1,,true,-8.52133,22
original92,AMD,2025-08-06,60,5,target,1,21,true,-8.52133,22
original92,AMD,2025-08-06,60,10,target,1,,true,-8.52133,22
original92,AMD,2025-02-05,20,5,stop,,13,false,-14.39157,18
original92,AMD,2025-02-05,20,10,stop,,15,false,-14.39157,18
original92,AMD,2025-02-05,40,5,stop,,13,false,-16.40032,40
original92,AMD,2025-02-05,40,10,stop,,15,false,-16.40032,40
original92,AMD,2025-02-05,60,5,stop,,13,false,-31.72038,43
original92,AMD,2025-02-05,60,10,stop,,15,false,-31.72038,43
original92,AMD,2024-10-30,20,5,stop,,3,false,-10.52490,20
original92,AMD,2024-10-30,20,10,stop,,12,false,-10.52490,20
original92,AMD,2024-10-30,40,5,stop,,3,false,-20.65949,36
original92,AMD,2024-10-30,40,10,stop,,12,false,-20.65949,36
original92,AMD,2024-10-30,60,5,stop,,3,false,-24.09152,58
original92,AMD,2024-10-30,60,10,stop,,12,false,-24.09152,58
original92,AMD,2024-05-01,20,5,target,3,,true,-2.15915,1
original92,AMD,2024-05-01,20,10,target,3,,true,-2.15915,1
original92,AMD,2024-05-01,40,5,target,3,,true,-2.15915,1
original92,AMD,2024-05-01,40,10,target,3,,true,-2.15915,1
original92,AMD,2024-05-01,60,5,target,3,58,true,-5.17086,58
original92,AMD,2024-05-01,60,10,target,3,,true,-5.17086,58
original92,AMD,2023-05-03,20,5,target,1,,true,-0.62485,1
original92,AMD,2023-05-03,20,10,target,1,,true,-0.62485,1
original92,AMD,2023-05-03,40,5,target,1,,true,-0.62485,1
original92,AMD,2023-05-03,40,10,target,1,,true,-0.62485,1
original92,AMD,2023-05-03,60,5,target,1,,true,-0.62485,1
original92,AMD,2023-05-03,60,10,target,1,,true,-0.62485,1
original92,ANET,2026-05-06,20,5,stop,13,1,true,-8.11234,3
original92,ANET,2026-05-06,20,10,target,13,,true,-8.11234,3
original92,ANET,2026-05-06,40,5,stop,13,1,true,-8.11234,3
original92,ANET,2026-05-06,40,10,target,13,,true,-8.11234,3
original92,ANET,2026-05-06,60,5,stop,13,1,true,-8.11234,3
original92,ANET,2026-05-06,60,10,target,13,,true,-8.11234,3
original92,ANET,2025-11-05,20,5,stop,,1,false,-18.44467,12
original92,ANET,2025-11-05,20,10,stop,,7,false,-18.44467,12
original92,ANET,2025-11-05,40,5,stop,,1,false,-18.44467,12
original92,ANET,2025-11-05,40,10,stop,,7,false,-18.44467,12
original92,ANET,2025-11-05,60,5,stop,55,1,true,-18.44467,12
original92,ANET,2025-11-05,60,10,stop,55,7,true,-18.44467,12
original92,ANET,2025-02-19,20,5,stop,,2,false,-26.86682,13
original92,ANET,2025-02-19,20,10,stop,,3,false,-26.86682,13
original92,ANET,2025-02-19,40,5,stop,,2,false,-42.81178,33
original92,ANET,2025-02-19,40,10,stop,,3,false,-42.81178,33
original92,ANET,2025-02-19,60,5,stop,,2,false,-42.81178,33
original92,ANET,2025-02-19,60,10,stop,,3,false,-42.81178,33
original92,ANET,2024-11-08,20,5,stop,17,5,true,-8.00350,7
original92,ANET,2024-11-08,20,10,target,17,,true,-8.00350,7
original92,ANET,2024-11-08,40,5,stop,17,5,true,-8.00350,7
original92,ANET,2024-11-08,40,10,target,17,,true,-8.00350,7
original92,ANET,2024-11-08,60,5,stop,17,5,true,-8.00350,7
original92,ANET,2024-11-08,60,10,target,17,,true,-8.00350,7
original92,ANET,2024-02-13,20,5,target,12,,true,-4.68156,5
original92,ANET,2024-02-13,20,10,target,12,,true,-4.68156,5
original92,ANET,2024-02-13,40,5,target,12,,true,-4.68156,5
original92,ANET,2024-02-13,40,10,target,12,,true,-4.68156,5
original92,ANET,2024-02-13,60,5,target,12,46,true,-9.48740,47
original92,ANET,2024-02-13,60,10,target,12,,true,-9.48740,47
original92,ANET,2023-05-02,20,5,target,6,,true,-2.44481,2
original92,ANET,2023-05-02,20,10,target,6,,true,-2.44481,2
original92,ANET,2023-05-02,40,5,target,6,,true,-2.44481,2
original92,ANET,2023-05-02,40,10,target,6,,true,-2.44481,2
original92,ANET,2023-05-02,60,5,target,6,,true,-2.44481,2
original92,ANET,2023-05-02,60,10,target,6,,true,-2.44481,2
original92,COIN,2025-02-14,20,5,stop,,1,false,-35.52915,15
original92,COIN,2025-02-14,20,10,stop,,4,false,-35.52915,15
original92,COIN,2025-02-14,40,5,stop,,1,false,-48.02231,35
original92,COIN,2025-02-14,40,10,stop,,4,false,-48.02231,35
original92,COIN,2025-02-14,60,5,stop,,1,false,-48.02231,35
original92,COIN,2025-02-14,60,10,stop,,4,false,-48.02231,35
original92,COIN,2024-10-31,20,5,target,1,,true,-1.60112,2
original92,COIN,2024-10-31,20,10,target,1,,true,-1.60112,2
original92,COIN,2024-10-31,40,5,target,1,,true,-1.60112,2
original92,COIN,2024-10-31,40,10,target,1,,true,-1.60112,2
original92,COIN,2024-10-31,60,5,target,1,,true,-1.60112,2
original92,COIN,2024-10-31,60,10,target,1,,true,-1.60112,2
original92,COIN,2024-08-05,20,5,stop,2,2,true,-11.29466,20
original92,COIN,2024-08-05,20,10,target,2,20,true,-11.29466,20
original92,COIN,2024-08-05,40,5,stop,2,2,true,-22.87961,23
original92,COIN,2024-08-05,40,10,target,2,20,true,-22.87961,23
original92,COIN,2024-08-05,60,5,stop,2,2,true,-22.87961,23
original92,COIN,2024-08-05,60,10,target,2,20,true,-22.87961,23
original92,CRM,2024-05-30,20,5,target,1,,true,-0.89445,1
original92,CRM,2024-05-30,20,10,target,1,,true,-0.89445,1
original92,CRM,2024-05-30,40,5,target,1,,true,-0.89445,1
original92,CRM,2024-05-30,40,10,target,1,,true,-0.89445,1
original92,CRM,2024-05-30,60,5,target,1,,true,-0.89445,1
original92,CRM,2024-05-30,60,10,target,1,,true,-0.89445,1
original92,CRWD,2025-03-05,20,5,stop,14,1,true,-16.87007,3
original92,CRWD,2025-03-05,20,10,stop,14,2,true,-16.87007,3
original92,CRWD,2025-03-05,40,5,stop,14,1,true,-18.45447,23
original92,CRWD,2025-03-05,40,10,stop,14,2,true,-18.45447,23
original92,CRWD,2025-03-05,60,5,stop,14,1,true,-18.45447,23
original92,CRWD,2025-03-05,60,10,stop,14,2,true,-18.45447,23
original92,CRWD,2024-11-29,20,5,target,3,,true,-2.71989,1
original92,CRWD,2024-11-29,20,10,target,3,,true,-2.71989,1
original92,CRWD,2024-11-29,40,5,target,3,,true,-3.01182,28
original92,CRWD,2024-11-29,40,10,target,3,,true,-3.01182,28
original92,CRWD,2024-11-29,60,5,target,3,,true,-3.01182,28
original92,CRWD,2024-11-29,60,10,target,3,,true,-3.01182,28
original92,CSCO,2026-02-12,20,5,target,4,,true,-2.10667,1
original92,CSCO,2026-02-12,20,10,target,4,,true,-2.10667,1
original92,CSCO,2026-02-12,40,5,target,4,,true,-2.10667,1
original92,CSCO,2026-02-12,40,10,target,4,,true,-2.10667,1
original92,CSCO,2026-02-12,60,5,target,4,,true,-2.10667,1
original92,CSCO,2026-02-12,60,10,target,4,,true,-2.10667,1
original92,CSCO,2025-08-15,20,5,target,9,,true,-0.67976,1
original92,CSCO,2025-08-15,20,10,target,9,,true,-0.67976,1
original92,CSCO,2025-08-15,40,5,target,9,,true,-0.67976,1
original92,CSCO,2025-08-15,40,10,target,9,,true,-0.67976,1
original92,CSCO,2025-08-15,60,5,target,9,,true,-0.67976,1
original92,CSCO,2025-08-15,60,10,target,9,,true,-0.67976,1
original92,CSCO,2023-11-16,20,5,none,,,false,-1.01998,2
original92,CSCO,2023-11-16,20,10,none,,,false,-1.01998,2
original92,CSCO,2023-11-16,40,5,target,22,,true,-1.01998,2
original92,CSCO,2023-11-16,40,10,target,22,,true,-1.01998,2
original92,CSCO,2023-11-16,60,5,target,22,,true,-1.01998,2
original92,CSCO,2023-11-16,60,10,target,22,,true,-1.01998,2
original92,DELL,2025-08-29,20,5,target,4,,true,-3.64306,1
original92,DELL,2025-08-29,20,10,target,4,,true,-3.64306,1
original92,DELL,2025-08-29,40,5,target,4,,true,-3.64306,1
original92,DELL,2025-08-29,40,10,target,4,,true,-3.64306,1
original92,DELL,2025-08-29,60,5,target,4,,true,-4.23634,59
original92,DELL,2025-08-29,60,10,target,4,,true,-4.23634,59
original92,DELL,2025-03-03,20,5,stop,12,4,true,-7.56582,4
original92,DELL,2025-03-03,20,10,target,12,,true,-7.56582,4
original92,DELL,2025-03-03,40,5,stop,12,4,true,-30.67706,25
original92,DELL,2025-03-03,40,10,target,12,23,true,-30.67706,25
original92,DELL,2025-03-03,60,5,stop,12,4,true,-30.67706,25
original92,DELL,2025-03-03,60,10,target,12,23,true,-30.67706,25
original92,DELL,2024-11-27,20,5,stop,,8,false,-11.42467,16
original92,DELL,2024-11-27,20,10,stop,,14,false,-11.42467,16
original92,DELL,2024-11-27,40,5,stop,,8,false,-19.24789,38
original92,DELL,2024-11-27,40,10,stop,,14,false,-19.24789,38
original92,DELL,2024-11-27,60,5,stop,,8,false,-20.59899,43
original92,DELL,2024-11-27,60,10,stop,,14,false,-20.59899,43
original92,DIS,2023-05-11,20,5,stop,,12,false,-5.74152,12
original92,DIS,2023-05-11,20,10,none,,,false,-5.74152,12
original92,DIS,2023-05-11,40,5,stop,,12,false,-5.74152,12
original92,DIS,2023-05-11,40,10,none,,,false,-5.74152,12
original92,DIS,2023-05-11,60,5,stop,,12,false,-7.74564,50
original92,DIS,2023-05-11,60,10,none,,,false,-7.74564,50
original92,FDX,2024-09-20,20,5,target,2,,true,0.33773,1
original92,FDX,2024-09-20,20,10,target,2,,true,0.33773,1
original92,FDX,2024-09-20,40,5,target,2,,true,0.33773,1
original92,FDX,2024-09-20,40,10,target,2,,true,0.33773,1
original92,FDX,2024-09-20,60,5,target,2,,true,0.33773,1
original92,FDX,2024-09-20,60,10,target,2,,true,0.33773,1
original92,GILD,2024-02-08,20,5,none,,,false,-3.29268,6
original92,GILD,2024-02-08,20,10,none,,,false,-3.29268,6
original92,GILD,2024-02-08,40,5,stop,,38,false,-6.17604,39
original92,GILD,2024-02-08,40,10,none,,,false,-6.17604,39
original92,GILD,2024-02-08,60,5,stop,,38,false,-11.93908,59
original92,GILD,2024-02-08,60,10,stop,,53,false,-11.93908,59
original92,GILD,2023-11-09,20,5,target,17,,true,-1.32035,5
original92,GILD,2023-11-09,20,10,target,17,,true,-1.32035,5
original92,GILD,2023-11-09,40,5,target,17,,true,-1.32035,5
original92,GILD,2023-11-09,40,10,target,17,,true,-1.32035,5
original92,GILD,2023-11-09,60,5,target,17,,true,-1.32035,5
original92,GILD,2023-11-09,60,10,target,17,,true,-1.32035,5
original92,GOOG,2025-02-05,20,5,stop,,5,false,-13.32644,18
original92,GOOG,2025-02-05,20,10,stop,,14,false,-13.32644,18
original92,GOOG,2025-02-05,40,5,stop,,5,false,-21.18294,40
original92,GOOG,2025-02-05,40,10,stop,,14,false,-21.18294,40
original92,GOOG,2025-02-05,60,5,stop,,5,false,-26.11354,42
original92,GOOG,2025-02-05,60,10,stop,,14,false,-26.11354,42
original92,GOOG,2024-07-24,20,5,stop,,8,false,-10.19097,8
original92,GOOG,2024-07-24,20,10,stop,,8,false,-10.19097,8
original92,GOOG,2024-07-24,40,5,stop,,8,false,-14.89643,32
original92,GOOG,2024-07-24,40,10,stop,,8,false,-14.89643,32
original92,GOOG,2024-07-24,60,5,stop,,8,false,-14.89643,32
original92,GOOG,2024-07-24,60,10,stop,,8,false,-14.89643,32
original92,GOOG,2024-01-31,20,5,target,7,,true,-3.63893,19
original92,GOOG,2024-01-31,20,10,target,7,,true,-3.63893,19
original92,GOOG,2024-01-31,40,5,target,7,22,true,-7.22849,23
original92,GOOG,2024-01-31,40,10,target,7,,true,-7.22849,23
original92,GOOG,2024-01-31,60,5,target,7,22,true,-7.22849,23
original92,GOOG,2024-01-31,60,10,target,7,,true,-7.22849,23
original92,HPE,2025-03-07,20,5,stop,11,1,true,-23.70897,20
original92,HPE,2025-03-07,20,10,target,11,19,true,-23.70897,20
original92,HPE,2025-03-07,40,5,stop,11,1,true,-23.70897,20
original92,HPE,2025-03-07,40,10,target,11,19,true,-23.70897,20
original92,HPE,2025-03-07,60,5,stop,11,1,true,-23.70897,20
original92,HPE,2025-03-07,60,10,target,11,19,true,-23.70897,20
original92,HPE,2024-09-05,20,5,stop,9,3,true,-10.60091,4
original92,HPE,2024-09-05,20,10,stop,9,4,true,-10.60091,4
original92,HPE,2024-09-05,40,5,stop,9,3,true,-10.60091,4
original92,HPE,2024-09-05,40,10,stop,9,4,true,-10.60091,4
original92,HPE,2024-09-05,60,5,stop,9,3,true,-10.60091,4
original92,HPE,2024-09-05,60,10,stop,9,4,true,-10.60091,4
original92,HPE,2023-05-31,20,5,target,2,,true,0.06935,1
original92,HPE,2023-05-31,20,10,target,2,,true,0.06935,1
original92,HPE,2023-05-31,40,5,target,2,,true,0.06935,1
original92,HPE,2023-05-31,40,10,target,2,,true,0.06935,1
original92,HPE,2023-05-31,60,5,target,2,,true,0.06935,1
original92,HPE,2023-05-31,60,10,target,2,,true,0.06935,1
original92,IBM,2026-04-23,20,5,stop,20,14,true,-7.43343,14
original92,IBM,2026-04-23,20,10,target,20,,true,-7.43343,14
original92,IBM,2026-04-23,40,5,stop,20,14,true,-7.43343,14
original92,IBM,2026-04-23,40,10,target,20,,true,-7.43343,14
original92,IBM,2026-04-23,60,5,stop,20,14,true,-10.87733,57
original92,IBM,2026-04-23,60,10,target,20,57,true,-10.87733,57
original92,ISRG,2023-07-24,20,5,stop,,8,false,-12.69007,20
original92,ISRG,2023-07-24,20,10,stop,,18,false,-12.69007,20
original92,ISRG,2023-07-24,40,5,stop,,8,false,-12.69007,20
original92,ISRG,2023-07-24,40,10,stop,,18,false,-12.69007,20
original92,ISRG,2023-07-24,60,5,stop,,8,false,-17.94412,58
original92,ISRG,2023-07-24,60,10,stop,,18,false,-17.94412,58
original92,ISRG,2023-01-25,20,5,target,6,,true,-4.86874,20
original92,ISRG,2023-01-25,20,10,target,6,,true,-4.86874,20
original92,ISRG,2023-01-25,40,5,target,6,21,true,-8.67514,32
original92,ISRG,2023-01-25,40,10,target,6,,true,-8.67514,32
original92,ISRG,2023-01-25,60,5,target,6,21,true,-8.67514,32
original92,ISRG,2023-01-25,60,10,target,6,,true,-8.67514,32
original92,KLAC,2026-01-30,20,5,stop,8,2,true,-10.00742,3
original92,KLAC,2026-01-30,20,10,stop,8,3,true,-10.00742,3
original92,KLAC,2026-01-30,40,5,stop,8,2,true,-10.00742,3
original92,KLAC,2026-01-30,40,10,stop,8,3,true,-10.00742,3
original92,KLAC,2026-01-30,60,5,stop,8,2,true,-10.00742,3
original92,KLAC,2026-01-30,60,10,stop,8,3,true,-10.00742,3
original92,NFLX,2025-10-22,20,5,none,,,false,-3.85176,10
original92,NFLX,2025-10-22,20,10,none,,,false,-3.85176,10
original92,NFLX,2025-10-22,40,5,stop,,21,false,-17.27653,34
original92,NFLX,2025-10-22,40,10,stop,,31,false,-17.27653,34
original92,NFLX,2025-10-22,60,5,stop,,21,false,-22.05093,60
original92,NFLX,2025-10-22,60,10,stop,,31,false,-22.05093,60
original92,NFLX,2025-07-18,20,5,stop,,12,false,-5.33641,12
original92,NFLX,2025-07-18,20,10,none,,,false,-5.33641,12
original92,NFLX,2025-07-18,40,5,stop,,12,false,-5.33641,12
original92,NFLX,2025-07-18,40,10,none,,,false,-5.33641,12
original92,NFLX,2025-07-18,60,5,stop,,12,false,-6.22209,53
original92,NFLX,2025-07-18,60,10,none,,,false,-6.22209,53
original92,NFLX,2023-07-20,20,5,stop,,5,false,-8.19309,20
original92,NFLX,2023-07-20,20,10,none,,,false,-8.19309,20
original92,NFLX,2023-07-20,40,5,stop,,5,false,-9.69091,40
original92,NFLX,2023-07-20,40,10,none,,,false,-9.69091,40
original92,NFLX,2023-07-20,60,5,stop,,5,false,-19.51671,60
original92,NFLX,2023-07-20,60,10,stop,,41,false,-19.51671,60
original92,NOW,2026-01-29,20,5,stop,,3,false,-16.04558,7
original92,NOW,2026-01-29,20,10,stop,,5,false,-16.04558,7
original92,NOW,2026-01-29,40,5,stop,25,3,true,-16.04558,7
original92,NOW,2026-01-29,40,10,stop,25,5,true,-16.04558,7
original92,NOW,2026-01-29,60,5,stop,25,3,true,-30.40350,49
original92,NOW,2026-01-29,60,10,stop,25,5,true,-30.40350,49
original92,NOW,2025-01-30,20,5,stop,,14,false,-11.30980,17
original92,NOW,2025-01-30,20,10,stop,,17,false,-11.30980,17
original92,NOW,2025-01-30,40,5,stop,,14,false,-23.18835,26
original92,NOW,2025-01-30,40,10,stop,,17,false,-23.18835,26
original92,NOW,2025-01-30,60,5,stop,,14,false,-32.98852,46
original92,NOW,2025-01-30,60,10,stop,,17,false,-32.98852,46
original92,PANW,2026-06-03,20,5,stop,12,3,true,-10.44111,4
original92,PANW,2026-06-03,20,10,stop,12,4,true,-10.44111,4
original92,PANW,2026-06-03,40,5,stop,12,3,true,-10.44111,4
original92,PANW,2026-06-03,40,10,stop,12,4,true,-10.44111,4
original92,PANW,2026-06-03,60,5,stop,12,3,true,-10.44111,4
original92,PANW,2026-06-03,60,10,stop,12,4,true,-10.44111,4
original92,PANW,2026-02-18,20,5,stop,10,3,true,-8.38819,4
original92,PANW,2026-02-18,20,10,target,10,,true,-8.38819,4
original92,PANW,2026-02-18,40,5,stop,10,3,true,-8.38819,4
original92,PANW,2026-02-18,40,10,target,10,,true,-8.38819,4
original92,PANW,2026-02-18,60,5,stop,10,3,true,-8.38819,4
original92,PANW,2026-02-18,60,10,target,10,,true,-8.38819,4
original92,PANW,2025-11-20,20,5,target,9,,true,-2.71249,1
original92,PANW,2025-11-20,20,10,target,9,,true,-2.71249,1
original92,PANW,2025-11-20,40,5,target,9,,true,-4.23623,28
original92,PANW,2025-11-20,40,10,target,9,,true,-4.23623,28
original92,PANW,2025-11-20,60,5,target,9,46,true,-20.48954,59
original92,PANW,2025-11-20,60,10,target,9,49,true,-20.48954,59
original92,PANW,2025-05-21,20,5,target,6,,true,0.66203,1
original92,PANW,2025-05-21,20,10,target,6,,true,0.66203,1
original92,PANW,2025-05-21,40,5,target,6,,true,0.66203,1
original92,PANW,2025-05-21,40,10,target,6,,true,0.66203,1
original92,PANW,2025-05-21,60,5,target,6,49,true,-8.85468,53
original92,PANW,2025-05-21,60,10,target,6,,true,-8.85468,53
original92,PANW,2024-02-21,20,5,target,1,,true,1.15662,1
original92,PANW,2024-02-21,20,10,target,1,,true,1.15662,1
original92,PANW,2024-02-21,40,5,target,1,,true,1.15662,1
original92,PANW,2024-02-21,40,10,target,1,,true,1.15662,1
original92,PANW,2024-02-21,60,5,target,1,,true,1.15662,1
original92,PANW,2024-02-21,60,10,target,1,,true,1.15662,1
original92,PANW,2023-11-16,20,5,target,2,,true,0.28064,1
original92,PANW,2023-11-16,20,10,target,2,,true,0.28064,1
original92,PANW,2023-11-16,40,5,target,2,,true,0.28064,1
original92,PANW,2023-11-16,40,10,target,2,,true,0.28064,1
original92,PANW,2023-11-16,60,5,target,2,,true,0.28064,1
original92,PANW,2023-11-16,60,10,target,2,,true,0.28064,1
original92,PYPL,2024-02-08,20,5,target,1,,true,0.05363,1
original92,PYPL,2024-02-08,20,10,target,1,,true,0.05363,1
original92,PYPL,2024-02-08,40,5,target,1,,true,0.05363,1
original92,PYPL,2024-02-08,40,10,target,1,,true,0.05363,1
original92,PYPL,2024-02-08,60,5,target,1,,true,0.05363,1
original92,PYPL,2024-02-08,60,10,target,1,,true,0.05363,1
original92,PYPL,2023-08-03,20,5,stop,,8,false,-10.73543,11
original92,PYPL,2023-08-03,20,10,stop,,11,false,-10.73543,11
original92,PYPL,2023-08-03,40,5,stop,,8,false,-11.91960,38
original92,PYPL,2023-08-03,40,10,stop,,11,false,-11.91960,38
original92,PYPL,2023-08-03,60,5,stop,,8,false,-21.70458,60
original92,PYPL,2023-08-03,60,10,stop,,11,false,-21.70458,60
original92,PYPL,2023-05-09,20,5,stop,,3,false,-10.55307,13
original92,PYPL,2023-05-09,20,10,stop,,13,false,-10.55307,13
original92,PYPL,2023-05-09,40,5,stop,,3,false,-10.55307,13
original92,PYPL,2023-05-09,40,10,stop,,13,false,-10.55307,13
original92,PYPL,2023-05-09,60,5,stop,41,3,true,-10.55307,13
original92,PYPL,2023-05-09,60,10,stop,41,13,true,-10.55307,13
original92,QCOM,2026-02-05,20,5,target,7,,true,-1.48451,20
original92,QCOM,2026-02-05,20,10,target,7,,true,-1.48451,20
original92,QCOM,2026-02-05,40,5,target,7,31,true,-8.65424,40
original92,QCOM,2026-02-05,40,10,target,7,,true,-8.65424,40
original92,QCOM,2026-02-05,60,5,target,7,31,true,-9.92426,41
original92,QCOM,2026-02-05,60,10,target,7,,true,-9.92426,41
original92,QCOM,2025-07-31,20,5,target,9,,true,-1.80567,4
original92,QCOM,2025-07-31,20,10,target,9,,true,-1.80567,4
original92,QCOM,2025-07-31,40,5,target,9,,true,-1.80567,4
original92,QCOM,2025-07-31,40,10,target,9,,true,-1.80567,4
original92,QCOM,2025-07-31,60,5,target,9,,true,-1.80567,4
original92,QCOM,2025-07-31,60,10,target,9,,true,-1.80567,4
original92,QCOM,2024-08-01,20,5,stop,10,2,true,-7.68896,2
original92,QCOM,2024-08-01,20,10,target,10,,true,-7.68896,2
original92,QCOM,2024-08-01,40,5,stop,10,2,true,-7.68896,2
original92,QCOM,2024-08-01,40,10,target,10,,true,-7.68896,2
original92,QCOM,2024-08-01,60,5,stop,10,2,true,-7.68896,2
original92,QCOM,2024-08-01,60,10,target,10,,true,-7.68896,2
original92,SBUX,2024-05-01,20,5,target,12,,true,-3.54648,4
original92,SBUX,2024-05-01,20,10,target,12,,true,-3.54648,4
original92,SBUX,2024-05-01,40,5,target,12,,true,-3.54648,4
original92,SBUX,2024-05-01,40,10,target,12,,true,-3.54648,4
original92,SBUX,2024-05-01,60,5,target,12,,true,-3.54648,4
original92,SBUX,2024-05-01,60,10,target,12,,true,-3.54648,4
original92,SBUX,2023-05-03,20,5,stop,,16,false,-6.69430,20
original92,SBUX,2023-05-03,20,10,none,,,false,-6.69430,20
original92,SBUX,2023-05-03,40,5,stop,,16,false,-6.69430,20
original92,SBUX,2023-05-03,40,10,none,,,false,-6.69430,20
original92,SBUX,2023-05-03,60,5,stop,,16,false,-7.63200,44
original92,SBUX,2023-05-03,60,10,none,,,false,-7.63200,44
original92,TXN,2025-10-22,20,5,stop,,5,false,-9.25519,18
original92,TXN,2025-10-22,20,10,none,,,false,-9.25519,18
original92,TXN,2025-10-22,40,5,stop,28,5,true,-9.73392,21
original92,TXN,2025-10-22,40,10,target,28,,true,-9.73392,21
original92,TXN,2025-10-22,60,5,stop,28,5,true,-9.73392,21
original92,TXN,2025-10-22,60,10,target,28,,true,-9.73392,21
original92,TXN,2025-07-23,20,5,target,16,,true,-3.78202,7
original92,TXN,2025-07-23,20,10,target,16,,true,-3.78202,7
original92,TXN,2025-07-23,40,5,target,16,37,true,-5.89652,37
original92,TXN,2025-07-23,40,10,target,16,,true,-5.89652,37
original92,TXN,2025-07-23,60,5,target,16,37,true,-7.45401,59
original92,TXN,2025-07-23,60,10,target,16,,true,-7.45401,59
original92,CVS,2025-10-30,20,5,target,9,,true,-0.96492,15
original92,CVS,2025-10-30,20,10,target,9,,true,-0.96492,15
original92,CVS,2025-10-30,40,5,target,9,,true,-3.32507,24
original92,CVS,2025-10-30,40,10,target,9,,true,-3.32507,24
original92,CVS,2025-10-30,60,5,target,9,59,true,-7.06531,59
original92,CVS,2025-10-30,60,10,target,9,,true,-7.06531,59
original92,CVS,2024-05-01,20,5,target,16,19,true,-6.28574,19
original92,CVS,2024-05-01,20,10,target,16,,true,-6.28574,19
original92,CVS,2024-05-01,40,5,target,16,19,true,-6.28574,19
original92,CVS,2024-05-01,40,10,target,16,,true,-6.28574,19
original92,CVS,2024-05-01,60,5,target,16,19,true,-6.28574,19
original92,CVS,2024-05-01,60,10,target,16,,true,-6.28574,19
original92,CVS,2023-05-04,20,5,none,,,false,-3.56157,18
original92,CVS,2023-05-04,20,10,none,,,false,-3.56157,18
original92,CVS,2023-05-04,40,5,target,27,,true,-3.56157,18
original92,CVS,2023-05-04,40,10,target,27,,true,-3.56157,18
original92,CVS,2023-05-04,60,5,target,27,,true,-3.56157,18
original92,CVS,2023-05-04,60,10,target,27,,true,-3.56157,18
original92,DIS,2025-11-13,20,5,stop,20,7,true,-5.31549,7
original92,DIS,2025-11-13,20,10,target,20,,true,-5.31549,7
original92,DIS,2025-11-13,40,5,stop,20,7,true,-5.31549,7
original92,DIS,2025-11-13,40,10,target,20,,true,-5.31549,7
original92,DIS,2025-11-13,60,5,stop,20,7,true,-5.31549,7
original92,DIS,2025-11-13,60,10,target,20,,true,-5.31549,7
original92,DIS,2024-05-07,20,5,none,,,false,-4.85815,12
original92,DIS,2024-05-07,20,10,none,,,false,-4.85815,12
original92,DIS,2024-05-07,40,5,stop,,26,false,-8.00835,38
original92,DIS,2024-05-07,40,10,none,,,false,-8.00835,38
original92,DIS,2024-05-07,60,5,stop,,26,false,-15.16216,60
original92,DIS,2024-05-07,60,10,stop,,51,false,-15.16216,60
original92,DOW,2025-01-30,20,5,none,,,false,-4.90272,2
original92,DOW,2025-01-30,20,10,none,,,false,-4.90272,2
original92,DOW,2025-01-30,40,5,stop,,22,false,-9.83627,40
original92,DOW,2025-01-30,40,10,none,,,false,-9.83627,40
original92,DOW,2025-01-30,60,5,stop,,22,false,-33.78746,48
original92,DOW,2025-01-30,60,10,stop,,41,false,-33.78746,48
original92,GE,2026-04-21,20,5,stop,11,1,true,-6.21491,1
original92,GE,2026-04-21,20,10,target,11,,true,-6.21491,1
original92,GE,2026-04-21,40,5,stop,11,1,true,-6.21491,1
original92,GE,2026-04-21,40,10,target,11,,true,-6.21491,1
original92,GE,2026-04-21,60,5,stop,11,1,true,-6.21491,1
original92,GE,2026-04-21,60,10,target,11,,true,-6.21491,1
original92,GE,2026-01-22,20,5,target,8,,true,-1.67119,1
original92,GE,2026-01-22,20,10,target,8,,true,-1.67119,1
original92,GE,2026-01-22,40,5,target,8,,true,-4.16908,40
original92,GE,2026-01-22,40,10,target,8,,true,-4.16908,40
original92,GE,2026-01-22,60,5,target,8,46,true,-8.07306,46
original92,GE,2026-01-22,60,10,target,8,,true,-8.07306,46
original92,GE,2024-10-22,20,5,target,13,,true,-3.52655,7
original92,GE,2024-10-22,20,10,target,13,,true,-3.52655,7
original92,GE,2024-10-22,40,5,target,13,36,true,-9.65697,40
original92,GE,2024-10-22,40,10,target,13,,true,-9.65697,40
original92,GE,2024-10-22,60,5,target,13,36,true,-9.65697,40
original92,GE,2024-10-22,60,10,target,13,,true,-9.65697,40
original92,HON,2025-02-06,20,5,none,,,false,-3.94624,6
original92,HON,2025-02-06,20,10,none,,,false,-3.94624,6
original92,HON,2025-02-06,40,5,stop,,40,false,-8.62136,40
original92,HON,2025-02-06,40,10,none,,,false,-8.62136,40
original92,HON,2025-02-06,60,5,stop,,40,false,-14.05971,43
original92,HON,2025-02-06,60,10,stop,,41,false,-14.05971,43
original92,HON,2024-10-24,20,5,target,11,,true,-2.90292,3
original92,HON,2024-10-24,20,10,target,11,,true,-2.90292,3
original92,HON,2024-10-24,40,5,target,11,,true,-2.90292,3
original92,HON,2024-10-24,40,10,target,11,,true,-2.90292,3
original92,HON,2024-10-24,60,5,target,11,,true,-2.90292,3
original92,HON,2024-10-24,60,10,target,11,,true,-2.90292,3
original92,HON,2024-07-25,20,5,none,,,false,-3.39837,14
original92,HON,2024-07-25,20,10,none,,,false,-3.39837,14
original92,HON,2024-07-25,40,5,none,,,false,-3.39837,14
original92,HON,2024-07-25,40,10,none,,,false,-3.39837,14
original92,HON,2024-07-25,60,5,target,53,,true,-3.39837,14
original92,HON,2024-07-25,60,10,target,53,,true,-3.39837,14
original92,HON,2023-07-27,20,5,stop,,8,false,-5.25797,16
original92,HON,2023-07-27,20,10,none,,,false,-5.25797,16
original92,HON,2023-07-27,40,5,stop,,8,false,-6.19992,29
original92,HON,2023-07-27,40,10,none,,,false,-6.19992,29
original92,HON,2023-07-27,60,5,stop,,8,false,-8.29881,49
original92,HON,2023-07-27,60,10,none,,,false,-8.29881,49
original92,JCI,2025-07-29,20,5,target,20,,true,-1.11391,1
original92,JCI,2025-07-29,20,10,target,20,,true,-1.11391,1
original92,JCI,2025-07-29,40,5,target,20,,true,-1.11391,1
original92,JCI,2025-07-29,40,10,target,20,,true,-1.11391,1
original92,JCI,2025-07-29,60,5,target,20,,true,-1.11391,1
original92,JCI,2025-07-29,60,10,target,20,,true,-1.11391,1
original92,JCI,2023-12-12,20,5,target,6,,true,-2.80128,1
original92,JCI,2023-12-12,20,10,target,6,,true,-2.80128,1
original92,JCI,2023-12-12,40,5,target,6,,true,-2.80128,1
original92,JCI,2023-12-12,40,10,target,6,,true,-2.80128,1
original92,JCI,2023-12-12,60,5,target,6,,true,-2.80128,1
original92,JCI,2023-12-12,60,10,target,6,,true,-2.80128,1
original92,JCI,2023-08-02,20,5,stop,,6,false,-8.95358,17
original92,JCI,2023-08-02,20,10,none,,,false,-8.95358,17
original92,JCI,2023-08-02,40,5,stop,,6,false,-18.47816,40
original92,JCI,2023-08-02,40,10,stop,,25,false,-18.47816,40
original92,JCI,2023-08-02,60,5,stop,,6,false,-24.11783,59
original92,JCI,2023-08-02,60,10,stop,,25,false,-24.11783,59
original92,JCI,2023-02-02,20,5,none,,,false,-3.85628,13
original92,JCI,2023-02-02,20,10,none,,,false,-3.85628,13
original92,JCI,2023-02-02,40,5,stop,,25,false,-11.37287,30
original92,JCI,2023-02-02,40,10,stop,,28,false,-11.37287,30
original92,JCI,2023-02-02,60,5,stop,,25,false,-14.45800,44
original92,JCI,2023-02-02,60,10,stop,,28,false,-14.45800,44
original92,LOW,2026-02-25,20,5,stop,,7,false,-14.77834,17
original92,LOW,2026-02-25,20,10,stop,,15,false,-14.77834,17
original92,LOW,2026-02-25,40,5,stop,,7,false,-14.77834,17
original92,LOW,2026-02-25,40,10,stop,,15,false,-14.77834,17
original92,LOW,2026-02-25,60,5,stop,,7,false,-20.53895,59
original92,LOW,2026-02-25,60,10,stop,,15,false,-20.53895,59
original92,LOW,2023-03-01,20,5,target,6,,true,-3.53559,17
original92,LOW,2023-03-01,20,10,target,6,,true,-3.53559,17
original92,LOW,2023-03-01,40,5,target,6,,true,-3.53559,17
original92,LOW,2023-03-01,40,10,target,6,,true,-3.53559,17
original92,LOW,2023-03-01,60,5,target,6,,true,-3.53559,17
original92,LOW,2023-03-01,60,10,target,6,,true,-3.53559,17
original92,PYPL,2026-05-05,20,5,stop,,10,false,-8.98042,20
original92,PYPL,2026-05-05,20,10,none,,,false,-8.98042,20
original92,PYPL,2026-05-05,40,5,stop,,10,false,-13.24475,26
original92,PYPL,2026-05-05,40,10,stop,,22,false,-13.24475,26
original92,PYPL,2026-05-05,60,5,stop,48,10,true,-13.24475,26
original92,PYPL,2026-05-05,60,10,stop,48,22,true,-13.24475,26
original92,PYPL,2026-02-03,20,5,stop,13,2,true,-7.76978,7
original92,PYPL,2026-02-03,20,10,target,13,,true,-7.76978,7
original92,PYPL,2026-02-03,40,5,stop,13,2,true,-7.76978,7
original92,PYPL,2026-02-03,40,10,target,13,,true,-7.76978,7
original92,PYPL,2026-02-03,60,5,stop,13,2,true,-7.76978,7
original92,PYPL,2026-02-03,60,10,target,13,,true,-7.76978,7
original92,PYPL,2025-07-29,20,5,stop,,3,false,-6.82995,3
original92,PYPL,2025-07-29,20,10,none,,,false,-6.82995,3
original92,PYPL,2025-07-29,40,5,stop,,3,false,-8.69839,30
original92,PYPL,2025-07-29,40,10,none,,,false,-8.69839,30
original92,PYPL,2025-07-29,60,5,stop,49,3,true,-8.69839,30
original92,PYPL,2025-07-29,60,10,target,49,,true,-8.69839,30
original92,PYPL,2025-02-04,20,5,stop,,14,false,-14.64780,19
original92,PYPL,2025-02-04,20,10,stop,,17,false,-14.64780,19
original92,PYPL,2025-02-04,40,5,stop,,14,false,-18.43036,38
original92,PYPL,2025-02-04,40,10,stop,,17,false,-18.43036,38
original92,PYPL,2025-02-04,60,5,stop,,14,false,-28.14410,43
original92,PYPL,2025-02-04,60,10,stop,,17,false,-28.14410,43
original92,PYPL,2024-10-30,20,5,target,6,,true,-2.25007,2
original92,PYPL,2024-10-30,20,10,target,6,,true,-2.25007,2
original92,PYPL,2024-10-30,40,5,target,6,,true,-2.25007,2
original92,PYPL,2024-10-30,40,10,target,6,,true,-2.25007,2
original92,PYPL,2024-10-30,60,5,target,6,,true,-2.25007,2
original92,PYPL,2024-10-30,60,10,target,6,,true,-2.25007,2
original92,TGT,2024-11-20,20,5,target,3,,true,-0.92836,1
original92,TGT,2024-11-20,20,10,target,3,,true,-0.92836,1
original92,TGT,2024-11-20,40,5,target,3,,true,-0.92836,1
original92,TGT,2024-11-20,40,10,target,3,,true,-0.92836,1
original92,TGT,2024-11-20,60,5,target,3,,true,-0.92836,1
original92,TGT,2024-11-20,60,10,target,3,,true,-0.92836,1
original92,TGT,2024-05-22,20,5,target,6,,true,-2.71515,16
original92,TGT,2024-05-22,20,10,target,6,,true,-2.71515,16
original92,TGT,2024-05-22,40,5,target,6,,true,-2.71515,16
original92,TGT,2024-05-22,40,10,target,6,,true,-2.71515,16
original92,TGT,2024-05-22,60,5,target,6,50,true,-7.57311,50
original92,TGT,2024-05-22,60,10,target,6,,true,-7.57311,50
original92,UPS,2025-01-30,20,5,target,20,,true,-4.78677,2
original92,UPS,2025-01-30,20,10,target,20,,true,-4.78677,2
original92,UPS,2025-01-30,40,5,target,20,,true,-4.78677,2
original92,UPS,2025-01-30,40,10,target,20,,true,-4.78677,2
original92,UPS,2025-01-30,60,5,target,20,44,true,-20.06436,48
original92,UPS,2025-01-30,60,10,target,20,44,true,-20.06436,48
independent72,ADP,2023-01-26,20,5,none,,,false,-3.07856,2
independent72,ADP,2023-01-26,20,10,none,,,false,-3.07856,2
independent72,ADP,2023-01-26,40,5,stop,,31,false,-6.29929,33
independent72,ADP,2023-01-26,40,10,none,,,false,-6.29929,33
independent72,ADP,2023-01-26,60,5,stop,,31,false,-6.29929,33
independent72,ADP,2023-01-26,60,10,none,,,false,-6.29929,33
independent72,ADP,2023-10-25,20,5,stop,14,5,true,-5.86269,5
independent72,ADP,2023-10-25,20,10,target,14,,true,-5.86269,5
independent72,ADP,2023-10-25,40,5,stop,14,5,true,-5.86269,5
independent72,ADP,2023-10-25,40,10,target,14,,true,-5.86269,5
independent72,ADP,2023-10-25,60,5,stop,14,5,true,-5.86269,5
independent72,ADP,2023-10-25,60,10,target,14,,true,-5.86269,5
independent72,ADP,2025-10-29,20,5,stop,,14,false,-5.37344,15
independent72,ADP,2025-10-29,20,10,none,,,false,-5.37344,15
independent72,ADP,2025-10-29,40,5,stop,,14,false,-5.37344,15
independent72,ADP,2025-10-29,40,10,none,,,false,-5.37344,15
independent72,ADP,2025-10-29,60,5,stop,,14,false,-5.37344,15
independent72,ADP,2025-10-29,60,10,none,,,false,-5.37344,15
independent72,AMAT,2024-11-15,20,5,target,4,,true,-1.20198,1
independent72,AMAT,2024-11-15,20,10,target,4,,true,-1.20198,1
independent72,AMAT,2024-11-15,40,5,target,4,24,true,-5.65382,24
independent72,AMAT,2024-11-15,40,10,target,4,,true,-5.65382,24
independent72,AMAT,2024-11-15,60,5,target,4,24,true,-5.65382,24
independent72,AMAT,2024-11-15,60,10,target,4,,true,-5.65382,24
independent72,AMAT,2025-02-14,20,5,target,3,8,true,-13.88603,16
independent72,AMAT,2025-02-14,20,10,target,3,10,true,-13.88603,16
independent72,AMAT,2025-02-14,40,5,target,3,8,true,-26.70124,35
independent72,AMAT,2025-02-14,40,10,target,3,10,true,-26.70124,35
independent72,AMAT,2025-02-14,60,5,target,3,8,true,-26.70124,35
independent72,AMAT,2025-02-14,60,10,target,3,10,true,-26.70124,35
independent72,AMAT,2025-05-16,20,5,stop,16,5,true,-7.04451,9
independent72,AMAT,2025-05-16,20,10,target,16,,true,-7.04451,9
independent72,AMAT,2025-05-16,40,5,stop,16,5,true,-7.04451,9
independent72,AMAT,2025-05-16,40,10,target,16,,true,-7.04451,9
independent72,AMAT,2025-05-16,60,5,stop,16,5,true,-7.04451,9
independent72,AMAT,2025-05-16,60,10,target,16,,true,-7.04451,9
independent72,AMAT,2025-08-15,20,5,target,18,,true,-4.23313,12
independent72,AMAT,2025-08-15,20,10,target,18,,true,-4.23313,12
independent72,AMAT,2025-08-15,40,5,target,18,,true,-4.23313,12
independent72,AMAT,2025-08-15,40,10,target,18,,true,-4.23313,12
independent72,AMAT,2025-08-15,60,5,target,18,,true,-4.23313,12
independent72,AMAT,2025-08-15,60,10,target,18,,true,-4.23313,12
independent72,CMCSA,2023-10-26,20,5,target,3,,true,-3.15453,1
independent72,CMCSA,2023-10-26,20,10,target,3,,true,-3.15453,1
independent72,CMCSA,2023-10-26,40,5,target,3,,true,-3.15453,1
independent72,CMCSA,2023-10-26,40,10,target,3,,true,-3.15453,1
independent72,CMCSA,2023-10-26,60,5,target,3,,true,-3.15453,1
independent72,CMCSA,2023-10-26,60,10,target,3,,true,-3.15453,1
independent72,CMCSA,2024-04-25,20,5,target,9,,true,-3.80248,1
independent72,CMCSA,2024-04-25,20,10,target,9,,true,-3.80248,1
independent72,CMCSA,2024-04-25,40,5,target,9,,true,-3.80248,1
independent72,CMCSA,2024-04-25,40,10,target,9,,true,-3.80248,1
independent72,CMCSA,2024-04-25,60,5,target,9,,true,-3.80248,1
independent72,CMCSA,2024-04-25,60,10,target,9,,true,-3.80248,1
independent72,CMCSA,2025-01-30,20,5,target,8,,true,-1.92481,3
independent72,CMCSA,2025-01-30,20,10,target,8,,true,-1.92481,3
independent72,CMCSA,2025-01-30,40,5,target,8,,true,-1.92481,3
independent72,CMCSA,2025-01-30,40,10,target,8,,true,-1.92481,3
independent72,CMCSA,2025-01-30,60,5,target,8,,true,-4.58613,58
independent72,CMCSA,2025-01-30,60,10,target,8,,true,-4.58613,58
independent72,CMCSA,2026-04-24,20,5,stop,,9,false,-10.99419,13
independent72,CMCSA,2026-04-24,20,10,stop,,12,false,-10.99419,13
independent72,CMCSA,2026-04-24,40,5,stop,,9,false,-19.72061,39
independent72,CMCSA,2026-04-24,40,10,stop,,12,false,-19.72061,39
independent72,CMCSA,2026-04-24,60,5,stop,,9,false,-19.72061,39
independent72,CMCSA,2026-04-24,60,10,stop,,12,false,-19.72061,39
independent72,COP,2023-02-02,20,5,stop,,11,false,-7.08140,13
independent72,COP,2023-02-02,20,10,none,,,false,-7.08140,13
independent72,COP,2023-02-02,40,5,stop,,11,false,-17.39324,29
independent72,COP,2023-02-02,40,10,stop,,26,false,-17.39324,29
independent72,COP,2023-02-02,60,5,stop,,11,false,-17.39324,29
independent72,COP,2023-02-02,60,10,stop,,26,false,-17.39324,29
independent72,CPRT,2024-09-05,20,5,target,10,,true,-2.94890,4
independent72,CPRT,2024-09-05,20,10,target,10,,true,-2.94890,4
independent72,CPRT,2024-09-05,40,5,target,10,,true,-2.94890,4
independent72,CPRT,2024-09-05,40,10,target,10,,true,-2.94890,4
independent72,CPRT,2024-09-05,60,5,target,10,,true,-2.94890,4
independent72,CPRT,2024-09-05,60,10,target,10,,true,-2.94890,4
independent72,CPRT,2025-05-23,20,5,stop,,4,false,-11.81293,19
independent72,CPRT,2025-05-23,20,10,stop,,15,false,-11.81293,19
independent72,CPRT,2025-05-23,40,5,stop,,4,false,-15.18539,34
independent72,CPRT,2025-05-23,40,10,stop,,15,false,-15.18539,34
independent72,CPRT,2025-05-23,60,5,stop,,4,false,-16.06111,47
independent72,CPRT,2025-05-23,60,10,stop,,15,false,-16.06111,47
independent72,CPRT,2025-11-24,20,5,none,,,false,-1.87612,9
independent72,CPRT,2025-11-24,20,10,none,,,false,-1.87612,9
independent72,CPRT,2025-11-24,40,5,target,35,,true,-3.85505,27
independent72,CPRT,2025-11-24,40,10,target,35,,true,-3.85505,27
independent72,CPRT,2025-11-24,60,5,target,35,54,true,-13.10717,59
independent72,CPRT,2025-11-24,60,10,target,35,59,true,-13.10717,59
independent72,CPRT,2026-02-23,20,5,target,3,14,true,-8.93665,18
independent72,CPRT,2026-02-23,20,10,target,3,,true,-8.93665,18
independent72,CPRT,2026-02-23,40,5,target,3,14,true,-8.93665,18
independent72,CPRT,2026-02-23,40,10,target,3,,true,-8.93665,18
independent72,CPRT,2026-02-23,60,5,target,3,14,true,-8.93665,18
independent72,CPRT,2026-02-23,60,10,target,3,,true,-8.93665,18
independent72,DAL,2024-07-12,20,5,target,2,14,true,-14.21369,18
independent72,DAL,2024-07-12,20,10,target,2,16,true,-14.21369,18
independent72,DAL,2024-07-12,40,5,target,2,14,true,-14.21369,18
independent72,DAL,2024-07-12,40,10,target,2,16,true,-14.21369,18
independent72,DAL,2024-07-12,60,5,target,2,14,true,-14.21369,18
independent72,DAL,2024-07-12,60,10,target,2,16,true,-14.21369,18
independent72,DG,2023-08-31,20,5,stop,,1,false,-25.43682,19
independent72,DG,2023-08-31,20,10,stop,,4,false,-25.43682,19
independent72,DG,2023-08-31,40,5,stop,,1,false,-26.60376,29
independent72,DG,2023-08-31,40,10,stop,,4,false,-26.60376,29
independent72,DG,2023-08-31,60,5,stop,,1,false,-26.60376,29
independent72,DG,2023-08-31,60,10,stop,,4,false,-26.60376,29
independent72,DG,2023-12-08,20,5,target,11,,true,-3.71011,3
independent72,DG,2023-12-08,20,10,target,11,,true,-3.71011,3
independent72,DG,2023-12-08,40,5,target,11,,true,-3.71011,3
independent72,DG,2023-12-08,40,10,target,11,,true,-3.71011,3
independent72,DG,2023-12-08,60,5,target,11,,true,-3.71011,3
independent72,DG,2023-12-08,60,10,target,11,,true,-3.71011,3
independent72,DG,2024-03-14,20,5,target,5,,true,-1.36791,20
independent72,DG,2024-03-14,20,10,target,5,,true,-1.36791,20
independent72,DG,2024-03-14,40,5,target,5,28,true,-9.91611,36
independent72,DG,2024-03-14,40,10,target,5,,true,-9.91611,36
independent72,DG,2024-03-14,60,5,target,5,28,true,-15.72862,59
independent72,DG,2024-03-14,60,10,target,5,53,true,-15.72862,59
independent72,DG,2026-03-12,20,5,stop,,4,false,-15.17470,15
independent72,DG,2026-03-12,20,10,stop,,8,false,-15.17470,15
independent72,DG,2026-03-12,40,5,stop,,4,false,-16.66443,33
independent72,DG,2026-03-12,40,10,stop,,8,false,-16.66443,33
independent72,DG,2026-03-12,60,5,stop,,4,false,-26.41253,49
independent72,DG,2026-03-12,60,10,stop,,8,false,-26.41253,49
independent72,DLTR,2023-05-25,20,5,stop,17,4,true,-5.71491,7
independent72,DLTR,2023-05-25,20,10,target,17,,true,-5.71491,7
independent72,DLTR,2023-05-25,40,5,stop,17,4,true,-5.71491,7
independent72,DLTR,2023-05-25,40,10,target,17,,true,-5.71491,7
independent72,DLTR,2023-05-25,60,5,stop,17,4,true,-5.71491,7
independent72,DLTR,2023-05-25,60,10,target,17,,true,-5.71491,7
independent72,DLTR,2023-08-24,20,5,stop,,7,false,-15.97159,20
independent72,DLTR,2023-08-24,20,10,stop,,16,false,-15.97159,20
independent72,DLTR,2023-08-24,40,5,stop,,7,false,-17.04068,27
independent72,DLTR,2023-08-24,40,10,stop,,16,false,-17.04068,27
independent72,DLTR,2023-08-24,60,5,stop,,7,false,-17.04068,27
independent72,DLTR,2023-08-24,60,10,stop,,16,false,-17.04068,27
independent72,DLTR,2024-03-13,20,5,target,12,,true,-3.43404,1
independent72,DLTR,2024-03-13,20,10,target,12,,true,-3.43404,1
independent72,DLTR,2024-03-13,40,5,target,12,26,true,-9.23922,32
independent72,DLTR,2024-03-13,40,10,target,12,,true,-9.23922,32
independent72,DLTR,2024-03-13,60,5,target,12,26,true,-13.78290,60
independent72,DLTR,2024-03-13,60,10,target,12,47,true,-13.78290,60
independent72,EOG,2026-05-07,20,5,target,6,,true,-1.29116,1
independent72,EOG,2026-05-07,20,10,target,6,,true,-1.29116,1
independent72,EOG,2026-05-07,40,5,target,6,,true,-2.74276,37
independent72,EOG,2026-05-07,40,10,target,6,,true,-2.74276,37
independent72,EOG,2026-05-07,60,5,target,6,,true,-2.74276,37
independent72,EOG,2026-05-07,60,10,target,6,,true,-2.74276,37
independent72,EW,2023-07-27,20,5,stop,,8,false,-9.32624,20
independent72,EW,2023-07-27,20,10,none,,,false,-9.32624,20
independent72,EW,2023-07-27,40,5,stop,,8,false,-15.89452,40
independent72,EW,2023-07-27,40,10,stop,,30,false,-15.89452,40
independent72,EW,2023-07-27,60,5,stop,,8,false,-17.27350,46
independent72,EW,2023-07-27,60,10,stop,,30,false,-17.27350,46
independent72,FIS,2025-02-11,20,5,stop,,3,false,-8.57656,20
independent72,FIS,2025-02-11,20,10,none,,,false,-8.57656,20
independent72,FIS,2025-02-11,40,5,stop,,3,false,-8.57656,20
independent72,FIS,2025-02-11,40,10,none,,,false,-8.57656,20
independent72,FIS,2025-02-11,60,5,stop,47,3,true,-8.57656,20
independent72,FIS,2025-02-11,60,10,target,47,,true,-8.57656,20
independent72,FIS,2025-08-05,20,5,stop,,19,false,-6.39712,20
independent72,FIS,2025-08-05,20,10,none,,,false,-6.39712,20
independent72,FIS,2025-08-05,40,5,stop,,19,false,-12.25521,35
independent72,FIS,2025-08-05,40,10,stop,,33,false,-12.25521,35
independent72,FIS,2025-08-05,60,5,stop,,19,false,-17.11600,60
independent72,FIS,2025-08-05,60,10,stop,,33,false,-17.11600,60
independent72,FIS,2026-05-08,20,5,stop,,17,false,-9.12854,20
independent72,FIS,2026-05-08,20,10,none,,,false,-9.12854,20
independent72,FIS,2026-05-08,40,5,stop,,17,false,-12.97465,29
independent72,FIS,2026-05-08,40,10,stop,,21,false,-12.97465,29
independent72,FIS,2026-05-08,60,5,stop,55,17,true,-12.97465,29
independent72,FIS,2026-05-08,60,10,stop,55,21,true,-12.97465,29
independent72,FSLR,2026-02-25,20,5,stop,,1,false,-11.40063,19
independent72,FSLR,2026-02-25,20,10,stop,,7,false,-11.40063,19
independent72,FSLR,2026-02-25,40,5,stop,,1,false,-12.91167,23
independent72,FSLR,2026-02-25,40,10,stop,,7,false,-12.91167,23
independent72,FSLR,2026-02-25,60,5,stop,48,1,true,-12.91167,23
independent72,FSLR,2026-02-25,60,10,stop,48,7,true,-12.91167,23
independent72,FTNT,2025-05-08,20,5,target,3,,true,-2.37364,1
independent72,FTNT,2025-05-08,20,10,target,3,,true,-2.37364,1
independent72,FTNT,2025-05-08,40,5,target,3,,true,-2.37364,1
independent72,FTNT,2025-05-08,40,10,target,3,,true,-2.37364,1
independent72,FTNT,2025-05-08,60,5,target,3,,true,-2.37364,1
independent72,FTNT,2025-05-08,60,10,target,3,,true,-2.37364,1
independent72,FTNT,2025-08-07,20,5,target,4,,true,-3.28021,1
independent72,FTNT,2025-08-07,20,10,target,4,,true,-3.28021,1
independent72,FTNT,2025-08-07,40,5,target,4,,true,-3.28021,1
independent72,FTNT,2025-08-07,40,10,target,4,,true,-3.28021,1
independent72,FTNT,2025-08-07,60,5,target,4,,true,-3.28021,1
independent72,FTNT,2025-08-07,60,10,target,4,,true,-3.28021,1
independent72,FTNT,2025-11-06,20,5,target,19,,true,-4.18426,11
independent72,FTNT,2025-11-06,20,10,target,19,,true,-4.18426,11
independent72,FTNT,2025-11-06,40,5,target,19,,true,-4.18426,11
independent72,FTNT,2025-11-06,40,10,target,19,,true,-4.18426,11
independent72,FTNT,2025-11-06,60,5,target,19,46,true,-8.67892,49
independent72,FTNT,2025-11-06,60,10,target,19,,true,-8.67892,49
independent72,GLW,2026-01-29,20,5,target,2,,true,-1.10680,1
independent72,GLW,2026-01-29,20,10,target,2,,true,-1.10680,1
independent72,GLW,2026-01-29,40,5,target,2,,true,-1.10680,1
independent72,GLW,2026-01-29,40,10,target,2,,true,-1.10680,1
independent72,GLW,2026-01-29,60,5,target,2,,true,-1.10680,1
independent72,GLW,2026-01-29,60,10,target,2,,true,-1.10680,1
independent72,GLW,2026-04-28,20,5,target,2,,true,-3.18850,1
independent72,GLW,2026-04-28,20,10,target,2,,true,-3.18850,1
independent72,GLW,2026-04-28,40,5,target,2,,true,-3.18850,1
independent72,GLW,2026-04-28,40,10,target,2,,true,-3.18850,1
independent72,GLW,2026-04-28,60,5,target,2,,true,-4.50594,60
independent72,GLW,2026-04-28,60,10,target,2,,true,-4.50594,60
independent72,GPN,2023-05-01,20,5,stop,,1,false,-6.07767,20
independent72,GPN,2023-05-01,20,10,none,,,false,-6.07767,20
independent72,GPN,2023-05-01,40,5,stop,,1,false,-7.00971,21
independent72,GPN,2023-05-01,40,10,none,,,false,-7.00971,21
independent72,GPN,2023-05-01,60,5,stop,44,1,true,-7.00971,21
independent72,GPN,2023-05-01,60,10,target,44,,true,-7.00971,21
independent72,GPN,2024-05-01,20,5,stop,,16,false,-8.84834,19
independent72,GPN,2024-05-01,20,10,none,,,false,-8.84834,19
independent72,GPN,2024-05-01,40,5,stop,,16,false,-15.78470,33
independent72,GPN,2024-05-01,40,10,stop,,23,false,-15.78470,33
independent72,GPN,2024-05-01,60,5,stop,,16,false,-15.78470,33
independent72,GPN,2024-05-01,60,10,stop,,23,false,-15.78470,33
independent72,HAL,2023-04-26,20,5,stop,,4,false,-12.23203,14
independent72,HAL,2023-04-26,20,10,stop,,6,false,-12.23203,14
independent72,HAL,2023-04-26,40,5,stop,33,4,true,-12.23203,14
independent72,HAL,2023-04-26,40,10,stop,33,6,true,-12.23203,14
independent72,HAL,2023-04-26,60,5,stop,33,4,true,-12.23203,14
independent72,HAL,2023-04-26,60,10,stop,33,6,true,-12.23203,14
independent72,HAL,2024-07-19,20,5,stop,,10,false,-11.90407,11
independent72,HAL,2024-07-19,20,10,stop,,11,false,-11.90407,11
independent72,HAL,2024-07-19,40,5,stop,,10,false,-19.52716,37
independent72,HAL,2024-07-19,40,10,stop,,11,false,-19.52716,37
independent72,HAL,2024-07-19,60,5,stop,,10,false,-19.52716,37
independent72,HAL,2024-07-19,60,10,stop,,11,false,-19.52716,37
independent72,HSY,2023-10-27,20,5,target,11,,true,-0.20368,1
independent72,HSY,2023-10-27,20,10,target,11,,true,-0.20368,1
independent72,HSY,2023-10-27,40,5,target,11,,true,-2.27812,38
independent72,HSY,2023-10-27,40,10,target,11,,true,-2.27812,38
independent72,HSY,2023-10-27,60,5,target,11,,true,-2.27812,38
independent72,HSY,2023-10-27,60,10,target,11,,true,-2.27812,38
independent72,KDP,2023-04-27,20,5,stop,,13,false,-6.76804,20
independent72,KDP,2023-04-27,20,10,none,,,false,-6.76804,20
independent72,KDP,2023-04-27,40,5,stop,,13,false,-8.48241,23
independent72,KDP,2023-04-27,40,10,none,,,false,-8.48241,23
independent72,KDP,2023-04-27,60,5,stop,,13,false,-8.56141,43
independent72,KDP,2023-04-27,60,10,none,,,false,-8.56141,43
independent72,KDP,2024-10-25,20,5,stop,,2,false,-10.62753,17
independent72,KDP,2024-10-25,20,10,stop,,17,false,-10.62753,17
independent72,KDP,2024-10-25,40,5,stop,,2,false,-10.62753,17
independent72,KDP,2024-10-25,40,10,stop,,17,false,-10.62753,17
independent72,KDP,2024-10-25,60,5,stop,,2,false,-12.26225,52
independent72,KDP,2024-10-25,60,10,stop,,17,false,-12.26225,52
independent72,KR,2025-12-05,20,5,none,,,false,-3.20475,19
independent72,KR,2025-12-05,20,10,none,,,false,-3.20475,19
independent72,KR,2025-12-05,40,5,stop,40,21,true,-6.55398,22
independent72,KR,2025-12-05,40,10,target,40,,true,-6.55398,22
independent72,KR,2025-12-05,60,5,stop,40,21,true,-6.55398,22
independent72,KR,2025-12-05,60,10,target,40,,true,-6.55398,22
independent72,LEN,2024-03-14,20,5,target,4,,true,-0.87662,1
independent72,LEN,2024-03-14,20,10,target,4,,true,-0.87662,1
independent72,LEN,2024-03-14,40,5,target,4,,true,-2.43687,25
independent72,LEN,2024-03-14,40,10,target,4,,true,-2.43687,25
independent72,LEN,2024-03-14,60,5,target,4,,true,-2.43687,25
independent72,LEN,2024-03-14,60,10,target,4,,true,-2.43687,25
independent72,LEN,2024-09-20,20,5,none,,,false,-2.24963,14
independent72,LEN,2024-09-20,20,10,none,,,false,-2.24963,14
independent72,LEN,2024-09-20,40,5,stop,,23,false,-11.59668,27
independent72,LEN,2024-09-20,40,10,stop,,27,false,-11.59668,27
independent72,LEN,2024-09-20,60,5,stop,,23,false,-16.58195,60
independent72,LEN,2024-09-20,60,10,stop,,27,false,-16.58195,60
independent72,LEN,2024-12-19,20,5,stop,,12,false,-7.21821,14
independent72,LEN,2024-12-19,20,10,none,,,false,-7.21821,14
independent72,LEN,2024-12-19,40,5,stop,,12,false,-14.49786,39
independent72,LEN,2024-12-19,40,10,stop,,32,false,-14.49786,39
independent72,LEN,2024-12-19,60,5,stop,,12,false,-16.15859,55
independent72,LEN,2024-12-19,60,10,stop,,32,false,-16.15859,55
independent72,LEN,2025-06-18,20,5,target,2,,true,0.09670,1
independent72,LEN,2025-06-18,20,10,target,2,,true,0.09670,1
independent72,LEN,2025-06-18,40,5,target,2,,true,0.09670,1
independent72,LEN,2025-06-18,40,10,target,2,,true,0.09670,1
independent72,LEN,2025-06-18,60,5,target,2,,true,0.09670,1
independent72,LEN,2025-06-18,60,10,target,2,,true,0.09670,1
independent72,MPWR,2023-05-05,20,5,target,9,,true,-4.41924,5
independent72,MPWR,2023-05-05,20,10,target,9,,true,-4.41924,5
independent72,MPWR,2023-05-05,40,5,target,9,,true,-4.41924,5
independent72,MPWR,2023-05-05,40,10,target,9,,true,-4.41924,5
independent72,MPWR,2023-05-05,60,5,target,9,,true,-4.41924,5
independent72,MPWR,2023-05-05,60,10,target,9,,true,-4.41924,5
independent72,MPWR,2023-08-02,20,5,stop,,7,false,-10.54993,17
independent72,MPWR,2023-08-02,20,10,stop,,12,false,-10.54993,17
independent72,MPWR,2023-08-02,40,5,stop,,7,false,-17.33993,40
independent72,MPWR,2023-08-02,40,10,stop,,12,false,-17.33993,40
independent72,MPWR,2023-08-02,60,5,stop,,7,false,-25.31948,59
independent72,MPWR,2023-08-02,60,10,stop,,12,false,-25.31948,59
independent72,MPWR,2024-10-31,20,5,stop,,7,false,-27.99881,14
independent72,MPWR,2024-10-31,20,10,stop,,7,false,-27.99881,14
independent72,MPWR,2024-10-31,40,5,stop,,7,false,-27.99881,14
independent72,MPWR,2024-10-31,40,10,stop,,7,false,-27.99881,14
independent72,MPWR,2024-10-31,60,5,stop,,7,false,-27.99881,14
independent72,MPWR,2024-10-31,60,10,stop,,7,false,-27.99881,14
independent72,MPWR,2025-10-31,20,5,stop,,2,false,-17.09651,15
independent72,MPWR,2025-10-31,20,10,stop,,5,false,-17.09651,15
independent72,MPWR,2025-10-31,40,5,stop,,2,false,-17.09651,15
independent72,MPWR,2025-10-31,40,10,stop,,5,false,-17.09651,15
independent72,MPWR,2025-10-31,60,5,stop,53,2,true,-17.09651,15
independent72,MPWR,2025-10-31,60,10,stop,53,5,true,-17.09651,15
independent72,NEM,2025-10-24,20,5,stop,11,1,true,-8.78397,2
independent72,NEM,2025-10-24,20,10,target,11,,true,-8.78397,2
independent72,NEM,2025-10-24,40,5,stop,11,1,true,-8.78397,2
independent72,NEM,2025-10-24,40,10,target,11,,true,-8.78397,2
independent72,NEM,2025-10-24,60,5,stop,11,1,true,-8.78397,2
independent72,NEM,2025-10-24,60,10,target,11,,true,-8.78397,2
independent72,NOC,2023-01-27,20,5,target,9,,true,-0.46156,2
independent72,NOC,2023-01-27,20,10,target,9,,true,-0.46156,2
independent72,NOC,2023-01-27,40,5,target,9,,true,-0.46156,2
independent72,NOC,2023-01-27,40,10,target,9,,true,-0.46156,2
independent72,NOC,2023-01-27,60,5,target,9,,true,-0.46156,2
independent72,NOC,2023-01-27,60,10,target,9,,true,-0.46156,2
independent72,NOC,2024-01-25,20,5,target,17,,true,-0.69727,1
independent72,NOC,2024-01-25,20,10,target,17,,true,-0.69727,1
independent72,NOC,2024-01-25,40,5,target,17,,true,-0.69727,1
independent72,NOC,2024-01-25,40,10,target,17,,true,-0.69727,1
independent72,NOC,2024-01-25,60,5,target,17,,true,-0.69727,1
independent72,NOC,2024-01-25,60,10,target,17,,true,-0.69727,1
independent72,NOC,2025-04-22,20,5,target,6,,true,-2.38536,16
independent72,NOC,2025-04-22,20,10,target,6,,true,-2.38536,16
independent72,NOC,2025-04-22,40,5,target,6,,true,-2.38536,16
independent72,NOC,2025-04-22,40,10,target,6,,true,-2.38536,16
independent72,NOC,2025-04-22,60,5,target,6,,true,-2.38536,16
independent72,NOC,2025-04-22,60,10,target,6,,true,-2.38536,16
independent72,NOC,2026-04-21,20,5,stop,,3,false,-11.80273,19
independent72,NOC,2026-04-21,20,10,stop,,12,false,-11.80273,19
independent72,NOC,2026-04-21,40,5,stop,,3,false,-13.59550,30
independent72,NOC,2026-04-21,40,10,stop,,12,false,-13.59550,30
independent72,NOC,2026-04-21,60,5,stop,,3,false,-18.83666,47
independent72,NOC,2026-04-21,60,10,stop,,12,false,-18.83666,47
independent72,OKE,2025-04-30,20,5,target,8,,true,-3.16464,4
independent72,OKE,2025-04-30,20,10,target,8,,true,-3.16464,4
independent72,OKE,2025-04-30,40,5,target,8,,true,-3.16464,4
independent72,OKE,2025-04-30,40,10,target,8,,true,-3.16464,4
independent72,OKE,2025-04-30,60,5,target,8,,true,-3.16464,4
independent72,OKE,2025-04-30,60,10,target,8,,true,-3.16464,4
independent72,OKE,2025-08-05,20,5,none,,,false,-4.64993,10
independent72,OKE,2025-08-05,20,10,none,,,false,-4.64993,10
independent72,OKE,2025-08-05,40,5,stop,,22,false,-6.69749,22
independent72,OKE,2025-08-05,40,10,none,,,false,-6.69749,22
independent72,OKE,2025-08-05,60,5,stop,,22,false,-12.06975,52
independent72,OKE,2025-08-05,60,10,stop,,51,false,-12.06975,52
independent72,OKE,2026-02-24,20,5,target,5,,true,-3.81650,1
independent72,OKE,2026-02-24,20,10,target,5,,true,-3.81650,1
independent72,OKE,2026-02-24,40,5,target,5,,true,-3.81650,1
independent72,OKE,2026-02-24,40,10,target,5,,true,-3.81650,1
independent72,OKE,2026-02-24,60,5,target,5,,true,-3.81650,1
independent72,OKE,2026-02-24,60,10,target,5,,true,-3.81650,1
independent72,REGN,2024-10-31,20,5,stop,,10,false,-12.19819,15
independent72,REGN,2024-10-31,20,10,stop,,11,false,-12.19819,15
independent72,REGN,2024-10-31,40,5,stop,,10,false,-17.32283,34
independent72,REGN,2024-10-31,40,10,stop,,11,false,-17.32283,34
independent72,REGN,2024-10-31,60,5,stop,,10,false,-20.51438,48
independent72,REGN,2024-10-31,60,10,stop,,11,false,-20.51438,48
independent72,REGN,2025-04-29,20,5,target,1,7,true,-8.50925,7
independent72,REGN,2025-04-29,20,10,target,1,,true,-8.50925,7
independent72,REGN,2025-04-29,40,5,target,1,7,true,-16.12191,26
independent72,REGN,2025-04-29,40,10,target,1,22,true,-16.12191,26
independent72,REGN,2025-04-29,60,5,target,1,7,true,-16.12191,26
independent72,REGN,2025-04-29,60,10,target,1,22,true,-16.12191,26
independent72,REGN,2026-04-29,20,5,target,5,13,true,-11.03794,13
independent72,REGN,2026-04-29,20,10,target,5,13,true,-11.03794,13
independent72,REGN,2026-04-29,40,5,target,5,13,true,-13.68910,23
independent72,REGN,2026-04-29,40,10,target,5,13,true,-13.68910,23
independent72,REGN,2026-04-29,60,5,target,5,13,true,-13.68910,23
independent72,REGN,2026-04-29,60,10,target,5,13,true,-13.68910,23
independent72,TMO,2026-04-23,20,5,stop,,16,false,-6.73452,17
independent72,TMO,2026-04-23,20,10,none,,,false,-6.73452,17
independent72,TMO,2026-04-23,40,5,stop,24,16,true,-6.73452,17
independent72,TMO,2026-04-23,40,10,target,24,,true,-6.73452,17
independent72,TMO,2026-04-23,60,5,stop,24,16,true,-6.73452,17
independent72,TMO,2026-04-23,60,10,target,24,,true,-6.73452,17
independent72,TPR,2025-08-14,20,5,target,1,,true,0.01045,1
independent72,TPR,2025-08-14,20,10,target,1,,true,0.01045,1
independent72,TPR,2025-08-14,40,5,target,1,,true,0.01045,1
independent72,TPR,2025-08-14,40,10,target,1,,true,0.01045,1
independent72,TPR,2025-08-14,60,5,target,1,,true,-2.44239,59
independent72,TPR,2025-08-14,60,10,target,1,,true,-2.44239,59
independent72,WAB,2024-07-24,20,5,stop,,8,false,-6.11648,8
independent72,WAB,2024-07-24,20,10,none,,,false,-6.11648,8
independent72,WAB,2024-07-24,40,5,stop,22,8,true,-6.11648,8
independent72,WAB,2024-07-24,40,10,target,22,,true,-6.11648,8
independent72,WAB,2024-07-24,60,5,stop,22,8,true,-6.11648,8
independent72,WAB,2024-07-24,60,10,target,22,,true,-6.11648,8
independent72,WAB,2025-02-12,20,5,stop,,13,false,-8.69711,13
independent72,WAB,2025-02-12,20,10,none,,,false,-8.69711,13
independent72,WAB,2025-02-12,40,5,stop,,13,false,-19.68732,37
independent72,WAB,2025-02-12,40,10,stop,,36,false,-19.68732,37
independent72,WAB,2025-02-12,60,5,stop,,13,false,-19.68732,37
independent72,WAB,2025-02-12,60,10,stop,,36,false,-19.68732,37
independent72,WAB,2025-07-24,20,5,stop,,4,false,-7.50374,6
independent72,WAB,2025-07-24,20,10,none,,,false,-7.50374,6
independent72,WAB,2025-07-24,40,5,stop,,4,false,-8.07311,38
independent72,WAB,2025-07-24,40,10,none,,,false,-8.07311,38
independent72,WAB,2025-07-24,60,5,stop,,4,false,-8.07311,38
independent72,WAB,2025-07-24,60,10,none,,,false,-8.07311,38
independent72,ZBH,2023-08-02,20,5,stop,,10,false,-11.20891,16
independent72,ZBH,2023-08-02,20,10,stop,,14,false,-11.20891,16
independent72,ZBH,2023-08-02,40,5,stop,,10,false,-15.46970,39
independent72,ZBH,2023-08-02,40,10,stop,,14,false,-15.46970,39
independent72,ZBH,2023-08-02,60,5,stop,,10,false,-20.37584,51
independent72,ZBH,2023-08-02,60,10,stop,,14,false,-20.37584,51
independent72,ZBH,2025-02-06,20,5,target,20,,true,-4.86902,4
independent72,ZBH,2025-02-06,20,10,target,20,,true,-4.86902,4
independent72,ZBH,2025-02-06,40,5,target,20,,true,-4.86902,4
independent72,ZBH,2025-02-06,40,10,target,20,,true,-4.86902,4
independent72,ZBH,2025-02-06,60,5,target,20,47,true,-12.24788,60
independent72,ZBH,2025-02-06,60,10,target,20,60,true,-12.24788,60
independent72,ZBH,2025-05-05,20,5,target,3,,true,-1.39257,20
independent72,ZBH,2025-05-05,20,10,target,3,,true,-1.39257,20
independent72,ZBH,2025-05-05,40,5,target,3,,true,-1.39257,20
independent72,ZBH,2025-05-05,40,10,target,3,,true,-1.39257,20
independent72,ZBH,2025-05-05,60,5,target,3,,true,-1.39257,20
independent72,ZBH,2025-05-05,60,10,target,3,,true,-1.39257,20
independent72,ZBH,2025-11-05,20,5,target,12,,true,-2.53569,1
independent72,ZBH,2025-11-05,20,10,target,12,,true,-2.53569,1
independent72,ZBH,2025-11-05,40,5,target,12,,true,-2.53569,1
independent72,ZBH,2025-11-05,40,10,target,12,,true,-2.53569,1
independent72,ZBH,2025-11-05,60,5,target,12,,true,-3.12410,57
independent72,ZBH,2025-11-05,60,10,target,12,,true,-3.12410,57
independent72,ZBH,2026-04-28,20,5,target,16,,true,-4.44444,9
independent72,ZBH,2026-04-28,20,10,target,16,,true,-4.44444,9
independent72,ZBH,2026-04-28,40,5,target,16,,true,-4.44444,9
independent72,ZBH,2026-04-28,40,10,target,16,,true,-4.44444,9
independent72,ZBH,2026-04-28,60,5,target,16,,true,-4.44444,9
independent72,ZBH,2026-04-28,60,10,target,16,,true,-4.44444,9
