cohort,ticker,selloff_date,days,bounce5_any,target_before_stop5,target_before_stop10,stop5_first,stop10_first,first_bounce_day,first_stop5_day,first_stop10_day,min_low_pct,low_day
"original92","ABNB","2023-05-10",20,true,false,true,true,false,18,2,,-8.516653,3
"original92","ABNB","2023-05-10",40,true,false,true,true,false,18,2,,-8.516653,3
"original92","ABNB","2023-05-10",60,true,false,true,true,false,18,2,,-8.516653,3
"original92","ADBE","2025-06-13",20,false,false,false,true,false,,16,,-8.042279,19
"original92","ADBE","2025-06-13",40,false,false,false,true,true,,16,33,-15.737337,40
"original92","ADBE","2025-06-13",60,false,false,false,true,true,,16,33,-15.737337,40
"original92","ADBE","2025-03-13",20,true,true,true,false,false,2,16,17,-12.129473,17
"original92","ADBE","2025-03-13",40,true,true,true,false,false,2,16,17,-12.129473,17
"original92","ADBE","2025-03-13",60,true,true,true,false,false,2,16,17,-12.129473,17
"original92","ADBE","2024-12-12",20,false,false,false,true,true,,4,14,-14.933738,19
"original92","ADBE","2024-12-12",40,false,false,false,true,true,,4,14,-14.933738,19
"original92","ADBE","2024-12-12",60,false,false,false,true,true,,4,14,-21.096433,60
"original92","ADBE","2024-09-13",20,false,false,false,true,false,,3,,-9.400786,16
"original92","ADBE","2024-09-13",40,false,false,false,true,true,,3,29,-11.514892,35
"original92","ADBE","2024-09-13",60,false,false,false,true,true,,3,29,-11.514892,35
"original92","ADBE","2024-03-15",20,true,true,true,false,false,2,,,-4.895829,20
"original92","ADBE","2024-03-15",40,true,true,true,false,false,2,24,,-6.518296,32
"original92","ADBE","2024-03-15",60,true,true,true,false,false,2,24,53,-11.877107,53
"original92","AMD","2026-02-04",20,true,true,true,false,false,3,17,,-5.97932,18
"original92","AMD","2026-02-04",40,true,true,true,false,false,3,17,,-5.97932,18
"original92","AMD","2026-02-04",60,true,true,true,false,false,3,17,,-5.97932,18
"original92","AMD","2025-08-06",20,true,true,true,false,false,1,,,-3.984796,18
"original92","AMD","2025-08-06",40,true,true,true,false,false,1,21,,-8.521334,22
"original92","AMD","2025-08-06",60,true,true,true,false,false,1,21,,-8.521334,22
"original92","AMD","2025-02-05",20,false,false,false,true,true,,13,15,-14.391572,18
"original92","AMD","2025-02-05",40,false,false,false,true,true,,13,15,-16.400321,40
"original92","AMD","2025-02-05",60,false,false,false,true,true,,13,15,-31.720382,43
"original92","AMD","2024-10-30",20,false,false,false,true,true,,3,12,-10.524899,20
"original92","AMD","2024-10-30",40,false,false,false,true,true,,3,12,-20.659489,36
"original92","AMD","2024-10-30",60,false,false,false,true,true,,3,12,-24.091521,58
"original92","AMD","2024-05-01",20,true,true,true,false,false,3,,,-2.159146,1
"original92","AMD","2024-05-01",40,true,true,true,false,false,3,,,-2.159146,1
"original92","AMD","2024-05-01",60,true,true,true,false,false,3,58,,-5.17086,58
"original92","AMD","2023-05-03",20,true,true,true,false,false,1,,,-0.624847,1
"original92","AMD","2023-05-03",40,true,true,true,false,false,1,,,-0.624847,1
"original92","AMD","2023-05-03",60,true,true,true,false,false,1,,,-0.624847,1
"original92","ANET","2026-05-06",20,true,false,true,true,false,13,1,,-8.112335,3
"original92","ANET","2026-05-06",40,true,false,true,true,false,13,1,,-8.112335,3
"original92","ANET","2026-05-06",60,true,false,true,true,false,13,1,,-8.112335,3
"original92","ANET","2025-11-05",20,false,false,false,true,true,,1,7,-18.444666,12
"original92","ANET","2025-11-05",40,false,false,false,true,true,,1,7,-18.444666,12
"original92","ANET","2025-11-05",60,true,false,false,true,true,55,1,7,-18.444666,12
"original92","ANET","2025-02-19",20,false,false,false,true,true,,2,3,-26.866821,13
"original92","ANET","2025-02-19",40,false,false,false,true,true,,2,3,-42.811778,33
"original92","ANET","2025-02-19",60,false,false,false,true,true,,2,3,-42.811778,33
"original92","ANET","2024-11-08",20,true,false,true,true,false,17,5,,-8.003496,7
"original92","ANET","2024-11-08",40,true,false,true,true,false,17,5,,-8.003496,7
"original92","ANET","2024-11-08",60,true,false,true,true,false,17,5,,-8.003496,7
"original92","ANET","2024-02-13",20,true,true,true,false,false,12,,,-4.681556,5
"original92","ANET","2024-02-13",40,true,true,true,false,false,12,,,-4.681556,5
"original92","ANET","2024-02-13",60,true,true,true,false,false,12,46,,-9.487402,47
"original92","ANET","2023-05-02",20,true,true,true,false,false,6,,,-2.444807,2
"original92","ANET","2023-05-02",40,true,true,true,false,false,6,,,-2.444807,2
"original92","ANET","2023-05-02",60,true,true,true,false,false,6,,,-2.444807,2
"original92","COIN","2025-02-14",20,false,false,false,true,true,,1,4,-35.529146,15
"original92","COIN","2025-02-14",40,false,false,false,true,true,,1,4,-48.022311,35
"original92","COIN","2025-02-14",60,false,false,false,true,true,,1,4,-48.022311,35
"original92","COIN","2024-10-31",20,true,true,true,false,false,1,,,-1.601116,2
"original92","COIN","2024-10-31",40,true,true,true,false,false,1,,,-1.601116,2
"original92","COIN","2024-10-31",60,true,true,true,false,false,1,,,-1.601116,2
"original92","COIN","2024-08-05",20,true,false,true,true,false,2,2,20,-11.294664,20
"original92","COIN","2024-08-05",40,true,false,true,true,false,2,2,20,-22.879612,23
"original92","COIN","2024-08-05",60,true,false,true,true,false,2,2,20,-22.879612,23
"original92","CRM","2024-05-30",20,true,true,true,false,false,1,,,-0.894454,1
"original92","CRM","2024-05-30",40,true,true,true,false,false,1,,,-0.894454,1
"original92","CRM","2024-05-30",60,true,true,true,false,false,1,,,-0.894454,1
"original92","CRWD","2025-03-05",20,true,false,false,true,true,14,1,2,-16.870074,3
"original92","CRWD","2025-03-05",40,true,false,false,true,true,14,1,2,-18.454466,23
"original92","CRWD","2025-03-05",60,true,false,false,true,true,14,1,2,-18.454466,23
"original92","CRWD","2024-11-29",20,true,true,true,false,false,3,,,-2.719889,1
"original92","CRWD","2024-11-29",40,true,true,true,false,false,3,,,-3.011822,28
"original92","CRWD","2024-11-29",60,true,true,true,false,false,3,,,-3.011822,28
"original92","CSCO","2026-02-12",20,true,true,true,false,false,4,,,-2.106667,1
"original92","CSCO","2026-02-12",40,true,true,true,false,false,4,,,-2.106667,1
"original92","CSCO","2026-02-12",60,true,true,true,false,false,4,,,-2.106667,1
"original92","CSCO","2025-08-15",20,true,true,true,false,false,9,,,-0.679759,1
"original92","CSCO","2025-08-15",40,true,true,true,false,false,9,,,-0.679759,1
"original92","CSCO","2025-08-15",60,true,true,true,false,false,9,,,-0.679759,1
"original92","CSCO","2023-11-16",20,false,false,false,false,false,,,,-1.019983,2
"original92","CSCO","2023-11-16",40,true,true,true,false,false,22,,,-1.019983,2
"original92","CSCO","2023-11-16",60,true,true,true,false,false,22,,,-1.019983,2
"original92","DELL","2025-08-29",20,true,true,true,false,false,4,,,-3.643062,1
"original92","DELL","2025-08-29",40,true,true,true,false,false,4,,,-3.643062,1
"original92","DELL","2025-08-29",60,true,true,true,false,false,4,,,-4.236339,59
"original92","DELL","2025-03-03",20,true,false,true,true,false,12,4,,-7.565823,4
"original92","DELL","2025-03-03",40,true,false,true,true,false,12,4,23,-30.677061,25
"original92","DELL","2025-03-03",60,true,false,true,true,false,12,4,23,-30.677061,25
"original92","DELL","2024-11-27",20,false,false,false,true,true,,8,14,-11.424667,16
"original92","DELL","2024-11-27",40,false,false,false,true,true,,8,14,-19.247888,38
"original92","DELL","2024-11-27",60,false,false,false,true,true,,8,14,-20.598993,43
"original92","DIS","2023-05-11",20,false,false,false,true,false,,12,,-5.741523,12
"original92","DIS","2023-05-11",40,false,false,false,true,false,,12,,-5.741523,12
"original92","DIS","2023-05-11",60,false,false,false,true,false,,12,,-7.74564,50
"original92","FDX","2024-09-20",20,true,true,true,false,false,2,,,0.337732,1
"original92","FDX","2024-09-20",40,true,true,true,false,false,2,,,0.337732,1
"original92","FDX","2024-09-20",60,true,true,true,false,false,2,,,0.337732,1
"original92","GILD","2024-02-08",20,false,false,false,false,false,,,,-3.292683,6
"original92","GILD","2024-02-08",40,false,false,false,true,false,,38,,-6.176036,39
"original92","GILD","2024-02-08",60,false,false,false,true,true,,38,53,-11.939078,59
"original92","GILD","2023-11-09",20,true,true,true,false,false,17,,,-1.320352,5
"original92","GILD","2023-11-09",40,true,true,true,false,false,17,,,-1.320352,5
"original92","GILD","2023-11-09",60,true,true,true,false,false,17,,,-1.320352,5
"original92","GOOG","2025-02-05",20,false,false,false,true,true,,5,14,-13.326435,18
"original92","GOOG","2025-02-05",40,false,false,false,true,true,,5,14,-21.182941,40
"original92","GOOG","2025-02-05",60,false,false,false,true,true,,5,14,-26.113539,42
"original92","GOOG","2024-07-24",20,false,false,false,true,true,,8,8,-10.190973,8
"original92","GOOG","2024-07-24",40,false,false,false,true,true,,8,8,-14.896433,32
"original92","GOOG","2024-07-24",60,false,false,false,true,true,,8,8,-14.896433,32
"original92","GOOG","2024-01-31",20,true,true,true,false,false,7,,,-3.638928,19
"original92","GOOG","2024-01-31",40,true,true,true,false,false,7,22,,-7.228491,23
"original92","GOOG","2024-01-31",60,true,true,true,false,false,7,22,,-7.228491,23
"original92","HPE","2025-03-07",20,true,false,true,true,false,11,1,19,-23.708968,20
"original92","HPE","2025-03-07",40,true,false,true,true,false,11,1,19,-23.708968,20
"original92","HPE","2025-03-07",60,true,false,true,true,false,11,1,19,-23.708968,20
"original92","HPE","2024-09-05",20,true,false,false,true,true,9,3,4,-10.600908,4
"original92","HPE","2024-09-05",40,true,false,false,true,true,9,3,4,-10.600908,4
"original92","HPE","2024-09-05",60,true,false,false,true,true,9,3,4,-10.600908,4
"original92","HPE","2023-05-31",20,true,true,true,false,false,2,,,0.069352,1
"original92","HPE","2023-05-31",40,true,true,true,false,false,2,,,0.069352,1
"original92","HPE","2023-05-31",60,true,true,true,false,false,2,,,0.069352,1
"original92","IBM","2026-04-23",20,true,false,true,true,false,20,14,,-7.433435,14
"original92","IBM","2026-04-23",40,true,false,true,true,false,20,14,,-7.433435,14
"original92","IBM","2026-04-23",60,true,false,true,true,false,20,14,57,-10.877326,57
"original92","ISRG","2023-07-24",20,false,false,false,true,true,,8,18,-12.690073,20
"original92","ISRG","2023-07-24",40,false,false,false,true,true,,8,18,-12.690073,20
"original92","ISRG","2023-07-24",60,false,false,false,true,true,,8,18,-17.944122,58
"original92","ISRG","2023-01-25",20,true,true,true,false,false,6,,,-4.868745,20
"original92","ISRG","2023-01-25",40,true,true,true,false,false,6,21,,-8.675144,32
"original92","ISRG","2023-01-25",60,true,true,true,false,false,6,21,,-8.675144,32
"original92","KLAC","2026-01-30",20,true,false,false,true,true,8,2,3,-10.007423,3
"original92","KLAC","2026-01-30",40,true,false,false,true,true,8,2,3,-10.007423,3
"original92","KLAC","2026-01-30",60,true,false,false,true,true,8,2,3,-10.007423,3
"original92","NFLX","2025-10-22",20,false,false,false,false,false,,,,-3.851761,10
"original92","NFLX","2025-10-22",40,false,false,false,true,true,,21,31,-17.27653,34
"original92","NFLX","2025-10-22",60,false,false,false,true,true,,21,31,-22.050933,60
"original92","NFLX","2025-07-18",20,false,false,false,true,false,,12,,-5.33641,12
"original92","NFLX","2025-07-18",40,false,false,false,true,false,,12,,-5.33641,12
"original92","NFLX","2025-07-18",60,false,false,false,true,false,,12,,-6.22209,53
"original92","NFLX","2023-07-20",20,false,false,false,true,false,,5,,-8.193087,20
"original92","NFLX","2023-07-20",40,false,false,false,true,false,,5,,-9.690915,40
"original92","NFLX","2023-07-20",60,false,false,false,true,true,,5,41,-19.516712,60
"original92","NOW","2026-01-29",20,false,false,false,true,true,,3,5,-16.045575,7
"original92","NOW","2026-01-29",40,true,false,false,true,true,25,3,5,-16.045575,7
"original92","NOW","2026-01-29",60,true,false,false,true,true,25,3,5,-30.403495,49
"original92","NOW","2025-01-30",20,false,false,false,true,true,,14,17,-11.3098,17
"original92","NOW","2025-01-30",40,false,false,false,true,true,,14,17,-23.188349,26
"original92","NOW","2025-01-30",60,false,false,false,true,true,,14,17,-32.988516,46
"original92","PANW","2026-06-03",20,true,false,false,true,true,12,3,4,-10.441108,4
"original92","PANW","2026-06-03",40,true,false,false,true,true,12,3,4,-10.441108,4
"original92","PANW","2026-06-03",60,true,false,false,true,true,12,3,4,-10.441108,4
"original92","PANW","2026-02-18",20,true,false,true,true,false,10,3,,-8.388185,4
"original92","PANW","2026-02-18",40,true,false,true,true,false,10,3,,-8.388185,4
"original92","PANW","2026-02-18",60,true,false,true,true,false,10,3,,-8.388185,4
"original92","PANW","2025-11-20",20,true,true,true,false,false,9,,,-2.712487,1
"original92","PANW","2025-11-20",40,true,true,true,false,false,9,,,-4.236235,28
"original92","PANW","2025-11-20",60,true,true,true,false,false,9,46,49,-20.489544,59
"original92","PANW","2025-05-21",20,true,true,true,false,false,6,,,0.662032,1
"original92","PANW","2025-05-21",40,true,true,true,false,false,6,,,0.662032,1
"original92","PANW","2025-05-21",60,true,true,true,false,false,6,49,,-8.854684,53
"original92","PANW","2024-02-21",20,true,true,true,false,false,1,,,1.156621,1
"original92","PANW","2024-02-21",40,true,true,true,false,false,1,,,1.156621,1
"original92","PANW","2024-02-21",60,true,true,true,false,false,1,,,1.156621,1
"original92","PANW","2023-11-16",20,true,true,true,false,false,2,,,0.280644,1
"original92","PANW","2023-11-16",40,true,true,true,false,false,2,,,0.280644,1
"original92","PANW","2023-11-16",60,true,true,true,false,false,2,,,0.280644,1
"original92","PYPL","2024-02-08",20,true,true,true,false,false,1,,,0.053625,1
"original92","PYPL","2024-02-08",40,true,true,true,false,false,1,,,0.053625,1
"original92","PYPL","2024-02-08",60,true,true,true,false,false,1,,,0.053625,1
"original92","PYPL","2023-08-03",20,false,false,false,true,true,,8,11,-10.73543,11
"original92","PYPL","2023-08-03",40,false,false,false,true,true,,8,11,-11.9196,38
"original92","PYPL","2023-08-03",60,false,false,false,true,true,,8,11,-21.704581,60
"original92","PYPL","2023-05-09",20,false,false,false,true,true,,3,13,-10.553069,13
"original92","PYPL","2023-05-09",40,false,false,false,true,true,,3,13,-10.553069,13
"original92","PYPL","2023-05-09",60,true,false,false,true,true,41,3,13,-10.553069,13
"original92","QCOM","2026-02-05",20,true,true,true,false,false,7,,,-1.484509,20
"original92","QCOM","2026-02-05",40,true,true,true,false,false,7,31,,-8.654239,40
"original92","QCOM","2026-02-05",60,true,true,true,false,false,7,31,,-9.924264,41
"original92","QCOM","2025-07-31",20,true,true,true,false,false,9,,,-1.805669,4
"original92","QCOM","2025-07-31",40,true,true,true,false,false,9,,,-1.805669,4
"original92","QCOM","2025-07-31",60,true,true,true,false,false,9,,,-1.805669,4
"original92","QCOM","2024-08-01",20,true,false,true,true,false,10,2,,-7.688963,2
"original92","QCOM","2024-08-01",40,true,false,true,true,false,10,2,,-7.688963,2
"original92","QCOM","2024-08-01",60,true,false,true,true,false,10,2,,-7.688963,2
"original92","SBUX","2024-05-01",20,true,true,true,false,false,12,,,-3.54648,4
"original92","SBUX","2024-05-01",40,true,true,true,false,false,12,,,-3.54648,4
"original92","SBUX","2024-05-01",60,true,true,true,false,false,12,,,-3.54648,4
"original92","SBUX","2023-05-03",20,false,false,false,true,false,,16,,-6.694301,20
"original92","SBUX","2023-05-03",40,false,false,false,true,false,,16,,-6.694301,20
"original92","SBUX","2023-05-03",60,false,false,false,true,false,,16,,-7.631998,44
"original92","TXN","2025-10-22",20,false,false,false,true,false,,5,,-9.255192,18
"original92","TXN","2025-10-22",40,true,false,true,true,false,28,5,,-9.733916,21
"original92","TXN","2025-10-22",60,true,false,true,true,false,28,5,,-9.733916,21
"original92","TXN","2025-07-23",20,true,true,true,false,false,16,,,-3.782021,7
"original92","TXN","2025-07-23",40,true,true,true,false,false,16,37,,-5.896524,37
"original92","TXN","2025-07-23",60,true,true,true,false,false,16,37,,-7.454009,59
"original92","CVS","2025-10-30",20,true,true,true,false,false,9,,,-0.964923,15
"original92","CVS","2025-10-30",40,true,true,true,false,false,9,,,-3.325074,24
"original92","CVS","2025-10-30",60,true,true,true,false,false,9,59,,-7.065311,59
"original92","CVS","2024-05-01",20,true,true,true,false,false,16,19,,-6.28574,19
"original92","CVS","2024-05-01",40,true,true,true,false,false,16,19,,-6.28574,19
"original92","CVS","2024-05-01",60,true,true,true,false,false,16,19,,-6.28574,19
"original92","CVS","2023-05-04",20,false,false,false,false,false,,,,-3.561566,18
"original92","CVS","2023-05-04",40,true,true,true,false,false,27,,,-3.561566,18
"original92","CVS","2023-05-04",60,true,true,true,false,false,27,,,-3.561566,18
"original92","DIS","2025-11-13",20,true,false,true,true,false,20,7,,-5.315491,7
"original92","DIS","2025-11-13",40,true,false,true,true,false,20,7,,-5.315491,7
"original92","DIS","2025-11-13",60,true,false,true,true,false,20,7,,-5.315491,7
"original92","DIS","2024-05-07",20,false,false,false,false,false,,,,-4.858146,12
"original92","DIS","2024-05-07",40,false,false,false,true,false,,26,,-8.00835,38
"original92","DIS","2024-05-07",60,false,false,false,true,true,,26,51,-15.162158,60
"original92","DOW","2025-01-30",20,false,false,false,false,false,,,,-4.902724,2
"original92","DOW","2025-01-30",40,false,false,false,true,false,,22,,-9.836273,40
"original92","DOW","2025-01-30",60,false,false,false,true,true,,22,41,-33.787458,48
"original92","GE","2026-04-21",20,true,false,true,true,false,11,1,,-6.214906,1
"original92","GE","2026-04-21",40,true,false,true,true,false,11,1,,-6.214906,1
"original92","GE","2026-04-21",60,true,false,true,true,false,11,1,,-6.214906,1
"original92","GE","2026-01-22",20,true,true,true,false,false,8,,,-1.671186,1
"original92","GE","2026-01-22",40,true,true,true,false,false,8,,,-4.169078,40
"original92","GE","2026-01-22",60,true,true,true,false,false,8,46,,-8.073062,46
"original92","GE","2024-10-22",20,true,true,true,false,false,13,,,-3.526548,7
"original92","GE","2024-10-22",40,true,true,true,false,false,13,36,,-9.656969,40
"original92","GE","2024-10-22",60,true,true,true,false,false,13,36,,-9.656969,40
"original92","HON","2025-02-06",20,false,false,false,false,false,,,,-3.94624,6
"original92","HON","2025-02-06",40,false,false,false,true,false,,40,,-8.621361,40
"original92","HON","2025-02-06",60,false,false,false,true,true,,40,41,-14.05971,43
"original92","HON","2024-10-24",20,true,true,true,false,false,11,,,-2.902917,3
"original92","HON","2024-10-24",40,true,true,true,false,false,11,,,-2.902917,3
"original92","HON","2024-10-24",60,true,true,true,false,false,11,,,-2.902917,3
"original92","HON","2024-07-25",20,false,false,false,false,false,,,,-3.39837,14
"original92","HON","2024-07-25",40,false,false,false,false,false,,,,-3.39837,14
"original92","HON","2024-07-25",60,true,true,true,false,false,53,,,-3.39837,14
"original92","HON","2023-07-27",20,false,false,false,true,false,,8,,-5.257973,16
"original92","HON","2023-07-27",40,false,false,false,true,false,,8,,-6.199916,29
"original92","HON","2023-07-27",60,false,false,false,true,false,,8,,-8.29881,49
"original92","JCI","2025-07-29",20,true,true,true,false,false,20,,,-1.113909,1
"original92","JCI","2025-07-29",40,true,true,true,false,false,20,,,-1.113909,1
"original92","JCI","2025-07-29",60,true,true,true,false,false,20,,,-1.113909,1
"original92","JCI","2023-12-12",20,true,true,true,false,false,6,,,-2.801279,1
"original92","JCI","2023-12-12",40,true,true,true,false,false,6,,,-2.801279,1
"original92","JCI","2023-12-12",60,true,true,true,false,false,6,,,-2.801279,1
"original92","JCI","2023-08-02",20,false,false,false,true,false,,6,,-8.95358,17
"original92","JCI","2023-08-02",40,false,false,false,true,true,,6,25,-18.478156,40
"original92","JCI","2023-08-02",60,false,false,false,true,true,,6,25,-24.117831,59
"original92","JCI","2023-02-02",20,false,false,false,false,false,,,,-3.856281,13
"original92","JCI","2023-02-02",40,false,false,false,true,true,,25,28,-11.372874,30
"original92","JCI","2023-02-02",60,false,false,false,true,true,,25,28,-14.457996,44
"original92","LOW","2026-02-25",20,false,false,false,true,true,,7,15,-14.778344,17
"original92","LOW","2026-02-25",40,false,false,false,true,true,,7,15,-14.778344,17
"original92","LOW","2026-02-25",60,false,false,false,true,true,,7,15,-20.538955,59
"original92","LOW","2023-03-01",20,true,true,true,false,false,6,,,-3.535588,17
"original92","LOW","2023-03-01",40,true,true,true,false,false,6,,,-3.535588,17
"original92","LOW","2023-03-01",60,true,true,true,false,false,6,,,-3.535588,17
"original92","PYPL","2026-05-05",20,false,false,false,true,false,,10,,-8.980425,20
"original92","PYPL","2026-05-05",40,false,false,false,true,true,,10,22,-13.244747,26
"original92","PYPL","2026-05-05",60,true,false,false,true,true,48,10,22,-13.244747,26
"original92","PYPL","2026-02-03",20,true,false,true,true,false,13,2,,-7.769782,7
"original92","PYPL","2026-02-03",40,true,false,true,true,false,13,2,,-7.769782,7
"original92","PYPL","2026-02-03",60,true,false,true,true,false,13,2,,-7.769782,7
"original92","PYPL","2025-07-29",20,false,false,false,true,false,,3,,-6.829951,3
"original92","PYPL","2025-07-29",40,false,false,false,true,false,,3,,-8.69839,30
"original92","PYPL","2025-07-29",60,true,false,true,true,false,49,3,,-8.69839,30
"original92","PYPL","2025-02-04",20,false,false,false,true,true,,14,17,-14.647797,19
"original92","PYPL","2025-02-04",40,false,false,false,true,true,,14,17,-18.430364,38
"original92","PYPL","2025-02-04",60,false,false,false,true,true,,14,17,-28.144098,43
"original92","PYPL","2024-10-30",20,true,true,true,false,false,6,,,-2.250065,2
"original92","PYPL","2024-10-30",40,true,true,true,false,false,6,,,-2.250065,2
"original92","PYPL","2024-10-30",60,true,true,true,false,false,6,,,-2.250065,2
"original92","TGT","2024-11-20",20,true,true,true,false,false,3,,,-0.92836,1
"original92","TGT","2024-11-20",40,true,true,true,false,false,3,,,-0.92836,1
"original92","TGT","2024-11-20",60,true,true,true,false,false,3,,,-0.92836,1
"original92","TGT","2024-05-22",20,true,true,true,false,false,6,,,-2.715153,16
"original92","TGT","2024-05-22",40,true,true,true,false,false,6,,,-2.715153,16
"original92","TGT","2024-05-22",60,true,true,true,false,false,6,50,,-7.573114,50
"original92","UPS","2025-01-30",20,true,true,true,false,false,20,,,-4.786771,2
"original92","UPS","2025-01-30",40,true,true,true,false,false,20,,,-4.786771,2
"original92","UPS","2025-01-30",60,true,true,true,false,false,20,44,44,-20.064355,48
"separate72","ADP","2023-01-26",20,false,false,false,false,false,,,,-3.078561,2
"separate72","ADP","2023-01-26",40,false,false,false,true,false,,31,,-6.299288,33
"separate72","ADP","2023-01-26",60,false,false,false,true,false,,31,,-6.299288,33
"separate72","ADP","2023-10-25",20,true,false,true,true,false,14,5,,-5.862685,5
"separate72","ADP","2023-10-25",40,true,false,true,true,false,14,5,,-5.862685,5
"separate72","ADP","2023-10-25",60,true,false,true,true,false,14,5,,-5.862685,5
"separate72","ADP","2025-10-29",20,false,false,false,true,false,,14,,-5.37344,15
"separate72","ADP","2025-10-29",40,false,false,false,true,false,,14,,-5.37344,15
"separate72","ADP","2025-10-29",60,false,false,false,true,false,,14,,-5.37344,15
"separate72","AMAT","2024-11-15",20,true,true,true,false,false,4,,,-1.201978,1
"separate72","AMAT","2024-11-15",40,true,true,true,false,false,4,24,,-5.653824,24
"separate72","AMAT","2024-11-15",60,true,true,true,false,false,4,24,,-5.653824,24
"separate72","AMAT","2025-02-14",20,true,true,true,false,false,3,8,10,-13.886029,16
"separate72","AMAT","2025-02-14",40,true,true,true,false,false,3,8,10,-26.701236,35
"separate72","AMAT","2025-02-14",60,true,true,true,false,false,3,8,10,-26.701236,35
"separate72","AMAT","2025-05-16",20,true,false,true,true,false,16,5,,-7.044514,9
"separate72","AMAT","2025-05-16",40,true,false,true,true,false,16,5,,-7.044514,9
"separate72","AMAT","2025-05-16",60,true,false,true,true,false,16,5,,-7.044514,9
"separate72","AMAT","2025-08-15",20,true,true,true,false,false,18,,,-4.233128,12
"separate72","AMAT","2025-08-15",40,true,true,true,false,false,18,,,-4.233128,12
"separate72","AMAT","2025-08-15",60,true,true,true,false,false,18,,,-4.233128,12
"separate72","CMCSA","2023-10-26",20,true,true,true,false,false,3,,,-3.154533,1
"separate72","CMCSA","2023-10-26",40,true,true,true,false,false,3,,,-3.154533,1
"separate72","CMCSA","2023-10-26",60,true,true,true,false,false,3,,,-3.154533,1
"separate72","CMCSA","2024-04-25",20,true,true,true,false,false,9,,,-3.802483,1
"separate72","CMCSA","2024-04-25",40,true,true,true,false,false,9,,,-3.802483,1
"separate72","CMCSA","2024-04-25",60,true,true,true,false,false,9,,,-3.802483,1
"separate72","CMCSA","2025-01-30",20,true,true,true,false,false,8,,,-1.92481,3
"separate72","CMCSA","2025-01-30",40,true,true,true,false,false,8,,,-1.92481,3
"separate72","CMCSA","2025-01-30",60,true,true,true,false,false,8,,,-4.586129,58
"separate72","CMCSA","2026-04-24",20,false,false,false,true,true,,9,12,-10.994192,13
"separate72","CMCSA","2026-04-24",40,false,false,false,true,true,,9,12,-19.720608,39
"separate72","CMCSA","2026-04-24",60,false,false,false,true,true,,9,12,-19.720608,39
"separate72","COP","2023-02-02",20,false,false,false,true,false,,11,,-7.081402,13
"separate72","COP","2023-02-02",40,false,false,false,true,true,,11,26,-17.393237,29
"separate72","COP","2023-02-02",60,false,false,false,true,true,,11,26,-17.393237,29
"separate72","CPRT","2024-09-05",20,true,true,true,false,false,10,,,-2.948899,4
"separate72","CPRT","2024-09-05",40,true,true,true,false,false,10,,,-2.948899,4
"separate72","CPRT","2024-09-05",60,true,true,true,false,false,10,,,-2.948899,4
"separate72","CPRT","2025-05-23",20,false,false,false,true,true,,4,15,-11.812931,19
"separate72","CPRT","2025-05-23",40,false,false,false,true,true,,4,15,-15.185392,34
"separate72","CPRT","2025-05-23",60,false,false,false,true,true,,4,15,-16.061114,47
"separate72","CPRT","2025-11-24",20,false,false,false,false,false,,,,-1.876124,9
"separate72","CPRT","2025-11-24",40,true,true,true,false,false,35,,,-3.85505,27
"separate72","CPRT","2025-11-24",60,true,true,true,false,false,35,54,59,-13.10717,59
"separate72","CPRT","2026-02-23",20,true,true,true,false,false,3,14,,-8.936652,18
"separate72","CPRT","2026-02-23",40,true,true,true,false,false,3,14,,-8.936652,18
"separate72","CPRT","2026-02-23",60,true,true,true,false,false,3,14,,-8.936652,18
"separate72","DAL","2024-07-12",20,true,true,true,false,false,2,14,16,-14.213685,18
"separate72","DAL","2024-07-12",40,true,true,true,false,false,2,14,16,-14.213685,18
"separate72","DAL","2024-07-12",60,true,true,true,false,false,2,14,16,-14.213685,18
"separate72","DG","2023-08-31",20,false,false,false,true,true,,1,4,-25.436823,19
"separate72","DG","2023-08-31",40,false,false,false,true,true,,1,4,-26.603763,29
"separate72","DG","2023-08-31",60,false,false,false,true,true,,1,4,-26.603763,29
"separate72","DG","2023-12-08",20,true,true,true,false,false,11,,,-3.710109,3
"separate72","DG","2023-12-08",40,true,true,true,false,false,11,,,-3.710109,3
"separate72","DG","2023-12-08",60,true,true,true,false,false,11,,,-3.710109,3
"separate72","DG","2024-03-14",20,true,true,true,false,false,5,,,-1.367908,20
"separate72","DG","2024-03-14",40,true,true,true,false,false,5,28,,-9.916112,36
"separate72","DG","2024-03-14",60,true,true,true,false,false,5,28,53,-15.728624,59
"separate72","DG","2026-03-12",20,false,false,false,true,true,,4,8,-15.174697,15
"separate72","DG","2026-03-12",40,false,false,false,true,true,,4,8,-16.664429,33
"separate72","DG","2026-03-12",60,false,false,false,true,true,,4,8,-26.412534,49
"separate72","DLTR","2023-05-25",20,true,false,true,true,false,17,4,,-5.714913,7
"separate72","DLTR","2023-05-25",40,true,false,true,true,false,17,4,,-5.714913,7
"separate72","DLTR","2023-05-25",60,true,false,true,true,false,17,4,,-5.714913,7
"separate72","DLTR","2023-08-24",20,false,false,false,true,true,,7,16,-15.971585,20
"separate72","DLTR","2023-08-24",40,false,false,false,true,true,,7,16,-17.040685,27
"separate72","DLTR","2023-08-24",60,false,false,false,true,true,,7,16,-17.040685,27
"separate72","DLTR","2024-03-13",20,true,true,true,false,false,12,,,-3.434045,1
"separate72","DLTR","2024-03-13",40,true,true,true,false,false,12,26,,-9.239215,32
"separate72","DLTR","2024-03-13",60,true,true,true,false,false,12,26,47,-13.7829,60
"separate72","EOG","2026-05-07",20,true,true,true,false,false,6,,,-1.29116,1
"separate72","EOG","2026-05-07",40,true,true,true,false,false,6,,,-2.742761,37
"separate72","EOG","2026-05-07",60,true,true,true,false,false,6,,,-2.742761,37
"separate72","EW","2023-07-27",20,false,false,false,true,false,,8,,-9.326237,20
"separate72","EW","2023-07-27",40,false,false,false,true,true,,8,30,-15.89452,40
"separate72","EW","2023-07-27",60,false,false,false,true,true,,8,30,-17.273497,46
"separate72","FIS","2025-02-11",20,false,false,false,true,false,,3,,-8.576556,20
"separate72","FIS","2025-02-11",40,false,false,false,true,false,,3,,-8.576556,20
"separate72","FIS","2025-02-11",60,true,false,true,true,false,47,3,,-8.576556,20
"separate72","FIS","2025-08-05",20,false,false,false,true,false,,19,,-6.39712,20
"separate72","FIS","2025-08-05",40,false,false,false,true,true,,19,33,-12.255213,35
"separate72","FIS","2025-08-05",60,false,false,false,true,true,,19,33,-17.115996,60
"separate72","FIS","2026-05-08",20,false,false,false,true,false,,17,,-9.128536,20
"separate72","FIS","2026-05-08",40,false,false,false,true,true,,17,21,-12.97465,29
"separate72","FIS","2026-05-08",60,true,false,false,true,true,55,17,21,-12.97465,29
"separate72","FSLR","2026-02-25",20,false,false,false,true,true,,1,7,-11.400628,19
"separate72","FSLR","2026-02-25",40,false,false,false,true,true,,1,7,-12.91167,23
"separate72","FSLR","2026-02-25",60,true,false,false,true,true,48,1,7,-12.91167,23
"separate72","FTNT","2025-05-08",20,true,true,true,false,false,3,,,-2.373644,1
"separate72","FTNT","2025-05-08",40,true,true,true,false,false,3,,,-2.373644,1
"separate72","FTNT","2025-05-08",60,true,true,true,false,false,3,,,-2.373644,1
"separate72","FTNT","2025-08-07",20,true,true,true,false,false,4,,,-3.280212,1
"separate72","FTNT","2025-08-07",40,true,true,true,false,false,4,,,-3.280212,1
"separate72","FTNT","2025-08-07",60,true,true,true,false,false,4,,,-3.280212,1
"separate72","FTNT","2025-11-06",20,true,true,true,false,false,19,,,-4.184256,11
"separate72","FTNT","2025-11-06",40,true,true,true,false,false,19,,,-4.184256,11
"separate72","FTNT","2025-11-06",60,true,true,true,false,false,19,46,,-8.678917,49
"separate72","GLW","2026-01-29",20,true,true,true,false,false,2,,,-1.106796,1
"separate72","GLW","2026-01-29",40,true,true,true,false,false,2,,,-1.106796,1
"separate72","GLW","2026-01-29",60,true,true,true,false,false,2,,,-1.106796,1
"separate72","GLW","2026-04-28",20,true,true,true,false,false,2,,,-3.188501,1
"separate72","GLW","2026-04-28",40,true,true,true,false,false,2,,,-3.188501,1
"separate72","GLW","2026-04-28",60,true,true,true,false,false,2,,,-4.50594,60
"separate72","GPN","2023-05-01",20,false,false,false,true,false,,1,,-6.07767,20
"separate72","GPN","2023-05-01",40,false,false,false,true,false,,1,,-7.009709,21
"separate72","GPN","2023-05-01",60,true,false,true,true,false,44,1,,-7.009709,21
"separate72","GPN","2024-05-01",20,false,false,false,true,false,,16,,-8.84834,19
"separate72","GPN","2024-05-01",40,false,false,false,true,true,,16,23,-15.784698,33
"separate72","GPN","2024-05-01",60,false,false,false,true,true,,16,23,-15.784698,33
"separate72","HAL","2023-04-26",20,false,false,false,true,true,,4,6,-12.232029,14
"separate72","HAL","2023-04-26",40,true,false,false,true,true,33,4,6,-12.232029,14
"separate72","HAL","2023-04-26",60,true,false,false,true,true,33,4,6,-12.232029,14
"separate72","HAL","2024-07-19",20,false,false,false,true,true,,10,11,-11.904069,11
"separate72","HAL","2024-07-19",40,false,false,false,true,true,,10,11,-19.527161,37
"separate72","HAL","2024-07-19",60,false,false,false,true,true,,10,11,-19.527161,37
"separate72","HSY","2023-10-27",20,true,true,true,false,false,11,,,-0.203682,1
"separate72","HSY","2023-10-27",40,true,true,true,false,false,11,,,-2.278123,38
"separate72","HSY","2023-10-27",60,true,true,true,false,false,11,,,-2.278123,38
"separate72","KDP","2023-04-27",20,false,false,false,true,false,,13,,-6.768038,20
"separate72","KDP","2023-04-27",40,false,false,false,true,false,,13,,-8.482409,23
"separate72","KDP","2023-04-27",60,false,false,false,true,false,,13,,-8.561414,43
"separate72","KDP","2024-10-25",20,false,false,false,true,true,,2,17,-10.62753,17
"separate72","KDP","2024-10-25",40,false,false,false,true,true,,2,17,-10.62753,17
"separate72","KDP","2024-10-25",60,false,false,false,true,true,,2,17,-12.262249,52
"separate72","KR","2025-12-05",20,false,false,false,false,false,,,,-3.204752,19
"separate72","KR","2025-12-05",40,true,false,true,true,false,40,21,,-6.553979,22
"separate72","KR","2025-12-05",60,true,false,true,true,false,40,21,,-6.553979,22
"separate72","LEN","2024-03-14",20,true,true,true,false,false,4,,,-0.876619,1
"separate72","LEN","2024-03-14",40,true,true,true,false,false,4,,,-2.43687,25
"separate72","LEN","2024-03-14",60,true,true,true,false,false,4,,,-2.43687,25
"separate72","LEN","2024-09-20",20,false,false,false,false,false,,,,-2.249632,14
"separate72","LEN","2024-09-20",40,false,false,false,true,true,,23,27,-11.596681,27
"separate72","LEN","2024-09-20",60,false,false,false,true,true,,23,27,-16.58195,60
"separate72","LEN","2024-12-19",20,false,false,false,true,false,,12,,-7.218208,14
"separate72","LEN","2024-12-19",40,false,false,false,true,true,,12,32,-14.497862,39
"separate72","LEN","2024-12-19",60,false,false,false,true,true,,12,32,-16.15859,55
"separate72","LEN","2025-06-18",20,true,true,true,false,false,2,,,0.096703,1
"separate72","LEN","2025-06-18",40,true,true,true,false,false,2,,,0.096703,1
"separate72","LEN","2025-06-18",60,true,true,true,false,false,2,,,0.096703,1
"separate72","MPWR","2023-05-05",20,true,true,true,false,false,9,,,-4.419238,5
"separate72","MPWR","2023-05-05",40,true,true,true,false,false,9,,,-4.419238,5
"separate72","MPWR","2023-05-05",60,true,true,true,false,false,9,,,-4.419238,5
"separate72","MPWR","2023-08-02",20,false,false,false,true,true,,7,12,-10.549931,17
"separate72","MPWR","2023-08-02",40,false,false,false,true,true,,7,12,-17.339928,40
"separate72","MPWR","2023-08-02",60,false,false,false,true,true,,7,12,-25.31948,59
"separate72","MPWR","2024-10-31",20,false,false,false,true,true,,7,7,-27.998815,14
"separate72","MPWR","2024-10-31",40,false,false,false,true,true,,7,7,-27.998815,14
"separate72","MPWR","2024-10-31",60,false,false,false,true,true,,7,7,-27.998815,14
"separate72","MPWR","2025-10-31",20,false,false,false,true,true,,2,5,-17.096507,15
"separate72","MPWR","2025-10-31",40,false,false,false,true,true,,2,5,-17.096507,15
"separate72","MPWR","2025-10-31",60,true,false,false,true,true,53,2,5,-17.096507,15
"separate72","NEM","2025-10-24",20,true,false,true,true,false,11,1,,-8.783974,2
"separate72","NEM","2025-10-24",40,true,false,true,true,false,11,1,,-8.783974,2
"separate72","NEM","2025-10-24",60,true,false,true,true,false,11,1,,-8.783974,2
"separate72","NOC","2023-01-27",20,true,true,true,false,false,9,,,-0.461556,2
"separate72","NOC","2023-01-27",40,true,true,true,false,false,9,,,-0.461556,2
"separate72","NOC","2023-01-27",60,true,true,true,false,false,9,,,-0.461556,2
"separate72","NOC","2024-01-25",20,true,true,true,false,false,17,,,-0.697273,1
"separate72","NOC","2024-01-25",40,true,true,true,false,false,17,,,-0.697273,1
"separate72","NOC","2024-01-25",60,true,true,true,false,false,17,,,-0.697273,1
"separate72","NOC","2025-04-22",20,true,true,true,false,false,6,,,-2.385365,16
"separate72","NOC","2025-04-22",40,true,true,true,false,false,6,,,-2.385365,16
"separate72","NOC","2025-04-22",60,true,true,true,false,false,6,,,-2.385365,16
"separate72","NOC","2026-04-21",20,false,false,false,true,true,,3,12,-11.802726,19
"separate72","NOC","2026-04-21",40,false,false,false,true,true,,3,12,-13.595496,30
"separate72","NOC","2026-04-21",60,false,false,false,true,true,,3,12,-18.836665,47
"separate72","OKE","2025-04-30",20,true,true,true,false,false,8,,,-3.164637,4
"separate72","OKE","2025-04-30",40,true,true,true,false,false,8,,,-3.164637,4
"separate72","OKE","2025-04-30",60,true,true,true,false,false,8,,,-3.164637,4
"separate72","OKE","2025-08-05",20,false,false,false,false,false,,,,-4.649934,10
"separate72","OKE","2025-08-05",40,false,false,false,true,false,,22,,-6.69749,22
"separate72","OKE","2025-08-05",60,false,false,false,true,true,,22,51,-12.069749,52
"separate72","OKE","2026-02-24",20,true,true,true,false,false,5,,,-3.816504,1
"separate72","OKE","2026-02-24",40,true,true,true,false,false,5,,,-3.816504,1
"separate72","OKE","2026-02-24",60,true,true,true,false,false,5,,,-3.816504,1
"separate72","REGN","2024-10-31",20,false,false,false,true,true,,10,11,-12.198187,15
"separate72","REGN","2024-10-31",40,false,false,false,true,true,,10,11,-17.322835,34
"separate72","REGN","2024-10-31",60,false,false,false,true,true,,10,11,-20.514376,48
"separate72","REGN","2025-04-29",20,true,true,true,false,false,1,7,,-8.509255,7
"separate72","REGN","2025-04-29",40,true,true,true,false,false,1,7,22,-16.121911,26
"separate72","REGN","2025-04-29",60,true,true,true,false,false,1,7,22,-16.121911,26
"separate72","REGN","2026-04-29",20,true,true,true,false,false,5,13,13,-11.037939,13
"separate72","REGN","2026-04-29",40,true,true,true,false,false,5,13,13,-13.689102,23
"separate72","REGN","2026-04-29",60,true,true,true,false,false,5,13,13,-13.689102,23
"separate72","TMO","2026-04-23",20,false,false,false,true,false,,16,,-6.734519,17
"separate72","TMO","2026-04-23",40,true,false,true,true,false,24,16,,-6.734519,17
"separate72","TMO","2026-04-23",60,true,false,true,true,false,24,16,,-6.734519,17
"separate72","TPR","2025-08-14",20,true,true,true,false,false,1,,,0.010451,1
"separate72","TPR","2025-08-14",40,true,true,true,false,false,1,,,0.010451,1
"separate72","TPR","2025-08-14",60,true,true,true,false,false,1,,,-2.442393,59
"separate72","WAB","2024-07-24",20,false,false,false,true,false,,8,,-6.11648,8
"separate72","WAB","2024-07-24",40,true,false,true,true,false,22,8,,-6.11648,8
"separate72","WAB","2024-07-24",60,true,false,true,true,false,22,8,,-6.11648,8
"separate72","WAB","2025-02-12",20,false,false,false,true,false,,13,,-8.697109,13
"separate72","WAB","2025-02-12",40,false,false,false,true,true,,13,36,-19.687318,37
"separate72","WAB","2025-02-12",60,false,false,false,true,true,,13,36,-19.687318,37
"separate72","WAB","2025-07-24",20,false,false,false,true,false,,4,,-7.503737,6
"separate72","WAB","2025-07-24",40,false,false,false,true,false,,4,,-8.073111,38
"separate72","WAB","2025-07-24",60,false,false,false,true,false,,4,,-8.073111,38
"separate72","ZBH","2023-08-02",20,false,false,false,true,true,,10,14,-11.208911,16
"separate72","ZBH","2023-08-02",40,false,false,false,true,true,,10,14,-15.469699,39
"separate72","ZBH","2023-08-02",60,false,false,false,true,true,,10,14,-20.375838,51
"separate72","ZBH","2025-02-06",20,true,true,true,false,false,20,,,-4.869023,4
"separate72","ZBH","2025-02-06",40,true,true,true,false,false,20,,,-4.869023,4
"separate72","ZBH","2025-02-06",60,true,true,true,false,false,20,47,60,-12.247881,60
"separate72","ZBH","2025-05-05",20,true,true,true,false,false,3,,,-1.392573,20
"separate72","ZBH","2025-05-05",40,true,true,true,false,false,3,,,-1.392573,20
"separate72","ZBH","2025-05-05",60,true,true,true,false,false,3,,,-1.392573,20
"separate72","ZBH","2025-11-05",20,true,true,true,false,false,12,,,-2.535694,1
"separate72","ZBH","2025-11-05",40,true,true,true,false,false,12,,,-2.535694,1
"separate72","ZBH","2025-11-05",60,true,true,true,false,false,12,,,-3.124102,57
"separate72","ZBH","2026-04-28",20,true,true,true,false,false,16,,,-4.444444,9
"separate72","ZBH","2026-04-28",40,true,true,true,false,false,16,,,-4.444444,9
"separate72","ZBH","2026-04-28",60,true,true,true,false,false,16,,,-4.444444,9
