cohort,ticker,selloff_date,earnings_date,horizon,stop_pct,result,target_any,target_first_day,stop_first_day,first_result_day,min60_pct,min_before_target_pct
original92,ABNB,2023-05-10,2023-05-09,20.00000,5.00000,stop,true,18.00000,2.00000,2.00000,-8.51665,-8.51665
original92,ABNB,2023-05-10,2023-05-09,20.00000,10.00000,target,true,18.00000,,18.00000,-8.51665,-8.51665
original92,ABNB,2023-05-10,2023-05-09,40.00000,5.00000,stop,true,18.00000,2.00000,2.00000,-8.51665,-8.51665
original92,ABNB,2023-05-10,2023-05-09,40.00000,10.00000,target,true,18.00000,,18.00000,-8.51665,-8.51665
original92,ABNB,2023-05-10,2023-05-09,60.00000,5.00000,stop,true,18.00000,2.00000,2.00000,-8.51665,-8.51665
original92,ABNB,2023-05-10,2023-05-09,60.00000,10.00000,target,true,18.00000,,18.00000,-8.51665,-8.51665
original92,ADBE,2025-06-13,2025-06-12,20.00000,5.00000,stop,false,,16.00000,16.00000,-8.04228,
original92,ADBE,2025-06-13,2025-06-12,20.00000,10.00000,timeout,false,,,,-8.04228,
original92,ADBE,2025-06-13,2025-06-12,40.00000,5.00000,stop,false,,16.00000,16.00000,-15.73734,
original92,ADBE,2025-06-13,2025-06-12,40.00000,10.00000,stop,false,,33.00000,33.00000,-15.73734,
original92,ADBE,2025-06-13,2025-06-12,60.00000,5.00000,stop,false,,16.00000,16.00000,-15.73734,
original92,ADBE,2025-06-13,2025-06-12,60.00000,10.00000,stop,false,,33.00000,33.00000,-15.73734,
original92,ADBE,2025-03-13,2025-03-12,20.00000,5.00000,target,true,2.00000,16.00000,2.00000,-12.12947,-0.01059
original92,ADBE,2025-03-13,2025-03-12,20.00000,10.00000,target,true,2.00000,17.00000,2.00000,-12.12947,-0.01059
original92,ADBE,2025-03-13,2025-03-12,40.00000,5.00000,target,true,2.00000,16.00000,2.00000,-12.12947,-0.01059
original92,ADBE,2025-03-13,2025-03-12,40.00000,10.00000,target,true,2.00000,17.00000,2.00000,-12.12947,-0.01059
original92,ADBE,2025-03-13,2025-03-12,60.00000,5.00000,target,true,2.00000,16.00000,2.00000,-12.12947,-0.01059
original92,ADBE,2025-03-13,2025-03-12,60.00000,10.00000,target,true,2.00000,17.00000,2.00000,-12.12947,-0.01059
original92,ADBE,2024-12-12,2024-12-11,20.00000,5.00000,stop,false,,4.00000,4.00000,-14.93374,
original92,ADBE,2024-12-12,2024-12-11,20.00000,10.00000,stop,false,,14.00000,14.00000,-14.93374,
original92,ADBE,2024-12-12,2024-12-11,40.00000,5.00000,stop,false,,4.00000,4.00000,-14.93374,
original92,ADBE,2024-12-12,2024-12-11,40.00000,10.00000,stop,false,,14.00000,14.00000,-14.93374,
original92,ADBE,2024-12-12,2024-12-11,60.00000,5.00000,stop,false,,4.00000,4.00000,-21.09643,
original92,ADBE,2024-12-12,2024-12-11,60.00000,10.00000,stop,false,,14.00000,14.00000,-21.09643,
original92,ADBE,2024-09-13,2024-09-12,20.00000,5.00000,stop,false,,3.00000,3.00000,-9.40079,
original92,ADBE,2024-09-13,2024-09-12,20.00000,10.00000,timeout,false,,,,-9.40079,
original92,ADBE,2024-09-13,2024-09-12,40.00000,5.00000,stop,false,,3.00000,3.00000,-11.51489,
original92,ADBE,2024-09-13,2024-09-12,40.00000,10.00000,stop,false,,29.00000,29.00000,-11.51489,
original92,ADBE,2024-09-13,2024-09-12,60.00000,5.00000,stop,false,,3.00000,3.00000,-11.51489,
original92,ADBE,2024-09-13,2024-09-12,60.00000,10.00000,stop,false,,29.00000,29.00000,-11.51489,
original92,ADBE,2024-03-15,2024-03-14,20.00000,5.00000,target,true,2.00000,,2.00000,-4.89583,0.62746
original92,ADBE,2024-03-15,2024-03-14,20.00000,10.00000,target,true,2.00000,,2.00000,-4.89583,0.62746
original92,ADBE,2024-03-15,2024-03-14,40.00000,5.00000,target,true,2.00000,24.00000,2.00000,-6.51830,0.62746
original92,ADBE,2024-03-15,2024-03-14,40.00000,10.00000,target,true,2.00000,,2.00000,-6.51830,0.62746
original92,ADBE,2024-03-15,2024-03-14,60.00000,5.00000,target,true,2.00000,24.00000,2.00000,-11.87711,0.62746
original92,ADBE,2024-03-15,2024-03-14,60.00000,10.00000,target,true,2.00000,53.00000,2.00000,-11.87711,0.62746
original92,AMD,2026-02-04,2026-02-03,20.00000,5.00000,target,true,3.00000,17.00000,3.00000,-5.97932,-4.73051
original92,AMD,2026-02-04,2026-02-03,20.00000,10.00000,target,true,3.00000,,3.00000,-5.97932,-4.73051
original92,AMD,2026-02-04,2026-02-03,40.00000,5.00000,target,true,3.00000,17.00000,3.00000,-5.97932,-4.73051
original92,AMD,2026-02-04,2026-02-03,40.00000,10.00000,target,true,3.00000,,3.00000,-5.97932,-4.73051
original92,AMD,2026-02-04,2026-02-03,60.00000,5.00000,target,true,3.00000,17.00000,3.00000,-5.97932,-4.73051
original92,AMD,2026-02-04,2026-02-03,60.00000,10.00000,target,true,3.00000,,3.00000,-5.97932,-4.73051
original92,AMD,2025-08-06,2025-08-05,20.00000,5.00000,target,true,1.00000,,1.00000,-3.98480,
original92,AMD,2025-08-06,2025-08-05,20.00000,10.00000,target,true,1.00000,,1.00000,-3.98480,
original92,AMD,2025-08-06,2025-08-05,40.00000,5.00000,target,true,1.00000,21.00000,1.00000,-8.52133,
original92,AMD,2025-08-06,2025-08-05,40.00000,10.00000,target,true,1.00000,,1.00000,-8.52133,
original92,AMD,2025-08-06,2025-08-05,60.00000,5.00000,target,true,1.00000,21.00000,1.00000,-8.52133,
original92,AMD,2025-08-06,2025-08-05,60.00000,10.00000,target,true,1.00000,,1.00000,-8.52133,
original92,AMD,2025-02-05,2025-02-04,20.00000,5.00000,stop,false,,13.00000,13.00000,-14.39157,
original92,AMD,2025-02-05,2025-02-04,20.00000,10.00000,stop,false,,15.00000,15.00000,-14.39157,
original92,AMD,2025-02-05,2025-02-04,40.00000,5.00000,stop,false,,13.00000,13.00000,-16.40032,
original92,AMD,2025-02-05,2025-02-04,40.00000,10.00000,stop,false,,15.00000,15.00000,-16.40032,
original92,AMD,2025-02-05,2025-02-04,60.00000,5.00000,stop,false,,13.00000,13.00000,-31.72038,
original92,AMD,2025-02-05,2025-02-04,60.00000,10.00000,stop,false,,15.00000,15.00000,-31.72038,
original92,AMD,2024-10-30,2024-10-29,20.00000,5.00000,stop,false,,3.00000,3.00000,-10.52490,
original92,AMD,2024-10-30,2024-10-29,20.00000,10.00000,stop,false,,12.00000,12.00000,-10.52490,
original92,AMD,2024-10-30,2024-10-29,40.00000,5.00000,stop,false,,3.00000,3.00000,-20.65949,
original92,AMD,2024-10-30,2024-10-29,40.00000,10.00000,stop,false,,12.00000,12.00000,-20.65949,
original92,AMD,2024-10-30,2024-10-29,60.00000,5.00000,stop,false,,3.00000,3.00000,-24.09152,
original92,AMD,2024-10-30,2024-10-29,60.00000,10.00000,stop,false,,12.00000,12.00000,-24.09152,
original92,AMD,2024-05-01,2024-04-30,20.00000,5.00000,target,true,3.00000,,3.00000,-2.15915,-2.15915
original92,AMD,2024-05-01,2024-04-30,20.00000,10.00000,target,true,3.00000,,3.00000,-2.15915,-2.15915
original92,AMD,2024-05-01,2024-04-30,40.00000,5.00000,target,true,3.00000,,3.00000,-2.15915,-2.15915
original92,AMD,2024-05-01,2024-04-30,40.00000,10.00000,target,true,3.00000,,3.00000,-2.15915,-2.15915
original92,AMD,2024-05-01,2024-04-30,60.00000,5.00000,target,true,3.00000,58.00000,3.00000,-5.17086,-2.15915
original92,AMD,2024-05-01,2024-04-30,60.00000,10.00000,target,true,3.00000,,3.00000,-5.17086,-2.15915
original92,AMD,2023-05-03,2023-05-02,20.00000,5.00000,target,true,1.00000,,1.00000,-0.62485,
original92,AMD,2023-05-03,2023-05-02,20.00000,10.00000,target,true,1.00000,,1.00000,-0.62485,
original92,AMD,2023-05-03,2023-05-02,40.00000,5.00000,target,true,1.00000,,1.00000,-0.62485,
original92,AMD,2023-05-03,2023-05-02,40.00000,10.00000,target,true,1.00000,,1.00000,-0.62485,
original92,AMD,2023-05-03,2023-05-02,60.00000,5.00000,target,true,1.00000,,1.00000,-0.62485,
original92,AMD,2023-05-03,2023-05-02,60.00000,10.00000,target,true,1.00000,,1.00000,-0.62485,
original92,ANET,2026-05-06,2026-05-05,20.00000,5.00000,stop,true,13.00000,1.00000,1.00000,-8.11234,-8.11234
original92,ANET,2026-05-06,2026-05-05,20.00000,10.00000,target,true,13.00000,,13.00000,-8.11234,-8.11234
original92,ANET,2026-05-06,2026-05-05,40.00000,5.00000,stop,true,13.00000,1.00000,1.00000,-8.11234,-8.11234
original92,ANET,2026-05-06,2026-05-05,40.00000,10.00000,target,true,13.00000,,13.00000,-8.11234,-8.11234
original92,ANET,2026-05-06,2026-05-05,60.00000,5.00000,stop,true,13.00000,1.00000,1.00000,-8.11234,-8.11234
original92,ANET,2026-05-06,2026-05-05,60.00000,10.00000,target,true,13.00000,,13.00000,-8.11234,-8.11234
original92,ANET,2025-11-05,2025-11-04,20.00000,5.00000,stop,false,,1.00000,1.00000,-18.44467,
original92,ANET,2025-11-05,2025-11-04,20.00000,10.00000,stop,false,,7.00000,7.00000,-18.44467,
original92,ANET,2025-11-05,2025-11-04,40.00000,5.00000,stop,false,,1.00000,1.00000,-18.44467,
original92,ANET,2025-11-05,2025-11-04,40.00000,10.00000,stop,false,,7.00000,7.00000,-18.44467,
original92,ANET,2025-11-05,2025-11-04,60.00000,5.00000,stop,true,55.00000,1.00000,1.00000,-18.44467,-18.44467
original92,ANET,2025-11-05,2025-11-04,60.00000,10.00000,stop,true,55.00000,7.00000,7.00000,-18.44467,-18.44467
original92,ANET,2025-02-19,2025-02-18,20.00000,5.00000,stop,false,,2.00000,2.00000,-26.86682,
original92,ANET,2025-02-19,2025-02-18,20.00000,10.00000,stop,false,,3.00000,3.00000,-26.86682,
original92,ANET,2025-02-19,2025-02-18,40.00000,5.00000,stop,false,,2.00000,2.00000,-42.81178,
original92,ANET,2025-02-19,2025-02-18,40.00000,10.00000,stop,false,,3.00000,3.00000,-42.81178,
original92,ANET,2025-02-19,2025-02-18,60.00000,5.00000,stop,false,,2.00000,2.00000,-42.81178,
original92,ANET,2025-02-19,2025-02-18,60.00000,10.00000,stop,false,,3.00000,3.00000,-42.81178,
original92,ANET,2024-11-08,2024-11-07,20.00000,5.00000,stop,true,17.00000,5.00000,5.00000,-8.00350,-8.00350
original92,ANET,2024-11-08,2024-11-07,20.00000,10.00000,target,true,17.00000,,17.00000,-8.00350,-8.00350
original92,ANET,2024-11-08,2024-11-07,40.00000,5.00000,stop,true,17.00000,5.00000,5.00000,-8.00350,-8.00350
original92,ANET,2024-11-08,2024-11-07,40.00000,10.00000,target,true,17.00000,,17.00000,-8.00350,-8.00350
original92,ANET,2024-11-08,2024-11-07,60.00000,5.00000,stop,true,17.00000,5.00000,5.00000,-8.00350,-8.00350
original92,ANET,2024-11-08,2024-11-07,60.00000,10.00000,target,true,17.00000,,17.00000,-8.00350,-8.00350
original92,ANET,2024-02-13,2024-02-12,20.00000,5.00000,target,true,12.00000,,12.00000,-4.68156,-4.68156
original92,ANET,2024-02-13,2024-02-12,20.00000,10.00000,target,true,12.00000,,12.00000,-4.68156,-4.68156
original92,ANET,2024-02-13,2024-02-12,40.00000,5.00000,target,true,12.00000,,12.00000,-4.68156,-4.68156
original92,ANET,2024-02-13,2024-02-12,40.00000,10.00000,target,true,12.00000,,12.00000,-4.68156,-4.68156
original92,ANET,2024-02-13,2024-02-12,60.00000,5.00000,target,true,12.00000,46.00000,12.00000,-9.48740,-4.68156
original92,ANET,2024-02-13,2024-02-12,60.00000,10.00000,target,true,12.00000,,12.00000,-9.48740,-4.68156
original92,ANET,2023-05-02,2023-05-01,20.00000,5.00000,target,true,6.00000,,6.00000,-2.44481,-2.44481
original92,ANET,2023-05-02,2023-05-01,20.00000,10.00000,target,true,6.00000,,6.00000,-2.44481,-2.44481
original92,ANET,2023-05-02,2023-05-01,40.00000,5.00000,target,true,6.00000,,6.00000,-2.44481,-2.44481
original92,ANET,2023-05-02,2023-05-01,40.00000,10.00000,target,true,6.00000,,6.00000,-2.44481,-2.44481
original92,ANET,2023-05-02,2023-05-01,60.00000,5.00000,target,true,6.00000,,6.00000,-2.44481,-2.44481
original92,ANET,2023-05-02,2023-05-01,60.00000,10.00000,target,true,6.00000,,6.00000,-2.44481,-2.44481
original92,COIN,2025-02-14,2025-02-13,20.00000,5.00000,stop,false,,1.00000,1.00000,-35.52915,
original92,COIN,2025-02-14,2025-02-13,20.00000,10.00000,stop,false,,4.00000,4.00000,-35.52915,
original92,COIN,2025-02-14,2025-02-13,40.00000,5.00000,stop,false,,1.00000,1.00000,-48.02231,
original92,COIN,2025-02-14,2025-02-13,40.00000,10.00000,stop,false,,4.00000,4.00000,-48.02231,
original92,COIN,2025-02-14,2025-02-13,60.00000,5.00000,stop,false,,1.00000,1.00000,-48.02231,
original92,COIN,2025-02-14,2025-02-13,60.00000,10.00000,stop,false,,4.00000,4.00000,-48.02231,
original92,COIN,2024-10-31,2024-10-30,20.00000,5.00000,target,true,1.00000,,1.00000,-1.60112,
original92,COIN,2024-10-31,2024-10-30,20.00000,10.00000,target,true,1.00000,,1.00000,-1.60112,
original92,COIN,2024-10-31,2024-10-30,40.00000,5.00000,target,true,1.00000,,1.00000,-1.60112,
original92,COIN,2024-10-31,2024-10-30,40.00000,10.00000,target,true,1.00000,,1.00000,-1.60112,
original92,COIN,2024-10-31,2024-10-30,60.00000,5.00000,target,true,1.00000,,1.00000,-1.60112,
original92,COIN,2024-10-31,2024-10-30,60.00000,10.00000,target,true,1.00000,,1.00000,-1.60112,
original92,COIN,2024-08-05,2024-08-01,20.00000,5.00000,stop,true,2.00000,2.00000,2.00000,-11.29466,-3.57313
original92,COIN,2024-08-05,2024-08-01,20.00000,10.00000,target,true,2.00000,20.00000,2.00000,-11.29466,-3.57313
original92,COIN,2024-08-05,2024-08-01,40.00000,5.00000,stop,true,2.00000,2.00000,2.00000,-22.87961,-3.57313
original92,COIN,2024-08-05,2024-08-01,40.00000,10.00000,target,true,2.00000,20.00000,2.00000,-22.87961,-3.57313
original92,COIN,2024-08-05,2024-08-01,60.00000,5.00000,stop,true,2.00000,2.00000,2.00000,-22.87961,-3.57313
original92,COIN,2024-08-05,2024-08-01,60.00000,10.00000,target,true,2.00000,20.00000,2.00000,-22.87961,-3.57313
original92,CRM,2024-05-30,2024-05-29,20.00000,5.00000,target,true,1.00000,,1.00000,-0.89445,
original92,CRM,2024-05-30,2024-05-29,20.00000,10.00000,target,true,1.00000,,1.00000,-0.89445,
original92,CRM,2024-05-30,2024-05-29,40.00000,5.00000,target,true,1.00000,,1.00000,-0.89445,
original92,CRM,2024-05-30,2024-05-29,40.00000,10.00000,target,true,1.00000,,1.00000,-0.89445,
original92,CRM,2024-05-30,2024-05-29,60.00000,5.00000,target,true,1.00000,,1.00000,-0.89445,
original92,CRM,2024-05-30,2024-05-29,60.00000,10.00000,target,true,1.00000,,1.00000,-0.89445,
original92,CRWD,2025-03-05,2025-03-04,20.00000,5.00000,stop,true,14.00000,1.00000,1.00000,-16.87007,-16.87007
original92,CRWD,2025-03-05,2025-03-04,20.00000,10.00000,stop,true,14.00000,2.00000,2.00000,-16.87007,-16.87007
original92,CRWD,2025-03-05,2025-03-04,40.00000,5.00000,stop,true,14.00000,1.00000,1.00000,-18.45447,-16.87007
original92,CRWD,2025-03-05,2025-03-04,40.00000,10.00000,stop,true,14.00000,2.00000,2.00000,-18.45447,-16.87007
original92,CRWD,2025-03-05,2025-03-04,60.00000,5.00000,stop,true,14.00000,1.00000,1.00000,-18.45447,-16.87007
original92,CRWD,2025-03-05,2025-03-04,60.00000,10.00000,stop,true,14.00000,2.00000,2.00000,-18.45447,-16.87007
original92,CRWD,2024-11-29,2024-11-26,20.00000,5.00000,target,true,3.00000,,3.00000,-2.71989,-2.71989
original92,CRWD,2024-11-29,2024-11-26,20.00000,10.00000,target,true,3.00000,,3.00000,-2.71989,-2.71989
original92,CRWD,2024-11-29,2024-11-26,40.00000,5.00000,target,true,3.00000,,3.00000,-3.01182,-2.71989
original92,CRWD,2024-11-29,2024-11-26,40.00000,10.00000,target,true,3.00000,,3.00000,-3.01182,-2.71989
original92,CRWD,2024-11-29,2024-11-26,60.00000,5.00000,target,true,3.00000,,3.00000,-3.01182,-2.71989
original92,CRWD,2024-11-29,2024-11-26,60.00000,10.00000,target,true,3.00000,,3.00000,-3.01182,-2.71989
original92,CSCO,2026-02-12,2026-02-11,20.00000,5.00000,target,true,4.00000,,4.00000,-2.10667,-2.10667
original92,CSCO,2026-02-12,2026-02-11,20.00000,10.00000,target,true,4.00000,,4.00000,-2.10667,-2.10667
original92,CSCO,2026-02-12,2026-02-11,40.00000,5.00000,target,true,4.00000,,4.00000,-2.10667,-2.10667
original92,CSCO,2026-02-12,2026-02-11,40.00000,10.00000,target,true,4.00000,,4.00000,-2.10667,-2.10667
original92,CSCO,2026-02-12,2026-02-11,60.00000,5.00000,target,true,4.00000,,4.00000,-2.10667,-2.10667
original92,CSCO,2026-02-12,2026-02-11,60.00000,10.00000,target,true,4.00000,,4.00000,-2.10667,-2.10667
original92,CSCO,2025-08-15,2025-08-13,20.00000,5.00000,target,true,9.00000,,9.00000,-0.67976,-0.67976
original92,CSCO,2025-08-15,2025-08-13,20.00000,10.00000,target,true,9.00000,,9.00000,-0.67976,-0.67976
original92,CSCO,2025-08-15,2025-08-13,40.00000,5.00000,target,true,9.00000,,9.00000,-0.67976,-0.67976
original92,CSCO,2025-08-15,2025-08-13,40.00000,10.00000,target,true,9.00000,,9.00000,-0.67976,-0.67976
original92,CSCO,2025-08-15,2025-08-13,60.00000,5.00000,target,true,9.00000,,9.00000,-0.67976,-0.67976
original92,CSCO,2025-08-15,2025-08-13,60.00000,10.00000,target,true,9.00000,,9.00000,-0.67976,-0.67976
original92,CSCO,2023-11-16,2023-11-15,20.00000,5.00000,timeout,false,,,,-1.01998,
original92,CSCO,2023-11-16,2023-11-15,20.00000,10.00000,timeout,false,,,,-1.01998,
original92,CSCO,2023-11-16,2023-11-15,40.00000,5.00000,target,true,22.00000,,22.00000,-1.01998,-1.01998
original92,CSCO,2023-11-16,2023-11-15,40.00000,10.00000,target,true,22.00000,,22.00000,-1.01998,-1.01998
original92,CSCO,2023-11-16,2023-11-15,60.00000,5.00000,target,true,22.00000,,22.00000,-1.01998,-1.01998
original92,CSCO,2023-11-16,2023-11-15,60.00000,10.00000,target,true,22.00000,,22.00000,-1.01998,-1.01998
original92,DELL,2025-08-29,2025-08-28,20.00000,5.00000,target,true,4.00000,,4.00000,-3.64306,-3.64306
original92,DELL,2025-08-29,2025-08-28,20.00000,10.00000,target,true,4.00000,,4.00000,-3.64306,-3.64306
original92,DELL,2025-08-29,2025-08-28,40.00000,5.00000,target,true,4.00000,,4.00000,-3.64306,-3.64306
original92,DELL,2025-08-29,2025-08-28,40.00000,10.00000,target,true,4.00000,,4.00000,-3.64306,-3.64306
original92,DELL,2025-08-29,2025-08-28,60.00000,5.00000,target,true,4.00000,,4.00000,-4.23634,-3.64306
original92,DELL,2025-08-29,2025-08-28,60.00000,10.00000,target,true,4.00000,,4.00000,-4.23634,-3.64306
original92,DELL,2025-03-03,2025-02-27,20.00000,5.00000,stop,true,12.00000,4.00000,4.00000,-7.56582,-7.56582
original92,DELL,2025-03-03,2025-02-27,20.00000,10.00000,target,true,12.00000,,12.00000,-7.56582,-7.56582
original92,DELL,2025-03-03,2025-02-27,40.00000,5.00000,stop,true,12.00000,4.00000,4.00000,-30.67706,-7.56582
original92,DELL,2025-03-03,2025-02-27,40.00000,10.00000,target,true,12.00000,23.00000,12.00000,-30.67706,-7.56582
original92,DELL,2025-03-03,2025-02-27,60.00000,5.00000,stop,true,12.00000,4.00000,4.00000,-30.67706,-7.56582
original92,DELL,2025-03-03,2025-02-27,60.00000,10.00000,target,true,12.00000,23.00000,12.00000,-30.67706,-7.56582
original92,DELL,2024-11-27,2024-11-26,20.00000,5.00000,stop,false,,8.00000,8.00000,-11.42467,
original92,DELL,2024-11-27,2024-11-26,20.00000,10.00000,stop,false,,14.00000,14.00000,-11.42467,
original92,DELL,2024-11-27,2024-11-26,40.00000,5.00000,stop,false,,8.00000,8.00000,-19.24789,
original92,DELL,2024-11-27,2024-11-26,40.00000,10.00000,stop,false,,14.00000,14.00000,-19.24789,
original92,DELL,2024-11-27,2024-11-26,60.00000,5.00000,stop,false,,8.00000,8.00000,-20.59899,
original92,DELL,2024-11-27,2024-11-26,60.00000,10.00000,stop,false,,14.00000,14.00000,-20.59899,
original92,DIS,2023-05-11,2023-05-10,20.00000,5.00000,stop,false,,12.00000,12.00000,-5.74152,
original92,DIS,2023-05-11,2023-05-10,20.00000,10.00000,timeout,false,,,,-5.74152,
original92,DIS,2023-05-11,2023-05-10,40.00000,5.00000,stop,false,,12.00000,12.00000,-5.74152,
original92,DIS,2023-05-11,2023-05-10,40.00000,10.00000,timeout,false,,,,-5.74152,
original92,DIS,2023-05-11,2023-05-10,60.00000,5.00000,stop,false,,12.00000,12.00000,-7.74564,
original92,DIS,2023-05-11,2023-05-10,60.00000,10.00000,timeout,false,,,,-7.74564,
original92,FDX,2024-09-20,2024-09-19,20.00000,5.00000,target,true,2.00000,,2.00000,0.33773,0.33773
original92,FDX,2024-09-20,2024-09-19,20.00000,10.00000,target,true,2.00000,,2.00000,0.33773,0.33773
original92,FDX,2024-09-20,2024-09-19,40.00000,5.00000,target,true,2.00000,,2.00000,0.33773,0.33773
original92,FDX,2024-09-20,2024-09-19,40.00000,10.00000,target,true,2.00000,,2.00000,0.33773,0.33773
original92,FDX,2024-09-20,2024-09-19,60.00000,5.00000,target,true,2.00000,,2.00000,0.33773,0.33773
original92,FDX,2024-09-20,2024-09-19,60.00000,10.00000,target,true,2.00000,,2.00000,0.33773,0.33773
original92,GILD,2024-02-08,2024-02-06,20.00000,5.00000,timeout,false,,,,-3.29268,
original92,GILD,2024-02-08,2024-02-06,20.00000,10.00000,timeout,false,,,,-3.29268,
original92,GILD,2024-02-08,2024-02-06,40.00000,5.00000,stop,false,,38.00000,38.00000,-6.17604,
original92,GILD,2024-02-08,2024-02-06,40.00000,10.00000,timeout,false,,,,-6.17604,
original92,GILD,2024-02-08,2024-02-06,60.00000,5.00000,stop,false,,38.00000,38.00000,-11.93908,
original92,GILD,2024-02-08,2024-02-06,60.00000,10.00000,stop,false,,53.00000,53.00000,-11.93908,
original92,GILD,2023-11-09,2023-11-07,20.00000,5.00000,target,true,17.00000,,17.00000,-1.32035,-1.32035
original92,GILD,2023-11-09,2023-11-07,20.00000,10.00000,target,true,17.00000,,17.00000,-1.32035,-1.32035
original92,GILD,2023-11-09,2023-11-07,40.00000,5.00000,target,true,17.00000,,17.00000,-1.32035,-1.32035
original92,GILD,2023-11-09,2023-11-07,40.00000,10.00000,target,true,17.00000,,17.00000,-1.32035,-1.32035
original92,GILD,2023-11-09,2023-11-07,60.00000,5.00000,target,true,17.00000,,17.00000,-1.32035,-1.32035
original92,GILD,2023-11-09,2023-11-07,60.00000,10.00000,target,true,17.00000,,17.00000,-1.32035,-1.32035
original92,GOOG,2025-02-05,2025-02-04,20.00000,5.00000,stop,false,,5.00000,5.00000,-13.32644,
original92,GOOG,2025-02-05,2025-02-04,20.00000,10.00000,stop,false,,14.00000,14.00000,-13.32644,
original92,GOOG,2025-02-05,2025-02-04,40.00000,5.00000,stop,false,,5.00000,5.00000,-21.18294,
original92,GOOG,2025-02-05,2025-02-04,40.00000,10.00000,stop,false,,14.00000,14.00000,-21.18294,
original92,GOOG,2025-02-05,2025-02-04,60.00000,5.00000,stop,false,,5.00000,5.00000,-26.11354,
original92,GOOG,2025-02-05,2025-02-04,60.00000,10.00000,stop,false,,14.00000,14.00000,-26.11354,
original92,GOOG,2024-07-24,2024-07-23,20.00000,5.00000,stop,false,,8.00000,8.00000,-10.19097,
original92,GOOG,2024-07-24,2024-07-23,20.00000,10.00000,stop,false,,8.00000,8.00000,-10.19097,
original92,GOOG,2024-07-24,2024-07-23,40.00000,5.00000,stop,false,,8.00000,8.00000,-14.89643,
original92,GOOG,2024-07-24,2024-07-23,40.00000,10.00000,stop,false,,8.00000,8.00000,-14.89643,
original92,GOOG,2024-07-24,2024-07-23,60.00000,5.00000,stop,false,,8.00000,8.00000,-14.89643,
original92,GOOG,2024-07-24,2024-07-23,60.00000,10.00000,stop,false,,8.00000,8.00000,-14.89643,
original92,GOOG,2024-01-31,2024-01-30,20.00000,5.00000,target,true,7.00000,,7.00000,-3.63893,-2.55994
original92,GOOG,2024-01-31,2024-01-30,20.00000,10.00000,target,true,7.00000,,7.00000,-3.63893,-2.55994
original92,GOOG,2024-01-31,2024-01-30,40.00000,5.00000,target,true,7.00000,22.00000,7.00000,-7.22849,-2.55994
original92,GOOG,2024-01-31,2024-01-30,40.00000,10.00000,target,true,7.00000,,7.00000,-7.22849,-2.55994
original92,GOOG,2024-01-31,2024-01-30,60.00000,5.00000,target,true,7.00000,22.00000,7.00000,-7.22849,-2.55994
original92,GOOG,2024-01-31,2024-01-30,60.00000,10.00000,target,true,7.00000,,7.00000,-7.22849,-2.55994
original92,HPE,2025-03-07,2025-03-06,20.00000,5.00000,stop,true,11.00000,1.00000,1.00000,-23.70897,-7.40038
original92,HPE,2025-03-07,2025-03-06,20.00000,10.00000,target,true,11.00000,19.00000,11.00000,-23.70897,-7.40038
original92,HPE,2025-03-07,2025-03-06,40.00000,5.00000,stop,true,11.00000,1.00000,1.00000,-23.70897,-7.40038
original92,HPE,2025-03-07,2025-03-06,40.00000,10.00000,target,true,11.00000,19.00000,11.00000,-23.70897,-7.40038
original92,HPE,2025-03-07,2025-03-06,60.00000,5.00000,stop,true,11.00000,1.00000,1.00000,-23.70897,-7.40038
original92,HPE,2025-03-07,2025-03-06,60.00000,10.00000,target,true,11.00000,19.00000,11.00000,-23.70897,-7.40038
original92,HPE,2024-09-05,2024-09-04,20.00000,5.00000,stop,true,9.00000,3.00000,3.00000,-10.60091,-10.60091
original92,HPE,2024-09-05,2024-09-04,20.00000,10.00000,stop,true,9.00000,4.00000,4.00000,-10.60091,-10.60091
original92,HPE,2024-09-05,2024-09-04,40.00000,5.00000,stop,true,9.00000,3.00000,3.00000,-10.60091,-10.60091
original92,HPE,2024-09-05,2024-09-04,40.00000,10.00000,stop,true,9.00000,4.00000,4.00000,-10.60091,-10.60091
original92,HPE,2024-09-05,2024-09-04,60.00000,5.00000,stop,true,9.00000,3.00000,3.00000,-10.60091,-10.60091
original92,HPE,2024-09-05,2024-09-04,60.00000,10.00000,stop,true,9.00000,4.00000,4.00000,-10.60091,-10.60091
original92,HPE,2023-05-31,2023-05-30,20.00000,5.00000,target,true,2.00000,,2.00000,0.06935,0.06935
original92,HPE,2023-05-31,2023-05-30,20.00000,10.00000,target,true,2.00000,,2.00000,0.06935,0.06935
original92,HPE,2023-05-31,2023-05-30,40.00000,5.00000,target,true,2.00000,,2.00000,0.06935,0.06935
original92,HPE,2023-05-31,2023-05-30,40.00000,10.00000,target,true,2.00000,,2.00000,0.06935,0.06935
original92,HPE,2023-05-31,2023-05-30,60.00000,5.00000,target,true,2.00000,,2.00000,0.06935,0.06935
original92,HPE,2023-05-31,2023-05-30,60.00000,10.00000,target,true,2.00000,,2.00000,0.06935,0.06935
original92,IBM,2026-04-23,2026-04-22,20.00000,5.00000,stop,true,20.00000,14.00000,14.00000,-7.43343,-7.43343
original92,IBM,2026-04-23,2026-04-22,20.00000,10.00000,target,true,20.00000,,20.00000,-7.43343,-7.43343
original92,IBM,2026-04-23,2026-04-22,40.00000,5.00000,stop,true,20.00000,14.00000,14.00000,-7.43343,-7.43343
original92,IBM,2026-04-23,2026-04-22,40.00000,10.00000,target,true,20.00000,,20.00000,-7.43343,-7.43343
original92,IBM,2026-04-23,2026-04-22,60.00000,5.00000,stop,true,20.00000,14.00000,14.00000,-10.87733,-7.43343
original92,IBM,2026-04-23,2026-04-22,60.00000,10.00000,target,true,20.00000,57.00000,20.00000,-10.87733,-7.43343
original92,ISRG,2023-07-24,2023-07-20,20.00000,5.00000,stop,false,,8.00000,8.00000,-12.69007,
original92,ISRG,2023-07-24,2023-07-20,20.00000,10.00000,stop,false,,18.00000,18.00000,-12.69007,
original92,ISRG,2023-07-24,2023-07-20,40.00000,5.00000,stop,false,,8.00000,8.00000,-12.69007,
original92,ISRG,2023-07-24,2023-07-20,40.00000,10.00000,stop,false,,18.00000,18.00000,-12.69007,
original92,ISRG,2023-07-24,2023-07-20,60.00000,5.00000,stop,false,,8.00000,8.00000,-17.94412,
original92,ISRG,2023-07-24,2023-07-20,60.00000,10.00000,stop,false,,18.00000,18.00000,-17.94412,
original92,ISRG,2023-01-25,2023-01-24,20.00000,5.00000,target,true,6.00000,,6.00000,-4.86874,-1.07055
original92,ISRG,2023-01-25,2023-01-24,20.00000,10.00000,target,true,6.00000,,6.00000,-4.86874,-1.07055
original92,ISRG,2023-01-25,2023-01-24,40.00000,5.00000,target,true,6.00000,21.00000,6.00000,-8.67514,-1.07055
original92,ISRG,2023-01-25,2023-01-24,40.00000,10.00000,target,true,6.00000,,6.00000,-8.67514,-1.07055
original92,ISRG,2023-01-25,2023-01-24,60.00000,5.00000,target,true,6.00000,21.00000,6.00000,-8.67514,-1.07055
original92,ISRG,2023-01-25,2023-01-24,60.00000,10.00000,target,true,6.00000,,6.00000,-8.67514,-1.07055
original92,KLAC,2026-01-30,2026-01-29,20.00000,5.00000,stop,true,8.00000,2.00000,2.00000,-10.00742,-10.00742
original92,KLAC,2026-01-30,2026-01-29,20.00000,10.00000,stop,true,8.00000,3.00000,3.00000,-10.00742,-10.00742
original92,KLAC,2026-01-30,2026-01-29,40.00000,5.00000,stop,true,8.00000,2.00000,2.00000,-10.00742,-10.00742
original92,KLAC,2026-01-30,2026-01-29,40.00000,10.00000,stop,true,8.00000,3.00000,3.00000,-10.00742,-10.00742
original92,KLAC,2026-01-30,2026-01-29,60.00000,5.00000,stop,true,8.00000,2.00000,2.00000,-10.00742,-10.00742
original92,KLAC,2026-01-30,2026-01-29,60.00000,10.00000,stop,true,8.00000,3.00000,3.00000,-10.00742,-10.00742
original92,NFLX,2025-10-22,2025-10-21,20.00000,5.00000,timeout,false,,,,-3.85176,
original92,NFLX,2025-10-22,2025-10-21,20.00000,10.00000,timeout,false,,,,-3.85176,
original92,NFLX,2025-10-22,2025-10-21,40.00000,5.00000,stop,false,,21.00000,21.00000,-17.27653,
original92,NFLX,2025-10-22,2025-10-21,40.00000,10.00000,stop,false,,31.00000,31.00000,-17.27653,
original92,NFLX,2025-10-22,2025-10-21,60.00000,5.00000,stop,false,,21.00000,21.00000,-22.05093,
original92,NFLX,2025-10-22,2025-10-21,60.00000,10.00000,stop,false,,31.00000,31.00000,-22.05093,
original92,NFLX,2025-07-18,2025-07-17,20.00000,5.00000,stop,false,,12.00000,12.00000,-5.33641,
original92,NFLX,2025-07-18,2025-07-17,20.00000,10.00000,timeout,false,,,,-5.33641,
original92,NFLX,2025-07-18,2025-07-17,40.00000,5.00000,stop,false,,12.00000,12.00000,-5.33641,
original92,NFLX,2025-07-18,2025-07-17,40.00000,10.00000,timeout,false,,,,-5.33641,
original92,NFLX,2025-07-18,2025-07-17,60.00000,5.00000,stop,false,,12.00000,12.00000,-6.22209,
original92,NFLX,2025-07-18,2025-07-17,60.00000,10.00000,timeout,false,,,,-6.22209,
original92,NFLX,2023-07-20,2023-07-19,20.00000,5.00000,stop,false,,5.00000,5.00000,-8.19309,
original92,NFLX,2023-07-20,2023-07-19,20.00000,10.00000,timeout,false,,,,-8.19309,
original92,NFLX,2023-07-20,2023-07-19,40.00000,5.00000,stop,false,,5.00000,5.00000,-9.69091,
original92,NFLX,2023-07-20,2023-07-19,40.00000,10.00000,timeout,false,,,,-9.69091,
original92,NFLX,2023-07-20,2023-07-19,60.00000,5.00000,stop,false,,5.00000,5.00000,-19.51671,
original92,NFLX,2023-07-20,2023-07-19,60.00000,10.00000,stop,false,,41.00000,41.00000,-19.51671,
original92,NOW,2026-01-29,2026-01-28,20.00000,5.00000,stop,false,,3.00000,3.00000,-16.04558,
original92,NOW,2026-01-29,2026-01-28,20.00000,10.00000,stop,false,,5.00000,5.00000,-16.04558,
original92,NOW,2026-01-29,2026-01-28,40.00000,5.00000,stop,true,25.00000,3.00000,3.00000,-16.04558,-16.04558
original92,NOW,2026-01-29,2026-01-28,40.00000,10.00000,stop,true,25.00000,5.00000,5.00000,-16.04558,-16.04558
original92,NOW,2026-01-29,2026-01-28,60.00000,5.00000,stop,true,25.00000,3.00000,3.00000,-30.40350,-16.04558
original92,NOW,2026-01-29,2026-01-28,60.00000,10.00000,stop,true,25.00000,5.00000,5.00000,-30.40350,-16.04558
original92,NOW,2025-01-30,2025-01-29,20.00000,5.00000,stop,false,,14.00000,14.00000,-11.30980,
original92,NOW,2025-01-30,2025-01-29,20.00000,10.00000,stop,false,,17.00000,17.00000,-11.30980,
original92,NOW,2025-01-30,2025-01-29,40.00000,5.00000,stop,false,,14.00000,14.00000,-23.18835,
original92,NOW,2025-01-30,2025-01-29,40.00000,10.00000,stop,false,,17.00000,17.00000,-23.18835,
original92,NOW,2025-01-30,2025-01-29,60.00000,5.00000,stop,false,,14.00000,14.00000,-32.98852,
original92,NOW,2025-01-30,2025-01-29,60.00000,10.00000,stop,false,,17.00000,17.00000,-32.98852,
original92,PANW,2026-06-03,2026-06-02,20.00000,5.00000,stop,true,12.00000,3.00000,3.00000,-10.44111,-10.44111
original92,PANW,2026-06-03,2026-06-02,20.00000,10.00000,stop,true,12.00000,4.00000,4.00000,-10.44111,-10.44111
original92,PANW,2026-06-03,2026-06-02,40.00000,5.00000,stop,true,12.00000,3.00000,3.00000,-10.44111,-10.44111
original92,PANW,2026-06-03,2026-06-02,40.00000,10.00000,stop,true,12.00000,4.00000,4.00000,-10.44111,-10.44111
original92,PANW,2026-06-03,2026-06-02,60.00000,5.00000,stop,true,12.00000,3.00000,3.00000,-10.44111,-10.44111
original92,PANW,2026-06-03,2026-06-02,60.00000,10.00000,stop,true,12.00000,4.00000,4.00000,-10.44111,-10.44111
original92,PANW,2026-02-18,2026-02-17,20.00000,5.00000,stop,true,10.00000,3.00000,3.00000,-8.38819,-8.38819
original92,PANW,2026-02-18,2026-02-17,20.00000,10.00000,target,true,10.00000,,10.00000,-8.38819,-8.38819
original92,PANW,2026-02-18,2026-02-17,40.00000,5.00000,stop,true,10.00000,3.00000,3.00000,-8.38819,-8.38819
original92,PANW,2026-02-18,2026-02-17,40.00000,10.00000,target,true,10.00000,,10.00000,-8.38819,-8.38819
original92,PANW,2026-02-18,2026-02-17,60.00000,5.00000,stop,true,10.00000,3.00000,3.00000,-8.38819,-8.38819
original92,PANW,2026-02-18,2026-02-17,60.00000,10.00000,target,true,10.00000,,10.00000,-8.38819,-8.38819
original92,PANW,2025-11-20,2025-11-19,20.00000,5.00000,target,true,9.00000,,9.00000,-2.71249,-2.71249
original92,PANW,2025-11-20,2025-11-19,20.00000,10.00000,target,true,9.00000,,9.00000,-2.71249,-2.71249
original92,PANW,2025-11-20,2025-11-19,40.00000,5.00000,target,true,9.00000,,9.00000,-4.23623,-2.71249
original92,PANW,2025-11-20,2025-11-19,40.00000,10.00000,target,true,9.00000,,9.00000,-4.23623,-2.71249
original92,PANW,2025-11-20,2025-11-19,60.00000,5.00000,target,true,9.00000,46.00000,9.00000,-20.48954,-2.71249
original92,PANW,2025-11-20,2025-11-19,60.00000,10.00000,target,true,9.00000,49.00000,9.00000,-20.48954,-2.71249
original92,PANW,2025-05-21,2025-05-20,20.00000,5.00000,target,true,6.00000,,6.00000,0.66203,0.66203
original92,PANW,2025-05-21,2025-05-20,20.00000,10.00000,target,true,6.00000,,6.00000,0.66203,0.66203
original92,PANW,2025-05-21,2025-05-20,40.00000,5.00000,target,true,6.00000,,6.00000,0.66203,0.66203
original92,PANW,2025-05-21,2025-05-20,40.00000,10.00000,target,true,6.00000,,6.00000,0.66203,0.66203
original92,PANW,2025-05-21,2025-05-20,60.00000,5.00000,target,true,6.00000,49.00000,6.00000,-8.85468,0.66203
original92,PANW,2025-05-21,2025-05-20,60.00000,10.00000,target,true,6.00000,,6.00000,-8.85468,0.66203
original92,PANW,2024-02-21,2024-02-20,20.00000,5.00000,target,true,1.00000,,1.00000,1.15662,
original92,PANW,2024-02-21,2024-02-20,20.00000,10.00000,target,true,1.00000,,1.00000,1.15662,
original92,PANW,2024-02-21,2024-02-20,40.00000,5.00000,target,true,1.00000,,1.00000,1.15662,
original92,PANW,2024-02-21,2024-02-20,40.00000,10.00000,target,true,1.00000,,1.00000,1.15662,
original92,PANW,2024-02-21,2024-02-20,60.00000,5.00000,target,true,1.00000,,1.00000,1.15662,
original92,PANW,2024-02-21,2024-02-20,60.00000,10.00000,target,true,1.00000,,1.00000,1.15662,
original92,PANW,2023-11-16,2023-11-15,20.00000,5.00000,target,true,2.00000,,2.00000,0.28064,0.28064
original92,PANW,2023-11-16,2023-11-15,20.00000,10.00000,target,true,2.00000,,2.00000,0.28064,0.28064
original92,PANW,2023-11-16,2023-11-15,40.00000,5.00000,target,true,2.00000,,2.00000,0.28064,0.28064
original92,PANW,2023-11-16,2023-11-15,40.00000,10.00000,target,true,2.00000,,2.00000,0.28064,0.28064
original92,PANW,2023-11-16,2023-11-15,60.00000,5.00000,target,true,2.00000,,2.00000,0.28064,0.28064
original92,PANW,2023-11-16,2023-11-15,60.00000,10.00000,target,true,2.00000,,2.00000,0.28064,0.28064
original92,PYPL,2024-02-08,2024-02-07,20.00000,5.00000,target,true,1.00000,,1.00000,0.05363,
original92,PYPL,2024-02-08,2024-02-07,20.00000,10.00000,target,true,1.00000,,1.00000,0.05363,
original92,PYPL,2024-02-08,2024-02-07,40.00000,5.00000,target,true,1.00000,,1.00000,0.05363,
original92,PYPL,2024-02-08,2024-02-07,40.00000,10.00000,target,true,1.00000,,1.00000,0.05363,
original92,PYPL,2024-02-08,2024-02-07,60.00000,5.00000,target,true,1.00000,,1.00000,0.05363,
original92,PYPL,2024-02-08,2024-02-07,60.00000,10.00000,target,true,1.00000,,1.00000,0.05363,
original92,PYPL,2023-08-03,2023-08-02,20.00000,5.00000,stop,false,,8.00000,8.00000,-10.73543,
original92,PYPL,2023-08-03,2023-08-02,20.00000,10.00000,stop,false,,11.00000,11.00000,-10.73543,
original92,PYPL,2023-08-03,2023-08-02,40.00000,5.00000,stop,false,,8.00000,8.00000,-11.91960,
original92,PYPL,2023-08-03,2023-08-02,40.00000,10.00000,stop,false,,11.00000,11.00000,-11.91960,
original92,PYPL,2023-08-03,2023-08-02,60.00000,5.00000,stop,false,,8.00000,8.00000,-21.70458,
original92,PYPL,2023-08-03,2023-08-02,60.00000,10.00000,stop,false,,11.00000,11.00000,-21.70458,
original92,PYPL,2023-05-09,2023-05-08,20.00000,5.00000,stop,false,,3.00000,3.00000,-10.55307,
original92,PYPL,2023-05-09,2023-05-08,20.00000,10.00000,stop,false,,13.00000,13.00000,-10.55307,
original92,PYPL,2023-05-09,2023-05-08,40.00000,5.00000,stop,false,,3.00000,3.00000,-10.55307,
original92,PYPL,2023-05-09,2023-05-08,40.00000,10.00000,stop,false,,13.00000,13.00000,-10.55307,
original92,PYPL,2023-05-09,2023-05-08,60.00000,5.00000,stop,true,41.00000,3.00000,3.00000,-10.55307,-10.55307
original92,PYPL,2023-05-09,2023-05-08,60.00000,10.00000,stop,true,41.00000,13.00000,13.00000,-10.55307,-10.55307
original92,QCOM,2026-02-05,2026-02-04,20.00000,5.00000,target,true,7.00000,,7.00000,-1.48451,-0.75018
original92,QCOM,2026-02-05,2026-02-04,20.00000,10.00000,target,true,7.00000,,7.00000,-1.48451,-0.75018
original92,QCOM,2026-02-05,2026-02-04,40.00000,5.00000,target,true,7.00000,31.00000,7.00000,-8.65424,-0.75018
original92,QCOM,2026-02-05,2026-02-04,40.00000,10.00000,target,true,7.00000,,7.00000,-8.65424,-0.75018
original92,QCOM,2026-02-05,2026-02-04,60.00000,5.00000,target,true,7.00000,31.00000,7.00000,-9.92426,-0.75018
original92,QCOM,2026-02-05,2026-02-04,60.00000,10.00000,target,true,7.00000,,7.00000,-9.92426,-0.75018
original92,QCOM,2025-07-31,2025-07-30,20.00000,5.00000,target,true,9.00000,,9.00000,-1.80567,-1.80567
original92,QCOM,2025-07-31,2025-07-30,20.00000,10.00000,target,true,9.00000,,9.00000,-1.80567,-1.80567
original92,QCOM,2025-07-31,2025-07-30,40.00000,5.00000,target,true,9.00000,,9.00000,-1.80567,-1.80567
original92,QCOM,2025-07-31,2025-07-30,40.00000,10.00000,target,true,9.00000,,9.00000,-1.80567,-1.80567
original92,QCOM,2025-07-31,2025-07-30,60.00000,5.00000,target,true,9.00000,,9.00000,-1.80567,-1.80567
original92,QCOM,2025-07-31,2025-07-30,60.00000,10.00000,target,true,9.00000,,9.00000,-1.80567,-1.80567
original92,QCOM,2024-08-01,2024-07-31,20.00000,5.00000,stop,true,10.00000,2.00000,2.00000,-7.68896,-7.68896
original92,QCOM,2024-08-01,2024-07-31,20.00000,10.00000,target,true,10.00000,,10.00000,-7.68896,-7.68896
original92,QCOM,2024-08-01,2024-07-31,40.00000,5.00000,stop,true,10.00000,2.00000,2.00000,-7.68896,-7.68896
original92,QCOM,2024-08-01,2024-07-31,40.00000,10.00000,target,true,10.00000,,10.00000,-7.68896,-7.68896
original92,QCOM,2024-08-01,2024-07-31,60.00000,5.00000,stop,true,10.00000,2.00000,2.00000,-7.68896,-7.68896
original92,QCOM,2024-08-01,2024-07-31,60.00000,10.00000,target,true,10.00000,,10.00000,-7.68896,-7.68896
original92,SBUX,2024-05-01,2024-04-30,20.00000,5.00000,target,true,12.00000,,12.00000,-3.54648,-3.54648
original92,SBUX,2024-05-01,2024-04-30,20.00000,10.00000,target,true,12.00000,,12.00000,-3.54648,-3.54648
original92,SBUX,2024-05-01,2024-04-30,40.00000,5.00000,target,true,12.00000,,12.00000,-3.54648,-3.54648
original92,SBUX,2024-05-01,2024-04-30,40.00000,10.00000,target,true,12.00000,,12.00000,-3.54648,-3.54648
original92,SBUX,2024-05-01,2024-04-30,60.00000,5.00000,target,true,12.00000,,12.00000,-3.54648,-3.54648
original92,SBUX,2024-05-01,2024-04-30,60.00000,10.00000,target,true,12.00000,,12.00000,-3.54648,-3.54648
original92,SBUX,2023-05-03,2023-05-02,20.00000,5.00000,stop,false,,16.00000,16.00000,-6.69430,
original92,SBUX,2023-05-03,2023-05-02,20.00000,10.00000,timeout,false,,,,-6.69430,
original92,SBUX,2023-05-03,2023-05-02,40.00000,5.00000,stop,false,,16.00000,16.00000,-6.69430,
original92,SBUX,2023-05-03,2023-05-02,40.00000,10.00000,timeout,false,,,,-6.69430,
original92,SBUX,2023-05-03,2023-05-02,60.00000,5.00000,stop,false,,16.00000,16.00000,-7.63200,
original92,SBUX,2023-05-03,2023-05-02,60.00000,10.00000,timeout,false,,,,-7.63200,
original92,TXN,2025-10-22,2025-10-21,20.00000,5.00000,stop,false,,5.00000,5.00000,-9.25519,
original92,TXN,2025-10-22,2025-10-21,20.00000,10.00000,timeout,false,,,,-9.25519,
original92,TXN,2025-10-22,2025-10-21,40.00000,5.00000,stop,true,28.00000,5.00000,5.00000,-9.73392,-9.73392
original92,TXN,2025-10-22,2025-10-21,40.00000,10.00000,target,true,28.00000,,28.00000,-9.73392,-9.73392
original92,TXN,2025-10-22,2025-10-21,60.00000,5.00000,stop,true,28.00000,5.00000,5.00000,-9.73392,-9.73392
original92,TXN,2025-10-22,2025-10-21,60.00000,10.00000,target,true,28.00000,,28.00000,-9.73392,-9.73392
original92,TXN,2025-07-23,2025-07-22,20.00000,5.00000,target,true,16.00000,,16.00000,-3.78202,-3.78202
original92,TXN,2025-07-23,2025-07-22,20.00000,10.00000,target,true,16.00000,,16.00000,-3.78202,-3.78202
original92,TXN,2025-07-23,2025-07-22,40.00000,5.00000,target,true,16.00000,37.00000,16.00000,-5.89652,-3.78202
original92,TXN,2025-07-23,2025-07-22,40.00000,10.00000,target,true,16.00000,,16.00000,-5.89652,-3.78202
original92,TXN,2025-07-23,2025-07-22,60.00000,5.00000,target,true,16.00000,37.00000,16.00000,-7.45401,-3.78202
original92,TXN,2025-07-23,2025-07-22,60.00000,10.00000,target,true,16.00000,,16.00000,-7.45401,-3.78202
original92,CVS,2025-10-30,2025-10-29,20.00000,5.00000,target,true,9.00000,,9.00000,-0.96492,-0.74312
original92,CVS,2025-10-30,2025-10-29,20.00000,10.00000,target,true,9.00000,,9.00000,-0.96492,-0.74312
original92,CVS,2025-10-30,2025-10-29,40.00000,5.00000,target,true,9.00000,,9.00000,-3.32507,-0.74312
original92,CVS,2025-10-30,2025-10-29,40.00000,10.00000,target,true,9.00000,,9.00000,-3.32507,-0.74312
original92,CVS,2025-10-30,2025-10-29,60.00000,5.00000,target,true,9.00000,59.00000,9.00000,-7.06531,-0.74312
original92,CVS,2025-10-30,2025-10-29,60.00000,10.00000,target,true,9.00000,,9.00000,-7.06531,-0.74312
original92,CVS,2024-05-01,2024-05-01,20.00000,5.00000,target,true,16.00000,19.00000,16.00000,-6.28574,-4.63506
original92,CVS,2024-05-01,2024-05-01,20.00000,10.00000,target,true,16.00000,,16.00000,-6.28574,-4.63506
original92,CVS,2024-05-01,2024-05-01,40.00000,5.00000,target,true,16.00000,19.00000,16.00000,-6.28574,-4.63506
original92,CVS,2024-05-01,2024-05-01,40.00000,10.00000,target,true,16.00000,,16.00000,-6.28574,-4.63506
original92,CVS,2024-05-01,2024-05-01,60.00000,5.00000,target,true,16.00000,19.00000,16.00000,-6.28574,-4.63506
original92,CVS,2024-05-01,2024-05-01,60.00000,10.00000,target,true,16.00000,,16.00000,-6.28574,-4.63506
original92,CVS,2023-05-04,2023-05-03,20.00000,5.00000,timeout,false,,,,-3.56157,
original92,CVS,2023-05-04,2023-05-03,20.00000,10.00000,timeout,false,,,,-3.56157,
original92,CVS,2023-05-04,2023-05-03,40.00000,5.00000,target,true,27.00000,,27.00000,-3.56157,-3.56157
original92,CVS,2023-05-04,2023-05-03,40.00000,10.00000,target,true,27.00000,,27.00000,-3.56157,-3.56157
original92,CVS,2023-05-04,2023-05-03,60.00000,5.00000,target,true,27.00000,,27.00000,-3.56157,-3.56157
original92,CVS,2023-05-04,2023-05-03,60.00000,10.00000,target,true,27.00000,,27.00000,-3.56157,-3.56157
original92,DIS,2025-11-13,2025-11-13,20.00000,5.00000,stop,true,20.00000,7.00000,7.00000,-5.31549,-5.31549
original92,DIS,2025-11-13,2025-11-13,20.00000,10.00000,target,true,20.00000,,20.00000,-5.31549,-5.31549
original92,DIS,2025-11-13,2025-11-13,40.00000,5.00000,stop,true,20.00000,7.00000,7.00000,-5.31549,-5.31549
original92,DIS,2025-11-13,2025-11-13,40.00000,10.00000,target,true,20.00000,,20.00000,-5.31549,-5.31549
original92,DIS,2025-11-13,2025-11-13,60.00000,5.00000,stop,true,20.00000,7.00000,7.00000,-5.31549,-5.31549
original92,DIS,2025-11-13,2025-11-13,60.00000,10.00000,target,true,20.00000,,20.00000,-5.31549,-5.31549
original92,DIS,2024-05-07,2024-05-07,20.00000,5.00000,timeout,false,,,,-4.85815,
original92,DIS,2024-05-07,2024-05-07,20.00000,10.00000,timeout,false,,,,-4.85815,
original92,DIS,2024-05-07,2024-05-07,40.00000,5.00000,stop,false,,26.00000,26.00000,-8.00835,
original92,DIS,2024-05-07,2024-05-07,40.00000,10.00000,timeout,false,,,,-8.00835,
original92,DIS,2024-05-07,2024-05-07,60.00000,5.00000,stop,false,,26.00000,26.00000,-15.16216,
original92,DIS,2024-05-07,2024-05-07,60.00000,10.00000,stop,false,,51.00000,51.00000,-15.16216,
original92,DOW,2025-01-30,2025-01-30,20.00000,5.00000,timeout,false,,,,-4.90272,
original92,DOW,2025-01-30,2025-01-30,20.00000,10.00000,timeout,false,,,,-4.90272,
original92,DOW,2025-01-30,2025-01-30,40.00000,5.00000,stop,false,,22.00000,22.00000,-9.83627,
original92,DOW,2025-01-30,2025-01-30,40.00000,10.00000,timeout,false,,,,-9.83627,
original92,DOW,2025-01-30,2025-01-30,60.00000,5.00000,stop,false,,22.00000,22.00000,-33.78746,
original92,DOW,2025-01-30,2025-01-30,60.00000,10.00000,stop,false,,41.00000,41.00000,-33.78746,
original92,GE,2026-04-21,2026-04-21,20.00000,5.00000,stop,true,11.00000,1.00000,1.00000,-6.21491,-6.21491
original92,GE,2026-04-21,2026-04-21,20.00000,10.00000,target,true,11.00000,,11.00000,-6.21491,-6.21491
original92,GE,2026-04-21,2026-04-21,40.00000,5.00000,stop,true,11.00000,1.00000,1.00000,-6.21491,-6.21491
original92,GE,2026-04-21,2026-04-21,40.00000,10.00000,target,true,11.00000,,11.00000,-6.21491,-6.21491
original92,GE,2026-04-21,2026-04-21,60.00000,5.00000,stop,true,11.00000,1.00000,1.00000,-6.21491,-6.21491
original92,GE,2026-04-21,2026-04-21,60.00000,10.00000,target,true,11.00000,,11.00000,-6.21491,-6.21491
original92,GE,2026-01-22,2026-01-22,20.00000,5.00000,target,true,8.00000,,8.00000,-1.67119,-1.67119
original92,GE,2026-01-22,2026-01-22,20.00000,10.00000,target,true,8.00000,,8.00000,-1.67119,-1.67119
original92,GE,2026-01-22,2026-01-22,40.00000,5.00000,target,true,8.00000,,8.00000,-4.16908,-1.67119
original92,GE,2026-01-22,2026-01-22,40.00000,10.00000,target,true,8.00000,,8.00000,-4.16908,-1.67119
original92,GE,2026-01-22,2026-01-22,60.00000,5.00000,target,true,8.00000,46.00000,8.00000,-8.07306,-1.67119
original92,GE,2026-01-22,2026-01-22,60.00000,10.00000,target,true,8.00000,,8.00000,-8.07306,-1.67119
original92,GE,2024-10-22,2024-10-22,20.00000,5.00000,target,true,13.00000,,13.00000,-3.52655,-3.52655
original92,GE,2024-10-22,2024-10-22,20.00000,10.00000,target,true,13.00000,,13.00000,-3.52655,-3.52655
original92,GE,2024-10-22,2024-10-22,40.00000,5.00000,target,true,13.00000,36.00000,13.00000,-9.65697,-3.52655
original92,GE,2024-10-22,2024-10-22,40.00000,10.00000,target,true,13.00000,,13.00000,-9.65697,-3.52655
original92,GE,2024-10-22,2024-10-22,60.00000,5.00000,target,true,13.00000,36.00000,13.00000,-9.65697,-3.52655
original92,GE,2024-10-22,2024-10-22,60.00000,10.00000,target,true,13.00000,,13.00000,-9.65697,-3.52655
original92,HON,2025-02-06,2025-02-06,20.00000,5.00000,timeout,false,,,,-3.94624,
original92,HON,2025-02-06,2025-02-06,20.00000,10.00000,timeout,false,,,,-3.94624,
original92,HON,2025-02-06,2025-02-06,40.00000,5.00000,stop,false,,40.00000,40.00000,-8.62136,
original92,HON,2025-02-06,2025-02-06,40.00000,10.00000,timeout,false,,,,-8.62136,
original92,HON,2025-02-06,2025-02-06,60.00000,5.00000,stop,false,,40.00000,40.00000,-14.05971,
original92,HON,2025-02-06,2025-02-06,60.00000,10.00000,stop,false,,41.00000,41.00000,-14.05971,
original92,HON,2024-10-24,2024-10-24,20.00000,5.00000,target,true,11.00000,,11.00000,-2.90292,-2.90292
original92,HON,2024-10-24,2024-10-24,20.00000,10.00000,target,true,11.00000,,11.00000,-2.90292,-2.90292
original92,HON,2024-10-24,2024-10-24,40.00000,5.00000,target,true,11.00000,,11.00000,-2.90292,-2.90292
original92,HON,2024-10-24,2024-10-24,40.00000,10.00000,target,true,11.00000,,11.00000,-2.90292,-2.90292
original92,HON,2024-10-24,2024-10-24,60.00000,5.00000,target,true,11.00000,,11.00000,-2.90292,-2.90292
original92,HON,2024-10-24,2024-10-24,60.00000,10.00000,target,true,11.00000,,11.00000,-2.90292,-2.90292
original92,HON,2024-07-25,2024-07-25,20.00000,5.00000,timeout,false,,,,-3.39837,
original92,HON,2024-07-25,2024-07-25,20.00000,10.00000,timeout,false,,,,-3.39837,
original92,HON,2024-07-25,2024-07-25,40.00000,5.00000,timeout,false,,,,-3.39837,
original92,HON,2024-07-25,2024-07-25,40.00000,10.00000,timeout,false,,,,-3.39837,
original92,HON,2024-07-25,2024-07-25,60.00000,5.00000,target,true,53.00000,,53.00000,-3.39837,-3.39837
original92,HON,2024-07-25,2024-07-25,60.00000,10.00000,target,true,53.00000,,53.00000,-3.39837,-3.39837
original92,HON,2023-07-27,2023-07-27,20.00000,5.00000,stop,false,,8.00000,8.00000,-5.25797,
original92,HON,2023-07-27,2023-07-27,20.00000,10.00000,timeout,false,,,,-5.25797,
original92,HON,2023-07-27,2023-07-27,40.00000,5.00000,stop,false,,8.00000,8.00000,-6.19992,
original92,HON,2023-07-27,2023-07-27,40.00000,10.00000,timeout,false,,,,-6.19992,
original92,HON,2023-07-27,2023-07-27,60.00000,5.00000,stop,false,,8.00000,8.00000,-8.29881,
original92,HON,2023-07-27,2023-07-27,60.00000,10.00000,timeout,false,,,,-8.29881,
original92,JCI,2025-07-29,2025-07-29,20.00000,5.00000,target,true,20.00000,,20.00000,-1.11391,-1.11391
original92,JCI,2025-07-29,2025-07-29,20.00000,10.00000,target,true,20.00000,,20.00000,-1.11391,-1.11391
original92,JCI,2025-07-29,2025-07-29,40.00000,5.00000,target,true,20.00000,,20.00000,-1.11391,-1.11391
original92,JCI,2025-07-29,2025-07-29,40.00000,10.00000,target,true,20.00000,,20.00000,-1.11391,-1.11391
original92,JCI,2025-07-29,2025-07-29,60.00000,5.00000,target,true,20.00000,,20.00000,-1.11391,-1.11391
original92,JCI,2025-07-29,2025-07-29,60.00000,10.00000,target,true,20.00000,,20.00000,-1.11391,-1.11391
original92,JCI,2023-12-12,2023-12-12,20.00000,5.00000,target,true,6.00000,,6.00000,-2.80128,-2.80128
original92,JCI,2023-12-12,2023-12-12,20.00000,10.00000,target,true,6.00000,,6.00000,-2.80128,-2.80128
original92,JCI,2023-12-12,2023-12-12,40.00000,5.00000,target,true,6.00000,,6.00000,-2.80128,-2.80128
original92,JCI,2023-12-12,2023-12-12,40.00000,10.00000,target,true,6.00000,,6.00000,-2.80128,-2.80128
original92,JCI,2023-12-12,2023-12-12,60.00000,5.00000,target,true,6.00000,,6.00000,-2.80128,-2.80128
original92,JCI,2023-12-12,2023-12-12,60.00000,10.00000,target,true,6.00000,,6.00000,-2.80128,-2.80128
original92,JCI,2023-08-02,2023-08-02,20.00000,5.00000,stop,false,,6.00000,6.00000,-8.95358,
original92,JCI,2023-08-02,2023-08-02,20.00000,10.00000,timeout,false,,,,-8.95358,
original92,JCI,2023-08-02,2023-08-02,40.00000,5.00000,stop,false,,6.00000,6.00000,-18.47816,
original92,JCI,2023-08-02,2023-08-02,40.00000,10.00000,stop,false,,25.00000,25.00000,-18.47816,
original92,JCI,2023-08-02,2023-08-02,60.00000,5.00000,stop,false,,6.00000,6.00000,-24.11783,
original92,JCI,2023-08-02,2023-08-02,60.00000,10.00000,stop,false,,25.00000,25.00000,-24.11783,
original92,JCI,2023-02-02,2023-02-01,20.00000,5.00000,timeout,false,,,,-3.85628,
original92,JCI,2023-02-02,2023-02-01,20.00000,10.00000,timeout,false,,,,-3.85628,
original92,JCI,2023-02-02,2023-02-01,40.00000,5.00000,stop,false,,25.00000,25.00000,-11.37287,
original92,JCI,2023-02-02,2023-02-01,40.00000,10.00000,stop,false,,28.00000,28.00000,-11.37287,
original92,JCI,2023-02-02,2023-02-01,60.00000,5.00000,stop,false,,25.00000,25.00000,-14.45800,
original92,JCI,2023-02-02,2023-02-01,60.00000,10.00000,stop,false,,28.00000,28.00000,-14.45800,
original92,LOW,2026-02-25,2026-02-25,20.00000,5.00000,stop,false,,7.00000,7.00000,-14.77834,
original92,LOW,2026-02-25,2026-02-25,20.00000,10.00000,stop,false,,15.00000,15.00000,-14.77834,
original92,LOW,2026-02-25,2026-02-25,40.00000,5.00000,stop,false,,7.00000,7.00000,-14.77834,
original92,LOW,2026-02-25,2026-02-25,40.00000,10.00000,stop,false,,15.00000,15.00000,-14.77834,
original92,LOW,2026-02-25,2026-02-25,60.00000,5.00000,stop,false,,7.00000,7.00000,-20.53895,
original92,LOW,2026-02-25,2026-02-25,60.00000,10.00000,stop,false,,15.00000,15.00000,-20.53895,
original92,LOW,2023-03-01,2023-03-01,20.00000,5.00000,target,true,6.00000,,6.00000,-3.53559,-1.17338
original92,LOW,2023-03-01,2023-03-01,20.00000,10.00000,target,true,6.00000,,6.00000,-3.53559,-1.17338
original92,LOW,2023-03-01,2023-03-01,40.00000,5.00000,target,true,6.00000,,6.00000,-3.53559,-1.17338
original92,LOW,2023-03-01,2023-03-01,40.00000,10.00000,target,true,6.00000,,6.00000,-3.53559,-1.17338
original92,LOW,2023-03-01,2023-03-01,60.00000,5.00000,target,true,6.00000,,6.00000,-3.53559,-1.17338
original92,LOW,2023-03-01,2023-03-01,60.00000,10.00000,target,true,6.00000,,6.00000,-3.53559,-1.17338
original92,PYPL,2026-05-05,2026-05-05,20.00000,5.00000,stop,false,,10.00000,10.00000,-8.98042,
original92,PYPL,2026-05-05,2026-05-05,20.00000,10.00000,timeout,false,,,,-8.98042,
original92,PYPL,2026-05-05,2026-05-05,40.00000,5.00000,stop,false,,10.00000,10.00000,-13.24475,
original92,PYPL,2026-05-05,2026-05-05,40.00000,10.00000,stop,false,,22.00000,22.00000,-13.24475,
original92,PYPL,2026-05-05,2026-05-05,60.00000,5.00000,stop,true,48.00000,10.00000,10.00000,-13.24475,-13.24475
original92,PYPL,2026-05-05,2026-05-05,60.00000,10.00000,stop,true,48.00000,22.00000,22.00000,-13.24475,-13.24475
original92,PYPL,2026-02-03,2026-02-03,20.00000,5.00000,stop,true,13.00000,2.00000,2.00000,-7.76978,-7.76978
original92,PYPL,2026-02-03,2026-02-03,20.00000,10.00000,target,true,13.00000,,13.00000,-7.76978,-7.76978
original92,PYPL,2026-02-03,2026-02-03,40.00000,5.00000,stop,true,13.00000,2.00000,2.00000,-7.76978,-7.76978
original92,PYPL,2026-02-03,2026-02-03,40.00000,10.00000,target,true,13.00000,,13.00000,-7.76978,-7.76978
original92,PYPL,2026-02-03,2026-02-03,60.00000,5.00000,stop,true,13.00000,2.00000,2.00000,-7.76978,-7.76978
original92,PYPL,2026-02-03,2026-02-03,60.00000,10.00000,target,true,13.00000,,13.00000,-7.76978,-7.76978
original92,PYPL,2025-07-29,2025-07-29,20.00000,5.00000,stop,false,,3.00000,3.00000,-6.82995,
original92,PYPL,2025-07-29,2025-07-29,20.00000,10.00000,timeout,false,,,,-6.82995,
original92,PYPL,2025-07-29,2025-07-29,40.00000,5.00000,stop,false,,3.00000,3.00000,-8.69839,
original92,PYPL,2025-07-29,2025-07-29,40.00000,10.00000,timeout,false,,,,-8.69839,
original92,PYPL,2025-07-29,2025-07-29,60.00000,5.00000,stop,true,49.00000,3.00000,3.00000,-8.69839,-8.69839
original92,PYPL,2025-07-29,2025-07-29,60.00000,10.00000,target,true,49.00000,,49.00000,-8.69839,-8.69839
original92,PYPL,2025-02-04,2025-02-04,20.00000,5.00000,stop,false,,14.00000,14.00000,-14.64780,
original92,PYPL,2025-02-04,2025-02-04,20.00000,10.00000,stop,false,,17.00000,17.00000,-14.64780,
original92,PYPL,2025-02-04,2025-02-04,40.00000,5.00000,stop,false,,14.00000,14.00000,-18.43036,
original92,PYPL,2025-02-04,2025-02-04,40.00000,10.00000,stop,false,,17.00000,17.00000,-18.43036,
original92,PYPL,2025-02-04,2025-02-04,60.00000,5.00000,stop,false,,14.00000,14.00000,-28.14410,
original92,PYPL,2025-02-04,2025-02-04,60.00000,10.00000,stop,false,,17.00000,17.00000,-28.14410,
original92,PYPL,2024-10-30,2024-10-29,20.00000,5.00000,target,true,6.00000,,6.00000,-2.25007,-2.25007
original92,PYPL,2024-10-30,2024-10-29,20.00000,10.00000,target,true,6.00000,,6.00000,-2.25007,-2.25007
original92,PYPL,2024-10-30,2024-10-29,40.00000,5.00000,target,true,6.00000,,6.00000,-2.25007,-2.25007
original92,PYPL,2024-10-30,2024-10-29,40.00000,10.00000,target,true,6.00000,,6.00000,-2.25007,-2.25007
original92,PYPL,2024-10-30,2024-10-29,60.00000,5.00000,target,true,6.00000,,6.00000,-2.25007,-2.25007
original92,PYPL,2024-10-30,2024-10-29,60.00000,10.00000,target,true,6.00000,,6.00000,-2.25007,-2.25007
original92,TGT,2024-11-20,2024-11-20,20.00000,5.00000,target,true,3.00000,,3.00000,-0.92836,-0.92836
original92,TGT,2024-11-20,2024-11-20,20.00000,10.00000,target,true,3.00000,,3.00000,-0.92836,-0.92836
original92,TGT,2024-11-20,2024-11-20,40.00000,5.00000,target,true,3.00000,,3.00000,-0.92836,-0.92836
original92,TGT,2024-11-20,2024-11-20,40.00000,10.00000,target,true,3.00000,,3.00000,-0.92836,-0.92836
original92,TGT,2024-11-20,2024-11-20,60.00000,5.00000,target,true,3.00000,,3.00000,-0.92836,-0.92836
original92,TGT,2024-11-20,2024-11-20,60.00000,10.00000,target,true,3.00000,,3.00000,-0.92836,-0.92836
original92,TGT,2024-05-22,2024-05-22,20.00000,5.00000,target,true,6.00000,,6.00000,-2.71515,-1.05395
original92,TGT,2024-05-22,2024-05-22,20.00000,10.00000,target,true,6.00000,,6.00000,-2.71515,-1.05395
original92,TGT,2024-05-22,2024-05-22,40.00000,5.00000,target,true,6.00000,,6.00000,-2.71515,-1.05395
original92,TGT,2024-05-22,2024-05-22,40.00000,10.00000,target,true,6.00000,,6.00000,-2.71515,-1.05395
original92,TGT,2024-05-22,2024-05-22,60.00000,5.00000,target,true,6.00000,50.00000,6.00000,-7.57311,-1.05395
original92,TGT,2024-05-22,2024-05-22,60.00000,10.00000,target,true,6.00000,,6.00000,-7.57311,-1.05395
original92,UPS,2025-01-30,2025-01-30,20.00000,5.00000,target,true,20.00000,,20.00000,-4.78677,-4.78677
original92,UPS,2025-01-30,2025-01-30,20.00000,10.00000,target,true,20.00000,,20.00000,-4.78677,-4.78677
original92,UPS,2025-01-30,2025-01-30,40.00000,5.00000,target,true,20.00000,,20.00000,-4.78677,-4.78677
original92,UPS,2025-01-30,2025-01-30,40.00000,10.00000,target,true,20.00000,,20.00000,-4.78677,-4.78677
original92,UPS,2025-01-30,2025-01-30,60.00000,5.00000,target,true,20.00000,44.00000,20.00000,-20.06436,-4.78677
original92,UPS,2025-01-30,2025-01-30,60.00000,10.00000,target,true,20.00000,44.00000,20.00000,-20.06436,-4.78677
holdout72,ADP,2023-01-26,2023-01-25,20.00000,5.00000,timeout,false,,,,-3.07856,
holdout72,ADP,2023-01-26,2023-01-25,20.00000,10.00000,timeout,false,,,,-3.07856,
holdout72,ADP,2023-01-26,2023-01-25,40.00000,5.00000,stop,false,,31.00000,31.00000,-6.29929,
holdout72,ADP,2023-01-26,2023-01-25,40.00000,10.00000,timeout,false,,,,-6.29929,
holdout72,ADP,2023-01-26,2023-01-25,60.00000,5.00000,stop,false,,31.00000,31.00000,-6.29929,
holdout72,ADP,2023-01-26,2023-01-25,60.00000,10.00000,timeout,false,,,,-6.29929,
holdout72,ADP,2023-10-25,2023-10-25,20.00000,5.00000,stop,true,14.00000,5.00000,5.00000,-5.86269,-5.86269
holdout72,ADP,2023-10-25,2023-10-25,20.00000,10.00000,target,true,14.00000,,14.00000,-5.86269,-5.86269
holdout72,ADP,2023-10-25,2023-10-25,40.00000,5.00000,stop,true,14.00000,5.00000,5.00000,-5.86269,-5.86269
holdout72,ADP,2023-10-25,2023-10-25,40.00000,10.00000,target,true,14.00000,,14.00000,-5.86269,-5.86269
holdout72,ADP,2023-10-25,2023-10-25,60.00000,5.00000,stop,true,14.00000,5.00000,5.00000,-5.86269,-5.86269
holdout72,ADP,2023-10-25,2023-10-25,60.00000,10.00000,target,true,14.00000,,14.00000,-5.86269,-5.86269
holdout72,ADP,2025-10-29,2025-10-29,20.00000,5.00000,stop,false,,14.00000,14.00000,-5.37344,
holdout72,ADP,2025-10-29,2025-10-29,20.00000,10.00000,timeout,false,,,,-5.37344,
holdout72,ADP,2025-10-29,2025-10-29,40.00000,5.00000,stop,false,,14.00000,14.00000,-5.37344,
holdout72,ADP,2025-10-29,2025-10-29,40.00000,10.00000,timeout,false,,,,-5.37344,
holdout72,ADP,2025-10-29,2025-10-29,60.00000,5.00000,stop,false,,14.00000,14.00000,-5.37344,
holdout72,ADP,2025-10-29,2025-10-29,60.00000,10.00000,timeout,false,,,,-5.37344,
holdout72,AMAT,2024-11-15,2024-11-14,20.00000,5.00000,target,true,4.00000,,4.00000,-1.20198,-1.20198
holdout72,AMAT,2024-11-15,2024-11-14,20.00000,10.00000,target,true,4.00000,,4.00000,-1.20198,-1.20198
holdout72,AMAT,2024-11-15,2024-11-14,40.00000,5.00000,target,true,4.00000,24.00000,4.00000,-5.65382,-1.20198
holdout72,AMAT,2024-11-15,2024-11-14,40.00000,10.00000,target,true,4.00000,,4.00000,-5.65382,-1.20198
holdout72,AMAT,2024-11-15,2024-11-14,60.00000,5.00000,target,true,4.00000,24.00000,4.00000,-5.65382,-1.20198
holdout72,AMAT,2024-11-15,2024-11-14,60.00000,10.00000,target,true,4.00000,,4.00000,-5.65382,-1.20198
holdout72,AMAT,2025-02-14,2025-02-13,20.00000,5.00000,target,true,3.00000,8.00000,3.00000,-13.88603,-0.05910
holdout72,AMAT,2025-02-14,2025-02-13,20.00000,10.00000,target,true,3.00000,10.00000,3.00000,-13.88603,-0.05910
holdout72,AMAT,2025-02-14,2025-02-13,40.00000,5.00000,target,true,3.00000,8.00000,3.00000,-26.70124,-0.05910
holdout72,AMAT,2025-02-14,2025-02-13,40.00000,10.00000,target,true,3.00000,10.00000,3.00000,-26.70124,-0.05910
holdout72,AMAT,2025-02-14,2025-02-13,60.00000,5.00000,target,true,3.00000,8.00000,3.00000,-26.70124,-0.05910
holdout72,AMAT,2025-02-14,2025-02-13,60.00000,10.00000,target,true,3.00000,10.00000,3.00000,-26.70124,-0.05910
holdout72,AMAT,2025-05-16,2025-05-15,20.00000,5.00000,stop,true,16.00000,5.00000,5.00000,-7.04451,-7.04451
holdout72,AMAT,2025-05-16,2025-05-15,20.00000,10.00000,target,true,16.00000,,16.00000,-7.04451,-7.04451
holdout72,AMAT,2025-05-16,2025-05-15,40.00000,5.00000,stop,true,16.00000,5.00000,5.00000,-7.04451,-7.04451
holdout72,AMAT,2025-05-16,2025-05-15,40.00000,10.00000,target,true,16.00000,,16.00000,-7.04451,-7.04451
holdout72,AMAT,2025-05-16,2025-05-15,60.00000,5.00000,stop,true,16.00000,5.00000,5.00000,-7.04451,-7.04451
holdout72,AMAT,2025-05-16,2025-05-15,60.00000,10.00000,target,true,16.00000,,16.00000,-7.04451,-7.04451
holdout72,AMAT,2025-08-15,2025-08-14,20.00000,5.00000,target,true,18.00000,,18.00000,-4.23313,-4.23313
holdout72,AMAT,2025-08-15,2025-08-14,20.00000,10.00000,target,true,18.00000,,18.00000,-4.23313,-4.23313
holdout72,AMAT,2025-08-15,2025-08-14,40.00000,5.00000,target,true,18.00000,,18.00000,-4.23313,-4.23313
holdout72,AMAT,2025-08-15,2025-08-14,40.00000,10.00000,target,true,18.00000,,18.00000,-4.23313,-4.23313
holdout72,AMAT,2025-08-15,2025-08-14,60.00000,5.00000,target,true,18.00000,,18.00000,-4.23313,-4.23313
holdout72,AMAT,2025-08-15,2025-08-14,60.00000,10.00000,target,true,18.00000,,18.00000,-4.23313,-4.23313
holdout72,CMCSA,2023-10-26,2023-10-26,20.00000,5.00000,target,true,3.00000,,3.00000,-3.15453,-3.15453
holdout72,CMCSA,2023-10-26,2023-10-26,20.00000,10.00000,target,true,3.00000,,3.00000,-3.15453,-3.15453
holdout72,CMCSA,2023-10-26,2023-10-26,40.00000,5.00000,target,true,3.00000,,3.00000,-3.15453,-3.15453
holdout72,CMCSA,2023-10-26,2023-10-26,40.00000,10.00000,target,true,3.00000,,3.00000,-3.15453,-3.15453
holdout72,CMCSA,2023-10-26,2023-10-26,60.00000,5.00000,target,true,3.00000,,3.00000,-3.15453,-3.15453
holdout72,CMCSA,2023-10-26,2023-10-26,60.00000,10.00000,target,true,3.00000,,3.00000,-3.15453,-3.15453
holdout72,CMCSA,2024-04-25,2024-04-25,20.00000,5.00000,target,true,9.00000,,9.00000,-3.80248,-3.80248
holdout72,CMCSA,2024-04-25,2024-04-25,20.00000,10.00000,target,true,9.00000,,9.00000,-3.80248,-3.80248
holdout72,CMCSA,2024-04-25,2024-04-25,40.00000,5.00000,target,true,9.00000,,9.00000,-3.80248,-3.80248
holdout72,CMCSA,2024-04-25,2024-04-25,40.00000,10.00000,target,true,9.00000,,9.00000,-3.80248,-3.80248
holdout72,CMCSA,2024-04-25,2024-04-25,60.00000,5.00000,target,true,9.00000,,9.00000,-3.80248,-3.80248
holdout72,CMCSA,2024-04-25,2024-04-25,60.00000,10.00000,target,true,9.00000,,9.00000,-3.80248,-3.80248
holdout72,CMCSA,2025-01-30,2025-01-30,20.00000,5.00000,target,true,8.00000,,8.00000,-1.92481,-1.92481
holdout72,CMCSA,2025-01-30,2025-01-30,20.00000,10.00000,target,true,8.00000,,8.00000,-1.92481,-1.92481
holdout72,CMCSA,2025-01-30,2025-01-30,40.00000,5.00000,target,true,8.00000,,8.00000,-1.92481,-1.92481
holdout72,CMCSA,2025-01-30,2025-01-30,40.00000,10.00000,target,true,8.00000,,8.00000,-1.92481,-1.92481
holdout72,CMCSA,2025-01-30,2025-01-30,60.00000,5.00000,target,true,8.00000,,8.00000,-4.58613,-1.92481
holdout72,CMCSA,2025-01-30,2025-01-30,60.00000,10.00000,target,true,8.00000,,8.00000,-4.58613,-1.92481
holdout72,CMCSA,2026-04-24,2026-04-23,20.00000,5.00000,stop,false,,9.00000,9.00000,-10.99419,
holdout72,CMCSA,2026-04-24,2026-04-23,20.00000,10.00000,stop,false,,12.00000,12.00000,-10.99419,
holdout72,CMCSA,2026-04-24,2026-04-23,40.00000,5.00000,stop,false,,9.00000,9.00000,-19.72061,
holdout72,CMCSA,2026-04-24,2026-04-23,40.00000,10.00000,stop,false,,12.00000,12.00000,-19.72061,
holdout72,CMCSA,2026-04-24,2026-04-23,60.00000,5.00000,stop,false,,9.00000,9.00000,-19.72061,
holdout72,CMCSA,2026-04-24,2026-04-23,60.00000,10.00000,stop,false,,12.00000,12.00000,-19.72061,
holdout72,COP,2023-02-02,2023-02-02,20.00000,5.00000,stop,false,,11.00000,11.00000,-7.08140,
holdout72,COP,2023-02-02,2023-02-02,20.00000,10.00000,timeout,false,,,,-7.08140,
holdout72,COP,2023-02-02,2023-02-02,40.00000,5.00000,stop,false,,11.00000,11.00000,-17.39324,
holdout72,COP,2023-02-02,2023-02-02,40.00000,10.00000,stop,false,,26.00000,26.00000,-17.39324,
holdout72,COP,2023-02-02,2023-02-02,60.00000,5.00000,stop,false,,11.00000,11.00000,-17.39324,
holdout72,COP,2023-02-02,2023-02-02,60.00000,10.00000,stop,false,,26.00000,26.00000,-17.39324,
holdout72,CPRT,2024-09-05,2024-09-04,20.00000,5.00000,target,true,10.00000,,10.00000,-2.94890,-2.94890
holdout72,CPRT,2024-09-05,2024-09-04,20.00000,10.00000,target,true,10.00000,,10.00000,-2.94890,-2.94890
holdout72,CPRT,2024-09-05,2024-09-04,40.00000,5.00000,target,true,10.00000,,10.00000,-2.94890,-2.94890
holdout72,CPRT,2024-09-05,2024-09-04,40.00000,10.00000,target,true,10.00000,,10.00000,-2.94890,-2.94890
holdout72,CPRT,2024-09-05,2024-09-04,60.00000,5.00000,target,true,10.00000,,10.00000,-2.94890,-2.94890
holdout72,CPRT,2024-09-05,2024-09-04,60.00000,10.00000,target,true,10.00000,,10.00000,-2.94890,-2.94890
holdout72,CPRT,2025-05-23,2025-05-22,20.00000,5.00000,stop,false,,4.00000,4.00000,-11.81293,
holdout72,CPRT,2025-05-23,2025-05-22,20.00000,10.00000,stop,false,,15.00000,15.00000,-11.81293,
holdout72,CPRT,2025-05-23,2025-05-22,40.00000,5.00000,stop,false,,4.00000,4.00000,-15.18539,
holdout72,CPRT,2025-05-23,2025-05-22,40.00000,10.00000,stop,false,,15.00000,15.00000,-15.18539,
holdout72,CPRT,2025-05-23,2025-05-22,60.00000,5.00000,stop,false,,4.00000,4.00000,-16.06111,
holdout72,CPRT,2025-05-23,2025-05-22,60.00000,10.00000,stop,false,,15.00000,15.00000,-16.06111,
holdout72,CPRT,2025-11-24,2025-11-20,20.00000,5.00000,timeout,false,,,,-1.87612,
holdout72,CPRT,2025-11-24,2025-11-20,20.00000,10.00000,timeout,false,,,,-1.87612,
holdout72,CPRT,2025-11-24,2025-11-20,40.00000,5.00000,target,true,35.00000,,35.00000,-3.85505,-3.85505
holdout72,CPRT,2025-11-24,2025-11-20,40.00000,10.00000,target,true,35.00000,,35.00000,-3.85505,-3.85505
holdout72,CPRT,2025-11-24,2025-11-20,60.00000,5.00000,target,true,35.00000,54.00000,35.00000,-13.10717,-3.85505
holdout72,CPRT,2025-11-24,2025-11-20,60.00000,10.00000,target,true,35.00000,59.00000,35.00000,-13.10717,-3.85505
holdout72,CPRT,2026-02-23,2026-02-19,20.00000,5.00000,target,true,3.00000,14.00000,3.00000,-8.93665,-1.78167
holdout72,CPRT,2026-02-23,2026-02-19,20.00000,10.00000,target,true,3.00000,,3.00000,-8.93665,-1.78167
holdout72,CPRT,2026-02-23,2026-02-19,40.00000,5.00000,target,true,3.00000,14.00000,3.00000,-8.93665,-1.78167
holdout72,CPRT,2026-02-23,2026-02-19,40.00000,10.00000,target,true,3.00000,,3.00000,-8.93665,-1.78167
holdout72,CPRT,2026-02-23,2026-02-19,60.00000,5.00000,target,true,3.00000,14.00000,3.00000,-8.93665,-1.78167
holdout72,CPRT,2026-02-23,2026-02-19,60.00000,10.00000,target,true,3.00000,,3.00000,-8.93665,-1.78167
holdout72,DAL,2024-07-12,2024-07-11,20.00000,5.00000,target,true,2.00000,14.00000,2.00000,-14.21369,-2.06327
holdout72,DAL,2024-07-12,2024-07-11,20.00000,10.00000,target,true,2.00000,16.00000,2.00000,-14.21369,-2.06327
holdout72,DAL,2024-07-12,2024-07-11,40.00000,5.00000,target,true,2.00000,14.00000,2.00000,-14.21369,-2.06327
holdout72,DAL,2024-07-12,2024-07-11,40.00000,10.00000,target,true,2.00000,16.00000,2.00000,-14.21369,-2.06327
holdout72,DAL,2024-07-12,2024-07-11,60.00000,5.00000,target,true,2.00000,14.00000,2.00000,-14.21369,-2.06327
holdout72,DAL,2024-07-12,2024-07-11,60.00000,10.00000,target,true,2.00000,16.00000,2.00000,-14.21369,-2.06327
holdout72,DG,2023-08-31,2023-08-31,20.00000,5.00000,stop,false,,1.00000,1.00000,-25.43682,
holdout72,DG,2023-08-31,2023-08-31,20.00000,10.00000,stop,false,,4.00000,4.00000,-25.43682,
holdout72,DG,2023-08-31,2023-08-31,40.00000,5.00000,stop,false,,1.00000,1.00000,-26.60376,
holdout72,DG,2023-08-31,2023-08-31,40.00000,10.00000,stop,false,,4.00000,4.00000,-26.60376,
holdout72,DG,2023-08-31,2023-08-31,60.00000,5.00000,stop,false,,1.00000,1.00000,-26.60376,
holdout72,DG,2023-08-31,2023-08-31,60.00000,10.00000,stop,false,,4.00000,4.00000,-26.60376,
holdout72,DG,2023-12-08,2023-12-07,20.00000,5.00000,target,true,11.00000,,11.00000,-3.71011,-3.71011
holdout72,DG,2023-12-08,2023-12-07,20.00000,10.00000,target,true,11.00000,,11.00000,-3.71011,-3.71011
holdout72,DG,2023-12-08,2023-12-07,40.00000,5.00000,target,true,11.00000,,11.00000,-3.71011,-3.71011
holdout72,DG,2023-12-08,2023-12-07,40.00000,10.00000,target,true,11.00000,,11.00000,-3.71011,-3.71011
holdout72,DG,2023-12-08,2023-12-07,60.00000,5.00000,target,true,11.00000,,11.00000,-3.71011,-3.71011
holdout72,DG,2023-12-08,2023-12-07,60.00000,10.00000,target,true,11.00000,,11.00000,-3.71011,-3.71011
holdout72,DG,2024-03-14,2024-03-14,20.00000,5.00000,target,true,5.00000,,5.00000,-1.36791,-0.16660
holdout72,DG,2024-03-14,2024-03-14,20.00000,10.00000,target,true,5.00000,,5.00000,-1.36791,-0.16660
holdout72,DG,2024-03-14,2024-03-14,40.00000,5.00000,target,true,5.00000,28.00000,5.00000,-9.91611,-0.16660
holdout72,DG,2024-03-14,2024-03-14,40.00000,10.00000,target,true,5.00000,,5.00000,-9.91611,-0.16660
holdout72,DG,2024-03-14,2024-03-14,60.00000,5.00000,target,true,5.00000,28.00000,5.00000,-15.72862,-0.16660
holdout72,DG,2024-03-14,2024-03-14,60.00000,10.00000,target,true,5.00000,53.00000,5.00000,-15.72862,-0.16660
holdout72,DG,2026-03-12,2026-03-12,20.00000,5.00000,stop,false,,4.00000,4.00000,-15.17470,
holdout72,DG,2026-03-12,2026-03-12,20.00000,10.00000,stop,false,,8.00000,8.00000,-15.17470,
holdout72,DG,2026-03-12,2026-03-12,40.00000,5.00000,stop,false,,4.00000,4.00000,-16.66443,
holdout72,DG,2026-03-12,2026-03-12,40.00000,10.00000,stop,false,,8.00000,8.00000,-16.66443,
holdout72,DG,2026-03-12,2026-03-12,60.00000,5.00000,stop,false,,4.00000,4.00000,-26.41253,
holdout72,DG,2026-03-12,2026-03-12,60.00000,10.00000,stop,false,,8.00000,8.00000,-26.41253,
holdout72,DLTR,2023-05-25,2023-05-25,20.00000,5.00000,stop,true,17.00000,4.00000,4.00000,-5.71491,-5.71491
holdout72,DLTR,2023-05-25,2023-05-25,20.00000,10.00000,target,true,17.00000,,17.00000,-5.71491,-5.71491
holdout72,DLTR,2023-05-25,2023-05-25,40.00000,5.00000,stop,true,17.00000,4.00000,4.00000,-5.71491,-5.71491
holdout72,DLTR,2023-05-25,2023-05-25,40.00000,10.00000,target,true,17.00000,,17.00000,-5.71491,-5.71491
holdout72,DLTR,2023-05-25,2023-05-25,60.00000,5.00000,stop,true,17.00000,4.00000,4.00000,-5.71491,-5.71491
holdout72,DLTR,2023-05-25,2023-05-25,60.00000,10.00000,target,true,17.00000,,17.00000,-5.71491,-5.71491
holdout72,DLTR,2023-08-24,2023-08-24,20.00000,5.00000,stop,false,,7.00000,7.00000,-15.97159,
holdout72,DLTR,2023-08-24,2023-08-24,20.00000,10.00000,stop,false,,16.00000,16.00000,-15.97159,
holdout72,DLTR,2023-08-24,2023-08-24,40.00000,5.00000,stop,false,,7.00000,7.00000,-17.04068,
holdout72,DLTR,2023-08-24,2023-08-24,40.00000,10.00000,stop,false,,16.00000,16.00000,-17.04068,
holdout72,DLTR,2023-08-24,2023-08-24,60.00000,5.00000,stop,false,,7.00000,7.00000,-17.04068,
holdout72,DLTR,2023-08-24,2023-08-24,60.00000,10.00000,stop,false,,16.00000,16.00000,-17.04068,
holdout72,DLTR,2024-03-13,2024-03-13,20.00000,5.00000,target,true,12.00000,,12.00000,-3.43404,-3.43404
holdout72,DLTR,2024-03-13,2024-03-13,20.00000,10.00000,target,true,12.00000,,12.00000,-3.43404,-3.43404
holdout72,DLTR,2024-03-13,2024-03-13,40.00000,5.00000,target,true,12.00000,26.00000,12.00000,-9.23922,-3.43404
holdout72,DLTR,2024-03-13,2024-03-13,40.00000,10.00000,target,true,12.00000,,12.00000,-9.23922,-3.43404
holdout72,DLTR,2024-03-13,2024-03-13,60.00000,5.00000,target,true,12.00000,26.00000,12.00000,-13.78290,-3.43404
holdout72,DLTR,2024-03-13,2024-03-13,60.00000,10.00000,target,true,12.00000,47.00000,12.00000,-13.78290,-3.43404
holdout72,EOG,2026-05-07,2026-05-05,20.00000,5.00000,target,true,6.00000,,6.00000,-1.29116,-1.29116
holdout72,EOG,2026-05-07,2026-05-05,20.00000,10.00000,target,true,6.00000,,6.00000,-1.29116,-1.29116
holdout72,EOG,2026-05-07,2026-05-05,40.00000,5.00000,target,true,6.00000,,6.00000,-2.74276,-1.29116
holdout72,EOG,2026-05-07,2026-05-05,40.00000,10.00000,target,true,6.00000,,6.00000,-2.74276,-1.29116
holdout72,EOG,2026-05-07,2026-05-05,60.00000,5.00000,target,true,6.00000,,6.00000,-2.74276,-1.29116
holdout72,EOG,2026-05-07,2026-05-05,60.00000,10.00000,target,true,6.00000,,6.00000,-2.74276,-1.29116
holdout72,EW,2023-07-27,2023-07-26,20.00000,5.00000,stop,false,,8.00000,8.00000,-9.32624,
holdout72,EW,2023-07-27,2023-07-26,20.00000,10.00000,timeout,false,,,,-9.32624,
holdout72,EW,2023-07-27,2023-07-26,40.00000,5.00000,stop,false,,8.00000,8.00000,-15.89452,
holdout72,EW,2023-07-27,2023-07-26,40.00000,10.00000,stop,false,,30.00000,30.00000,-15.89452,
holdout72,EW,2023-07-27,2023-07-26,60.00000,5.00000,stop,false,,8.00000,8.00000,-17.27350,
holdout72,EW,2023-07-27,2023-07-26,60.00000,10.00000,stop,false,,30.00000,30.00000,-17.27350,
holdout72,FIS,2025-02-11,2025-02-11,20.00000,5.00000,stop,false,,3.00000,3.00000,-8.57656,
holdout72,FIS,2025-02-11,2025-02-11,20.00000,10.00000,timeout,false,,,,-8.57656,
holdout72,FIS,2025-02-11,2025-02-11,40.00000,5.00000,stop,false,,3.00000,3.00000,-8.57656,
holdout72,FIS,2025-02-11,2025-02-11,40.00000,10.00000,timeout,false,,,,-8.57656,
holdout72,FIS,2025-02-11,2025-02-11,60.00000,5.00000,stop,true,47.00000,3.00000,3.00000,-8.57656,-8.57656
holdout72,FIS,2025-02-11,2025-02-11,60.00000,10.00000,target,true,47.00000,,47.00000,-8.57656,-8.57656
holdout72,FIS,2025-08-05,2025-08-05,20.00000,5.00000,stop,false,,19.00000,19.00000,-6.39712,
holdout72,FIS,2025-08-05,2025-08-05,20.00000,10.00000,timeout,false,,,,-6.39712,
holdout72,FIS,2025-08-05,2025-08-05,40.00000,5.00000,stop,false,,19.00000,19.00000,-12.25521,
holdout72,FIS,2025-08-05,2025-08-05,40.00000,10.00000,stop,false,,33.00000,33.00000,-12.25521,
holdout72,FIS,2025-08-05,2025-08-05,60.00000,5.00000,stop,false,,19.00000,19.00000,-17.11600,
holdout72,FIS,2025-08-05,2025-08-05,60.00000,10.00000,stop,false,,33.00000,33.00000,-17.11600,
holdout72,FIS,2026-05-08,2026-05-08,20.00000,5.00000,stop,false,,17.00000,17.00000,-9.12854,
holdout72,FIS,2026-05-08,2026-05-08,20.00000,10.00000,timeout,false,,,,-9.12854,
holdout72,FIS,2026-05-08,2026-05-08,40.00000,5.00000,stop,false,,17.00000,17.00000,-12.97465,
holdout72,FIS,2026-05-08,2026-05-08,40.00000,10.00000,stop,false,,21.00000,21.00000,-12.97465,
holdout72,FIS,2026-05-08,2026-05-08,60.00000,5.00000,stop,true,55.00000,17.00000,17.00000,-12.97465,-12.97465
holdout72,FIS,2026-05-08,2026-05-08,60.00000,10.00000,stop,true,55.00000,21.00000,21.00000,-12.97465,-12.97465
holdout72,FSLR,2026-02-25,2026-02-24,20.00000,5.00000,stop,false,,1.00000,1.00000,-11.40063,
holdout72,FSLR,2026-02-25,2026-02-24,20.00000,10.00000,stop,false,,7.00000,7.00000,-11.40063,
holdout72,FSLR,2026-02-25,2026-02-24,40.00000,5.00000,stop,false,,1.00000,1.00000,-12.91167,
holdout72,FSLR,2026-02-25,2026-02-24,40.00000,10.00000,stop,false,,7.00000,7.00000,-12.91167,
holdout72,FSLR,2026-02-25,2026-02-24,60.00000,5.00000,stop,true,48.00000,1.00000,1.00000,-12.91167,-12.91167
holdout72,FSLR,2026-02-25,2026-02-24,60.00000,10.00000,stop,true,48.00000,7.00000,7.00000,-12.91167,-12.91167
holdout72,FTNT,2025-05-08,2025-05-07,20.00000,5.00000,target,true,3.00000,,3.00000,-2.37364,-2.37364
holdout72,FTNT,2025-05-08,2025-05-07,20.00000,10.00000,target,true,3.00000,,3.00000,-2.37364,-2.37364
holdout72,FTNT,2025-05-08,2025-05-07,40.00000,5.00000,target,true,3.00000,,3.00000,-2.37364,-2.37364
holdout72,FTNT,2025-05-08,2025-05-07,40.00000,10.00000,target,true,3.00000,,3.00000,-2.37364,-2.37364
holdout72,FTNT,2025-05-08,2025-05-07,60.00000,5.00000,target,true,3.00000,,3.00000,-2.37364,-2.37364
holdout72,FTNT,2025-05-08,2025-05-07,60.00000,10.00000,target,true,3.00000,,3.00000,-2.37364,-2.37364
holdout72,FTNT,2025-08-07,2025-08-06,20.00000,5.00000,target,true,4.00000,,4.00000,-3.28021,-3.28021
holdout72,FTNT,2025-08-07,2025-08-06,20.00000,10.00000,target,true,4.00000,,4.00000,-3.28021,-3.28021
holdout72,FTNT,2025-08-07,2025-08-06,40.00000,5.00000,target,true,4.00000,,4.00000,-3.28021,-3.28021
holdout72,FTNT,2025-08-07,2025-08-06,40.00000,10.00000,target,true,4.00000,,4.00000,-3.28021,-3.28021
holdout72,FTNT,2025-08-07,2025-08-06,60.00000,5.00000,target,true,4.00000,,4.00000,-3.28021,-3.28021
holdout72,FTNT,2025-08-07,2025-08-06,60.00000,10.00000,target,true,4.00000,,4.00000,-3.28021,-3.28021
holdout72,FTNT,2025-11-06,2025-11-05,20.00000,5.00000,target,true,19.00000,,19.00000,-4.18426,-4.18426
holdout72,FTNT,2025-11-06,2025-11-05,20.00000,10.00000,target,true,19.00000,,19.00000,-4.18426,-4.18426
holdout72,FTNT,2025-11-06,2025-11-05,40.00000,5.00000,target,true,19.00000,,19.00000,-4.18426,-4.18426
holdout72,FTNT,2025-11-06,2025-11-05,40.00000,10.00000,target,true,19.00000,,19.00000,-4.18426,-4.18426
holdout72,FTNT,2025-11-06,2025-11-05,60.00000,5.00000,target,true,19.00000,46.00000,19.00000,-8.67892,-4.18426
holdout72,FTNT,2025-11-06,2025-11-05,60.00000,10.00000,target,true,19.00000,,19.00000,-8.67892,-4.18426
holdout72,GLW,2026-01-29,2026-01-28,20.00000,5.00000,target,true,2.00000,,2.00000,-1.10680,-1.10680
holdout72,GLW,2026-01-29,2026-01-28,20.00000,10.00000,target,true,2.00000,,2.00000,-1.10680,-1.10680
holdout72,GLW,2026-01-29,2026-01-28,40.00000,5.00000,target,true,2.00000,,2.00000,-1.10680,-1.10680
holdout72,GLW,2026-01-29,2026-01-28,40.00000,10.00000,target,true,2.00000,,2.00000,-1.10680,-1.10680
holdout72,GLW,2026-01-29,2026-01-28,60.00000,5.00000,target,true,2.00000,,2.00000,-1.10680,-1.10680
holdout72,GLW,2026-01-29,2026-01-28,60.00000,10.00000,target,true,2.00000,,2.00000,-1.10680,-1.10680
holdout72,GLW,2026-04-28,2026-04-28,20.00000,5.00000,target,true,2.00000,,2.00000,-3.18850,-3.18850
holdout72,GLW,2026-04-28,2026-04-28,20.00000,10.00000,target,true,2.00000,,2.00000,-3.18850,-3.18850
holdout72,GLW,2026-04-28,2026-04-28,40.00000,5.00000,target,true,2.00000,,2.00000,-3.18850,-3.18850
holdout72,GLW,2026-04-28,2026-04-28,40.00000,10.00000,target,true,2.00000,,2.00000,-3.18850,-3.18850
holdout72,GLW,2026-04-28,2026-04-28,60.00000,5.00000,target,true,2.00000,,2.00000,-4.50594,-3.18850
holdout72,GLW,2026-04-28,2026-04-28,60.00000,10.00000,target,true,2.00000,,2.00000,-4.50594,-3.18850
holdout72,GPN,2023-05-01,2023-05-01,20.00000,5.00000,stop,false,,1.00000,1.00000,-6.07767,
holdout72,GPN,2023-05-01,2023-05-01,20.00000,10.00000,timeout,false,,,,-6.07767,
holdout72,GPN,2023-05-01,2023-05-01,40.00000,5.00000,stop,false,,1.00000,1.00000,-7.00971,
holdout72,GPN,2023-05-01,2023-05-01,40.00000,10.00000,timeout,false,,,,-7.00971,
holdout72,GPN,2023-05-01,2023-05-01,60.00000,5.00000,stop,true,44.00000,1.00000,1.00000,-7.00971,-7.00971
holdout72,GPN,2023-05-01,2023-05-01,60.00000,10.00000,target,true,44.00000,,44.00000,-7.00971,-7.00971
holdout72,GPN,2024-05-01,2024-05-01,20.00000,5.00000,stop,false,,16.00000,16.00000,-8.84834,
holdout72,GPN,2024-05-01,2024-05-01,20.00000,10.00000,timeout,false,,,,-8.84834,
holdout72,GPN,2024-05-01,2024-05-01,40.00000,5.00000,stop,false,,16.00000,16.00000,-15.78470,
holdout72,GPN,2024-05-01,2024-05-01,40.00000,10.00000,stop,false,,23.00000,23.00000,-15.78470,
holdout72,GPN,2024-05-01,2024-05-01,60.00000,5.00000,stop,false,,16.00000,16.00000,-15.78470,
holdout72,GPN,2024-05-01,2024-05-01,60.00000,10.00000,stop,false,,23.00000,23.00000,-15.78470,
holdout72,HAL,2023-04-26,2023-04-25,20.00000,5.00000,stop,false,,4.00000,4.00000,-12.23203,
holdout72,HAL,2023-04-26,2023-04-25,20.00000,10.00000,stop,false,,6.00000,6.00000,-12.23203,
holdout72,HAL,2023-04-26,2023-04-25,40.00000,5.00000,stop,true,33.00000,4.00000,4.00000,-12.23203,-12.23203
holdout72,HAL,2023-04-26,2023-04-25,40.00000,10.00000,stop,true,33.00000,6.00000,6.00000,-12.23203,-12.23203
holdout72,HAL,2023-04-26,2023-04-25,60.00000,5.00000,stop,true,33.00000,4.00000,4.00000,-12.23203,-12.23203
holdout72,HAL,2023-04-26,2023-04-25,60.00000,10.00000,stop,true,33.00000,6.00000,6.00000,-12.23203,-12.23203
holdout72,HAL,2024-07-19,2024-07-19,20.00000,5.00000,stop,false,,10.00000,10.00000,-11.90407,
holdout72,HAL,2024-07-19,2024-07-19,20.00000,10.00000,stop,false,,11.00000,11.00000,-11.90407,
holdout72,HAL,2024-07-19,2024-07-19,40.00000,5.00000,stop,false,,10.00000,10.00000,-19.52716,
holdout72,HAL,2024-07-19,2024-07-19,40.00000,10.00000,stop,false,,11.00000,11.00000,-19.52716,
holdout72,HAL,2024-07-19,2024-07-19,60.00000,5.00000,stop,false,,10.00000,10.00000,-19.52716,
holdout72,HAL,2024-07-19,2024-07-19,60.00000,10.00000,stop,false,,11.00000,11.00000,-19.52716,
holdout72,HSY,2023-10-27,2023-10-26,20.00000,5.00000,target,true,11.00000,,11.00000,-0.20368,-0.20368
holdout72,HSY,2023-10-27,2023-10-26,20.00000,10.00000,target,true,11.00000,,11.00000,-0.20368,-0.20368
holdout72,HSY,2023-10-27,2023-10-26,40.00000,5.00000,target,true,11.00000,,11.00000,-2.27812,-0.20368
holdout72,HSY,2023-10-27,2023-10-26,40.00000,10.00000,target,true,11.00000,,11.00000,-2.27812,-0.20368
holdout72,HSY,2023-10-27,2023-10-26,60.00000,5.00000,target,true,11.00000,,11.00000,-2.27812,-0.20368
holdout72,HSY,2023-10-27,2023-10-26,60.00000,10.00000,target,true,11.00000,,11.00000,-2.27812,-0.20368
holdout72,KDP,2023-04-27,2023-04-27,20.00000,5.00000,stop,false,,13.00000,13.00000,-6.76804,
holdout72,KDP,2023-04-27,2023-04-27,20.00000,10.00000,timeout,false,,,,-6.76804,
holdout72,KDP,2023-04-27,2023-04-27,40.00000,5.00000,stop,false,,13.00000,13.00000,-8.48241,
holdout72,KDP,2023-04-27,2023-04-27,40.00000,10.00000,timeout,false,,,,-8.48241,
holdout72,KDP,2023-04-27,2023-04-27,60.00000,5.00000,stop,false,,13.00000,13.00000,-8.56141,
holdout72,KDP,2023-04-27,2023-04-27,60.00000,10.00000,timeout,false,,,,-8.56141,
holdout72,KDP,2024-10-25,2024-10-24,20.00000,5.00000,stop,false,,2.00000,2.00000,-10.62753,
holdout72,KDP,2024-10-25,2024-10-24,20.00000,10.00000,stop,false,,17.00000,17.00000,-10.62753,
holdout72,KDP,2024-10-25,2024-10-24,40.00000,5.00000,stop,false,,2.00000,2.00000,-10.62753,
holdout72,KDP,2024-10-25,2024-10-24,40.00000,10.00000,stop,false,,17.00000,17.00000,-10.62753,
holdout72,KDP,2024-10-25,2024-10-24,60.00000,5.00000,stop,false,,2.00000,2.00000,-12.26225,
holdout72,KDP,2024-10-25,2024-10-24,60.00000,10.00000,stop,false,,17.00000,17.00000,-12.26225,
holdout72,KR,2025-12-05,2025-12-04,20.00000,5.00000,timeout,false,,,,-3.20475,
holdout72,KR,2025-12-05,2025-12-04,20.00000,10.00000,timeout,false,,,,-3.20475,
holdout72,KR,2025-12-05,2025-12-04,40.00000,5.00000,stop,true,40.00000,21.00000,21.00000,-6.55398,-6.55398
holdout72,KR,2025-12-05,2025-12-04,40.00000,10.00000,target,true,40.00000,,40.00000,-6.55398,-6.55398
holdout72,KR,2025-12-05,2025-12-04,60.00000,5.00000,stop,true,40.00000,21.00000,21.00000,-6.55398,-6.55398
holdout72,KR,2025-12-05,2025-12-04,60.00000,10.00000,target,true,40.00000,,40.00000,-6.55398,-6.55398
holdout72,LEN,2024-03-14,2024-03-13,20.00000,5.00000,target,true,4.00000,,4.00000,-0.87662,-0.87662
holdout72,LEN,2024-03-14,2024-03-13,20.00000,10.00000,target,true,4.00000,,4.00000,-0.87662,-0.87662
holdout72,LEN,2024-03-14,2024-03-13,40.00000,5.00000,target,true,4.00000,,4.00000,-2.43687,-0.87662
holdout72,LEN,2024-03-14,2024-03-13,40.00000,10.00000,target,true,4.00000,,4.00000,-2.43687,-0.87662
holdout72,LEN,2024-03-14,2024-03-13,60.00000,5.00000,target,true,4.00000,,4.00000,-2.43687,-0.87662
holdout72,LEN,2024-03-14,2024-03-13,60.00000,10.00000,target,true,4.00000,,4.00000,-2.43687,-0.87662
holdout72,LEN,2024-09-20,2024-09-19,20.00000,5.00000,timeout,false,,,,-2.24963,
holdout72,LEN,2024-09-20,2024-09-19,20.00000,10.00000,timeout,false,,,,-2.24963,
holdout72,LEN,2024-09-20,2024-09-19,40.00000,5.00000,stop,false,,23.00000,23.00000,-11.59668,
holdout72,LEN,2024-09-20,2024-09-19,40.00000,10.00000,stop,false,,27.00000,27.00000,-11.59668,
holdout72,LEN,2024-09-20,2024-09-19,60.00000,5.00000,stop,false,,23.00000,23.00000,-16.58195,
holdout72,LEN,2024-09-20,2024-09-19,60.00000,10.00000,stop,false,,27.00000,27.00000,-16.58195,
holdout72,LEN,2024-12-19,2024-12-18,20.00000,5.00000,stop,false,,12.00000,12.00000,-7.21821,
holdout72,LEN,2024-12-19,2024-12-18,20.00000,10.00000,timeout,false,,,,-7.21821,
holdout72,LEN,2024-12-19,2024-12-18,40.00000,5.00000,stop,false,,12.00000,12.00000,-14.49786,
holdout72,LEN,2024-12-19,2024-12-18,40.00000,10.00000,stop,false,,32.00000,32.00000,-14.49786,
holdout72,LEN,2024-12-19,2024-12-18,60.00000,5.00000,stop,false,,12.00000,12.00000,-16.15859,
holdout72,LEN,2024-12-19,2024-12-18,60.00000,10.00000,stop,false,,32.00000,32.00000,-16.15859,
holdout72,LEN,2025-06-18,2025-06-16,20.00000,5.00000,target,true,2.00000,,2.00000,0.09670,0.09670
holdout72,LEN,2025-06-18,2025-06-16,20.00000,10.00000,target,true,2.00000,,2.00000,0.09670,0.09670
holdout72,LEN,2025-06-18,2025-06-16,40.00000,5.00000,target,true,2.00000,,2.00000,0.09670,0.09670
holdout72,LEN,2025-06-18,2025-06-16,40.00000,10.00000,target,true,2.00000,,2.00000,0.09670,0.09670
holdout72,LEN,2025-06-18,2025-06-16,60.00000,5.00000,target,true,2.00000,,2.00000,0.09670,0.09670
holdout72,LEN,2025-06-18,2025-06-16,60.00000,10.00000,target,true,2.00000,,2.00000,0.09670,0.09670
holdout72,MPWR,2023-05-05,2023-05-04,20.00000,5.00000,target,true,9.00000,,9.00000,-4.41924,-4.41924
holdout72,MPWR,2023-05-05,2023-05-04,20.00000,10.00000,target,true,9.00000,,9.00000,-4.41924,-4.41924
holdout72,MPWR,2023-05-05,2023-05-04,40.00000,5.00000,target,true,9.00000,,9.00000,-4.41924,-4.41924
holdout72,MPWR,2023-05-05,2023-05-04,40.00000,10.00000,target,true,9.00000,,9.00000,-4.41924,-4.41924
holdout72,MPWR,2023-05-05,2023-05-04,60.00000,5.00000,target,true,9.00000,,9.00000,-4.41924,-4.41924
holdout72,MPWR,2023-05-05,2023-05-04,60.00000,10.00000,target,true,9.00000,,9.00000,-4.41924,-4.41924
holdout72,MPWR,2023-08-02,2023-07-31,20.00000,5.00000,stop,false,,7.00000,7.00000,-10.54993,
holdout72,MPWR,2023-08-02,2023-07-31,20.00000,10.00000,stop,false,,12.00000,12.00000,-10.54993,
holdout72,MPWR,2023-08-02,2023-07-31,40.00000,5.00000,stop,false,,7.00000,7.00000,-17.33993,
holdout72,MPWR,2023-08-02,2023-07-31,40.00000,10.00000,stop,false,,12.00000,12.00000,-17.33993,
holdout72,MPWR,2023-08-02,2023-07-31,60.00000,5.00000,stop,false,,7.00000,7.00000,-25.31948,
holdout72,MPWR,2023-08-02,2023-07-31,60.00000,10.00000,stop,false,,12.00000,12.00000,-25.31948,
holdout72,MPWR,2024-10-31,2024-10-30,20.00000,5.00000,stop,false,,7.00000,7.00000,-27.99881,
holdout72,MPWR,2024-10-31,2024-10-30,20.00000,10.00000,stop,false,,7.00000,7.00000,-27.99881,
holdout72,MPWR,2024-10-31,2024-10-30,40.00000,5.00000,stop,false,,7.00000,7.00000,-27.99881,
holdout72,MPWR,2024-10-31,2024-10-30,40.00000,10.00000,stop,false,,7.00000,7.00000,-27.99881,
holdout72,MPWR,2024-10-31,2024-10-30,60.00000,5.00000,stop,false,,7.00000,7.00000,-27.99881,
holdout72,MPWR,2024-10-31,2024-10-30,60.00000,10.00000,stop,false,,7.00000,7.00000,-27.99881,
holdout72,MPWR,2025-10-31,2025-10-30,20.00000,5.00000,stop,false,,2.00000,2.00000,-17.09651,
holdout72,MPWR,2025-10-31,2025-10-30,20.00000,10.00000,stop,false,,5.00000,5.00000,-17.09651,
holdout72,MPWR,2025-10-31,2025-10-30,40.00000,5.00000,stop,false,,2.00000,2.00000,-17.09651,
holdout72,MPWR,2025-10-31,2025-10-30,40.00000,10.00000,stop,false,,5.00000,5.00000,-17.09651,
holdout72,MPWR,2025-10-31,2025-10-30,60.00000,5.00000,stop,true,53.00000,2.00000,2.00000,-17.09651,-17.09651
holdout72,MPWR,2025-10-31,2025-10-30,60.00000,10.00000,stop,true,53.00000,5.00000,5.00000,-17.09651,-17.09651
holdout72,NEM,2025-10-24,2025-10-23,20.00000,5.00000,stop,true,11.00000,1.00000,1.00000,-8.78397,-8.78397
holdout72,NEM,2025-10-24,2025-10-23,20.00000,10.00000,target,true,11.00000,,11.00000,-8.78397,-8.78397
holdout72,NEM,2025-10-24,2025-10-23,40.00000,5.00000,stop,true,11.00000,1.00000,1.00000,-8.78397,-8.78397
holdout72,NEM,2025-10-24,2025-10-23,40.00000,10.00000,target,true,11.00000,,11.00000,-8.78397,-8.78397
holdout72,NEM,2025-10-24,2025-10-23,60.00000,5.00000,stop,true,11.00000,1.00000,1.00000,-8.78397,-8.78397
holdout72,NEM,2025-10-24,2025-10-23,60.00000,10.00000,target,true,11.00000,,11.00000,-8.78397,-8.78397
holdout72,NOC,2023-01-27,2023-01-26,20.00000,5.00000,target,true,9.00000,,9.00000,-0.46156,-0.46156
holdout72,NOC,2023-01-27,2023-01-26,20.00000,10.00000,target,true,9.00000,,9.00000,-0.46156,-0.46156
holdout72,NOC,2023-01-27,2023-01-26,40.00000,5.00000,target,true,9.00000,,9.00000,-0.46156,-0.46156
holdout72,NOC,2023-01-27,2023-01-26,40.00000,10.00000,target,true,9.00000,,9.00000,-0.46156,-0.46156
holdout72,NOC,2023-01-27,2023-01-26,60.00000,5.00000,target,true,9.00000,,9.00000,-0.46156,-0.46156
holdout72,NOC,2023-01-27,2023-01-26,60.00000,10.00000,target,true,9.00000,,9.00000,-0.46156,-0.46156
holdout72,NOC,2024-01-25,2024-01-25,20.00000,5.00000,target,true,17.00000,,17.00000,-0.69727,-0.69727
holdout72,NOC,2024-01-25,2024-01-25,20.00000,10.00000,target,true,17.00000,,17.00000,-0.69727,-0.69727
holdout72,NOC,2024-01-25,2024-01-25,40.00000,5.00000,target,true,17.00000,,17.00000,-0.69727,-0.69727
holdout72,NOC,2024-01-25,2024-01-25,40.00000,10.00000,target,true,17.00000,,17.00000,-0.69727,-0.69727
holdout72,NOC,2024-01-25,2024-01-25,60.00000,5.00000,target,true,17.00000,,17.00000,-0.69727,-0.69727
holdout72,NOC,2024-01-25,2024-01-25,60.00000,10.00000,target,true,17.00000,,17.00000,-0.69727,-0.69727
holdout72,NOC,2025-04-22,2025-04-22,20.00000,5.00000,target,true,6.00000,,6.00000,-2.38536,-1.23470
holdout72,NOC,2025-04-22,2025-04-22,20.00000,10.00000,target,true,6.00000,,6.00000,-2.38536,-1.23470
holdout72,NOC,2025-04-22,2025-04-22,40.00000,5.00000,target,true,6.00000,,6.00000,-2.38536,-1.23470
holdout72,NOC,2025-04-22,2025-04-22,40.00000,10.00000,target,true,6.00000,,6.00000,-2.38536,-1.23470
holdout72,NOC,2025-04-22,2025-04-22,60.00000,5.00000,target,true,6.00000,,6.00000,-2.38536,-1.23470
holdout72,NOC,2025-04-22,2025-04-22,60.00000,10.00000,target,true,6.00000,,6.00000,-2.38536,-1.23470
holdout72,NOC,2026-04-21,2026-04-21,20.00000,5.00000,stop,false,,3.00000,3.00000,-11.80273,
holdout72,NOC,2026-04-21,2026-04-21,20.00000,10.00000,stop,false,,12.00000,12.00000,-11.80273,
holdout72,NOC,2026-04-21,2026-04-21,40.00000,5.00000,stop,false,,3.00000,3.00000,-13.59550,
holdout72,NOC,2026-04-21,2026-04-21,40.00000,10.00000,stop,false,,12.00000,12.00000,-13.59550,
holdout72,NOC,2026-04-21,2026-04-21,60.00000,5.00000,stop,false,,3.00000,3.00000,-18.83666,
holdout72,NOC,2026-04-21,2026-04-21,60.00000,10.00000,stop,false,,12.00000,12.00000,-18.83666,
holdout72,OKE,2025-04-30,2025-04-29,20.00000,5.00000,target,true,8.00000,,8.00000,-3.16464,-3.16464
holdout72,OKE,2025-04-30,2025-04-29,20.00000,10.00000,target,true,8.00000,,8.00000,-3.16464,-3.16464
holdout72,OKE,2025-04-30,2025-04-29,40.00000,5.00000,target,true,8.00000,,8.00000,-3.16464,-3.16464
holdout72,OKE,2025-04-30,2025-04-29,40.00000,10.00000,target,true,8.00000,,8.00000,-3.16464,-3.16464
holdout72,OKE,2025-04-30,2025-04-29,60.00000,5.00000,target,true,8.00000,,8.00000,-3.16464,-3.16464
holdout72,OKE,2025-04-30,2025-04-29,60.00000,10.00000,target,true,8.00000,,8.00000,-3.16464,-3.16464
holdout72,OKE,2025-08-05,2025-08-04,20.00000,5.00000,timeout,false,,,,-4.64993,
holdout72,OKE,2025-08-05,2025-08-04,20.00000,10.00000,timeout,false,,,,-4.64993,
holdout72,OKE,2025-08-05,2025-08-04,40.00000,5.00000,stop,false,,22.00000,22.00000,-6.69749,
holdout72,OKE,2025-08-05,2025-08-04,40.00000,10.00000,timeout,false,,,,-6.69749,
holdout72,OKE,2025-08-05,2025-08-04,60.00000,5.00000,stop,false,,22.00000,22.00000,-12.06975,
holdout72,OKE,2025-08-05,2025-08-04,60.00000,10.00000,stop,false,,51.00000,51.00000,-12.06975,
holdout72,OKE,2026-02-24,2026-02-23,20.00000,5.00000,target,true,5.00000,,5.00000,-3.81650,-3.81650
holdout72,OKE,2026-02-24,2026-02-23,20.00000,10.00000,target,true,5.00000,,5.00000,-3.81650,-3.81650
holdout72,OKE,2026-02-24,2026-02-23,40.00000,5.00000,target,true,5.00000,,5.00000,-3.81650,-3.81650
holdout72,OKE,2026-02-24,2026-02-23,40.00000,10.00000,target,true,5.00000,,5.00000,-3.81650,-3.81650
holdout72,OKE,2026-02-24,2026-02-23,60.00000,5.00000,target,true,5.00000,,5.00000,-3.81650,-3.81650
holdout72,OKE,2026-02-24,2026-02-23,60.00000,10.00000,target,true,5.00000,,5.00000,-3.81650,-3.81650
holdout72,REGN,2024-10-31,2024-10-31,20.00000,5.00000,stop,false,,10.00000,10.00000,-12.19819,
holdout72,REGN,2024-10-31,2024-10-31,20.00000,10.00000,stop,false,,11.00000,11.00000,-12.19819,
holdout72,REGN,2024-10-31,2024-10-31,40.00000,5.00000,stop,false,,10.00000,10.00000,-17.32283,
holdout72,REGN,2024-10-31,2024-10-31,40.00000,10.00000,stop,false,,11.00000,11.00000,-17.32283,
holdout72,REGN,2024-10-31,2024-10-31,60.00000,5.00000,stop,false,,10.00000,10.00000,-20.51438,
holdout72,REGN,2024-10-31,2024-10-31,60.00000,10.00000,stop,false,,11.00000,11.00000,-20.51438,
holdout72,REGN,2025-04-29,2025-04-29,20.00000,5.00000,target,true,1.00000,7.00000,1.00000,-8.50925,
holdout72,REGN,2025-04-29,2025-04-29,20.00000,10.00000,target,true,1.00000,,1.00000,-8.50925,
holdout72,REGN,2025-04-29,2025-04-29,40.00000,5.00000,target,true,1.00000,7.00000,1.00000,-16.12191,
holdout72,REGN,2025-04-29,2025-04-29,40.00000,10.00000,target,true,1.00000,22.00000,1.00000,-16.12191,
holdout72,REGN,2025-04-29,2025-04-29,60.00000,5.00000,target,true,1.00000,7.00000,1.00000,-16.12191,
holdout72,REGN,2025-04-29,2025-04-29,60.00000,10.00000,target,true,1.00000,22.00000,1.00000,-16.12191,
holdout72,REGN,2026-04-29,2026-04-29,20.00000,5.00000,target,true,5.00000,13.00000,5.00000,-11.03794,0.37662
holdout72,REGN,2026-04-29,2026-04-29,20.00000,10.00000,target,true,5.00000,13.00000,5.00000,-11.03794,0.37662
holdout72,REGN,2026-04-29,2026-04-29,40.00000,5.00000,target,true,5.00000,13.00000,5.00000,-13.68910,0.37662
holdout72,REGN,2026-04-29,2026-04-29,40.00000,10.00000,target,true,5.00000,13.00000,5.00000,-13.68910,0.37662
holdout72,REGN,2026-04-29,2026-04-29,60.00000,5.00000,target,true,5.00000,13.00000,5.00000,-13.68910,0.37662
holdout72,REGN,2026-04-29,2026-04-29,60.00000,10.00000,target,true,5.00000,13.00000,5.00000,-13.68910,0.37662
holdout72,TMO,2026-04-23,2026-04-23,20.00000,5.00000,stop,false,,16.00000,16.00000,-6.73452,
holdout72,TMO,2026-04-23,2026-04-23,20.00000,10.00000,timeout,false,,,,-6.73452,
holdout72,TMO,2026-04-23,2026-04-23,40.00000,5.00000,stop,true,24.00000,16.00000,16.00000,-6.73452,-6.73452
holdout72,TMO,2026-04-23,2026-04-23,40.00000,10.00000,target,true,24.00000,,24.00000,-6.73452,-6.73452
holdout72,TMO,2026-04-23,2026-04-23,60.00000,5.00000,stop,true,24.00000,16.00000,16.00000,-6.73452,-6.73452
holdout72,TMO,2026-04-23,2026-04-23,60.00000,10.00000,target,true,24.00000,,24.00000,-6.73452,-6.73452
holdout72,TPR,2025-08-14,2025-08-14,20.00000,5.00000,target,true,1.00000,,1.00000,0.01045,
holdout72,TPR,2025-08-14,2025-08-14,20.00000,10.00000,target,true,1.00000,,1.00000,0.01045,
holdout72,TPR,2025-08-14,2025-08-14,40.00000,5.00000,target,true,1.00000,,1.00000,0.01045,
holdout72,TPR,2025-08-14,2025-08-14,40.00000,10.00000,target,true,1.00000,,1.00000,0.01045,
holdout72,TPR,2025-08-14,2025-08-14,60.00000,5.00000,target,true,1.00000,,1.00000,-2.44239,
holdout72,TPR,2025-08-14,2025-08-14,60.00000,10.00000,target,true,1.00000,,1.00000,-2.44239,
holdout72,WAB,2024-07-24,2024-07-24,20.00000,5.00000,stop,false,,8.00000,8.00000,-6.11648,
holdout72,WAB,2024-07-24,2024-07-24,20.00000,10.00000,timeout,false,,,,-6.11648,
holdout72,WAB,2024-07-24,2024-07-24,40.00000,5.00000,stop,true,22.00000,8.00000,8.00000,-6.11648,-6.11648
holdout72,WAB,2024-07-24,2024-07-24,40.00000,10.00000,target,true,22.00000,,22.00000,-6.11648,-6.11648
holdout72,WAB,2024-07-24,2024-07-24,60.00000,5.00000,stop,true,22.00000,8.00000,8.00000,-6.11648,-6.11648
holdout72,WAB,2024-07-24,2024-07-24,60.00000,10.00000,target,true,22.00000,,22.00000,-6.11648,-6.11648
holdout72,WAB,2025-02-12,2025-02-12,20.00000,5.00000,stop,false,,13.00000,13.00000,-8.69711,
holdout72,WAB,2025-02-12,2025-02-12,20.00000,10.00000,timeout,false,,,,-8.69711,
holdout72,WAB,2025-02-12,2025-02-12,40.00000,5.00000,stop,false,,13.00000,13.00000,-19.68732,
holdout72,WAB,2025-02-12,2025-02-12,40.00000,10.00000,stop,false,,36.00000,36.00000,-19.68732,
holdout72,WAB,2025-02-12,2025-02-12,60.00000,5.00000,stop,false,,13.00000,13.00000,-19.68732,
holdout72,WAB,2025-02-12,2025-02-12,60.00000,10.00000,stop,false,,36.00000,36.00000,-19.68732,
holdout72,WAB,2025-07-24,2025-07-24,20.00000,5.00000,stop,false,,4.00000,4.00000,-7.50374,
holdout72,WAB,2025-07-24,2025-07-24,20.00000,10.00000,timeout,false,,,,-7.50374,
holdout72,WAB,2025-07-24,2025-07-24,40.00000,5.00000,stop,false,,4.00000,4.00000,-8.07311,
holdout72,WAB,2025-07-24,2025-07-24,40.00000,10.00000,timeout,false,,,,-8.07311,
holdout72,WAB,2025-07-24,2025-07-24,60.00000,5.00000,stop,false,,4.00000,4.00000,-8.07311,
holdout72,WAB,2025-07-24,2025-07-24,60.00000,10.00000,timeout,false,,,,-8.07311,
holdout72,ZBH,2023-08-02,2023-08-01,20.00000,5.00000,stop,false,,10.00000,10.00000,-11.20891,
holdout72,ZBH,2023-08-02,2023-08-01,20.00000,10.00000,stop,false,,14.00000,14.00000,-11.20891,
holdout72,ZBH,2023-08-02,2023-08-01,40.00000,5.00000,stop,false,,10.00000,10.00000,-15.46970,
holdout72,ZBH,2023-08-02,2023-08-01,40.00000,10.00000,stop,false,,14.00000,14.00000,-15.46970,
holdout72,ZBH,2023-08-02,2023-08-01,60.00000,5.00000,stop,false,,10.00000,10.00000,-20.37584,
holdout72,ZBH,2023-08-02,2023-08-01,60.00000,10.00000,stop,false,,14.00000,14.00000,-20.37584,
holdout72,ZBH,2025-02-06,2025-02-06,20.00000,5.00000,target,true,20.00000,,20.00000,-4.86902,-4.86902
holdout72,ZBH,2025-02-06,2025-02-06,20.00000,10.00000,target,true,20.00000,,20.00000,-4.86902,-4.86902
holdout72,ZBH,2025-02-06,2025-02-06,40.00000,5.00000,target,true,20.00000,,20.00000,-4.86902,-4.86902
holdout72,ZBH,2025-02-06,2025-02-06,40.00000,10.00000,target,true,20.00000,,20.00000,-4.86902,-4.86902
holdout72,ZBH,2025-02-06,2025-02-06,60.00000,5.00000,target,true,20.00000,47.00000,20.00000,-12.24788,-4.86902
holdout72,ZBH,2025-02-06,2025-02-06,60.00000,10.00000,target,true,20.00000,60.00000,20.00000,-12.24788,-4.86902
holdout72,ZBH,2025-05-05,2025-05-05,20.00000,5.00000,target,true,3.00000,,3.00000,-1.39257,-0.43103
holdout72,ZBH,2025-05-05,2025-05-05,20.00000,10.00000,target,true,3.00000,,3.00000,-1.39257,-0.43103
holdout72,ZBH,2025-05-05,2025-05-05,40.00000,5.00000,target,true,3.00000,,3.00000,-1.39257,-0.43103
holdout72,ZBH,2025-05-05,2025-05-05,40.00000,10.00000,target,true,3.00000,,3.00000,-1.39257,-0.43103
holdout72,ZBH,2025-05-05,2025-05-05,60.00000,5.00000,target,true,3.00000,,3.00000,-1.39257,-0.43103
holdout72,ZBH,2025-05-05,2025-05-05,60.00000,10.00000,target,true,3.00000,,3.00000,-1.39257,-0.43103
holdout72,ZBH,2025-11-05,2025-11-05,20.00000,5.00000,target,true,12.00000,,12.00000,-2.53569,-2.53569
holdout72,ZBH,2025-11-05,2025-11-05,20.00000,10.00000,target,true,12.00000,,12.00000,-2.53569,-2.53569
holdout72,ZBH,2025-11-05,2025-11-05,40.00000,5.00000,target,true,12.00000,,12.00000,-2.53569,-2.53569
holdout72,ZBH,2025-11-05,2025-11-05,40.00000,10.00000,target,true,12.00000,,12.00000,-2.53569,-2.53569
holdout72,ZBH,2025-11-05,2025-11-05,60.00000,5.00000,target,true,12.00000,,12.00000,-3.12410,-2.53569
holdout72,ZBH,2025-11-05,2025-11-05,60.00000,10.00000,target,true,12.00000,,12.00000,-3.12410,-2.53569
holdout72,ZBH,2026-04-28,2026-04-28,20.00000,5.00000,target,true,16.00000,,16.00000,-4.44444,-4.44444
holdout72,ZBH,2026-04-28,2026-04-28,20.00000,10.00000,target,true,16.00000,,16.00000,-4.44444,-4.44444
holdout72,ZBH,2026-04-28,2026-04-28,40.00000,5.00000,target,true,16.00000,,16.00000,-4.44444,-4.44444
holdout72,ZBH,2026-04-28,2026-04-28,40.00000,10.00000,target,true,16.00000,,16.00000,-4.44444,-4.44444
holdout72,ZBH,2026-04-28,2026-04-28,60.00000,5.00000,target,true,16.00000,,16.00000,-4.44444,-4.44444
holdout72,ZBH,2026-04-28,2026-04-28,60.00000,10.00000,target,true,16.00000,,16.00000,-4.44444,-4.44444
