ticker,earnings_date,session,selloff_date,selloff_pct,return_5d_pct,return_10d_pct,return_20d_pct,return_40d_pct,return_60d_pct,first_up_2pct_day,first_up_5pct_day,first_up_10pct_day,full_recovery_intraday_day,full_recovery_closing_day,max_favorable_60d_pct,max_adverse_60d_pct,day_of_lowest_low_60d
ABNB,2023-05-09,AH,2023-05-10,-10.92,-4.29,-6.61,2.04,16.36,26.51,16,18,22,25,25,36.89,-8.52,3
ADBE,2025-06-12,AH,2025-06-13,-5.32,-2.95,-1.23,-7.02,-13.6,-10.6,1,,,,,3.4,-15.74,40
ADBE,2025-03-12,AH,2025-03-13,-13.85,3.12,4.85,-7.35,1.44,10.17,1,2,45,,,11.94,-12.13,17
ADBE,2024-12-11,AH,2024-12-12,-13.69,-7.85,-5.93,-13.05,-2.5,-20.39,,,,,,0.06,-21.1,60
ADBE,2024-09-12,AH,2024-09-13,-8.47,-2.71,-3.98,-7.72,-7.86,2.06,59,,,,,3.92,-11.51,35
ADBE,2024-03-14,AH,2024-03-15,-13.67,1.43,1.96,-4.54,-1.9,-6.05,1,2,,,,6.38,-11.88,53
AMD,2026-02-03,AH,2026-02-04,-17.31,6.69,1.59,-0.37,8.65,80.1,2,3,34,45,45,81.22,-5.98,18
AMD,2025-08-05,AH,2025-08-06,-6.42,13.06,1.28,-0.82,4.05,56.23,1,1,5,1,4,63.73,-8.52,22
AMD,2025-02-04,AH,2025-02-05,-6.27,-0.26,1.93,-11.75,-16.26,-11.79,6,,,,,4.05,-31.72,43
AMD,2024-10-29,AH,2024-10-30,-10.62,-2.36,-6.26,-8.32,-15.75,-21.03,,,,,,1.42,-24.09,58
AMD,2024-04-30,AH,2024-05-01,-8.91,6.48,10.67,15.58,12.44,-3.13,1,3,10,10,10,29.81,-5.17,58
AMD,2023-05-02,AH,2023-05-03,-9.22,18.87,27.11,46.37,39.56,40.16,1,1,1,1,3,62.74,-0.62,1
ANET,2026-05-05,AH,2026-05-06,-13.61,-4.33,-4.47,12.89,17.83,25.72,12,13,17,17,17,29.07,-8.11,3
ANET,2025-11-04,AH,2025-11-05,-8.55,-3.87,-11.12,-8.45,-2.3,-0.73,52,55,,,,8.1,-18.44,12
ANET,2025-02-18,AH,2025-02-19,-6.43,-7.26,-15.49,-18.76,-30.84,-7.55,,,,,,0.95,-42.81,33
ANET,2024-11-07,AH,2024-11-08,-7.09,-6.51,1.51,5.8,15.38,18.34,11,17,19,17,19,33.42,-8,7
ANET,2024-02-12,AH,2024-02-13,-5.47,-4.15,2.89,5.72,11.7,11.51,1,12,25,12,12,15.91,-9.49,47
ANET,2023-05-01,AH,2023-05-02,-15.72,2.62,0.86,23.23,18.01,11.94,3,6,17,18,18,32.14,-2.44,2
COIN,2025-02-13,AH,2025-02-14,-7.98,-17.22,-24.99,-31.11,-35.63,-6.35,,,,,,1.78,-48.02,35
COIN,2024-10-30,AH,2024-10-31,-15.34,42.58,55.56,65.24,42.57,68.09,1,1,3,4,4,95.12,-1.6,2
COIN,2024-08-01,AH,2024-08-05,-10.9,1.2,7.91,-10.74,-12.91,15.93,1,2,11,53,53,18.17,-22.88,23
CRM,2024-05-29,AH,2024-05-30,-19.74,11.35,5.05,17.93,18.8,21.87,1,1,2,,,22.8,-0.89,1
CRWD,2025-03-04,AH,2025-03-05,-6.34,-5.11,2.63,1.66,18.18,28.99,10,14,35,14,29,29.77,-18.45,23
CRWD,2024-11-26,AH,2024-11-29,-5.03,5.69,6.37,0.97,14.71,12.63,1,3,11,3,4,31.68,-3.01,28
CSCO,2026-02-11,AH,2026-02-12,-12.32,5.6,5.95,4.44,10.39,32.34,1,4,28,44,44,32.49,-2.11,1
CSCO,2025-08-13,AH,2025-08-15,-5.97,1.69,4.37,1.24,2.52,9.55,5,9,51,37,37,13.73,-0.68,1
CSCO,2023-11-15,AH,2023-11-16,-9.83,0.67,0.9,3.81,5.52,5.48,16,22,46,,,10.39,-1.02,2
DELL,2025-08-28,AH,2025-08-29,-8.88,0.7,3.81,9.62,33.25,4.52,3,4,15,15,15,38.09,-4.24,59
DELL,2025-02-27,AH,2025-03-03,-11.38,-5.46,2.2,-4.61,-1.23,19.82,2,12,50,50,50,22.31,-30.68,25
DELL,2024-11-26,AH,2024-11-27,-12.25,0.55,-4.18,-5.67,-16.78,-12.96,1,,,,,4.24,-20.6,43
DIS,2023-05-10,AH,2023-05-11,-8.73,1.57,-4.52,-0.41,-3.05,-4.53,5,,,,,2.39,-7.75,50
FDX,2024-09-19,AH,2024-09-20,-15.23,5.07,2.43,7.76,15.64,11.86,1,2,33,45,46,21.16,0.34,1
GILD,2024-02-06,AH,2024-02-08,-5.04,-0.58,-0.34,1.79,-4.97,-10.28,20,,,,,3.27,-11.94,59
GILD,2023-11-07,AH,2023-11-09,-6.98,-0.61,0.53,5.39,15.82,0.16,14,17,23,21,22,18.25,-1.32,5
GOOG,2025-02-04,AH,2025-02-05,-6.94,-4.07,-3.45,-9.88,-20.95,-14.12,,,,,,0.27,-26.11,42
GOOG,2024-07-23,AH,2024-07-24,-5.03,-0.7,-7.81,-3.87,-6.26,-5.53,,,,,,0.88,-14.9,32
GOOG,2024-01-30,AH,2024-01-31,-7.35,3.44,3.77,-1.42,7.38,22.49,3,7,41,38,41,24.41,-7.23,23
HPE,2025-03-06,AH,2025-03-07,-11.97,-1.2,2.34,-18.45,6.29,12.79,8,11,45,45,46,15.92,-23.71,20
HPE,2024-09-04,AH,2024-09-05,-6.02,-4.42,7.62,16.19,11.28,21.16,8,9,14,10,10,29.15,-10.6,4
HPE,2023-05-30,AH,2023-05-31,-7.09,9.29,28.1,26.88,31.53,26.65,1,2,7,5,5,38.19,0.07,1
IBM,2026-04-22,AH,2026-04-23,-8.25,-0.04,0.1,10.28,9.95,-8.24,6,20,20,20,20,44.93,-10.88,57
ISRG,2023-07-20,AH,2023-07-24,-6.93,0.26,-4.43,-11.4,-7.39,-14.89,1,,,,,3.13,-17.94,58
ISRG,2023-01-24,AH,2023-01-25,-5.5,3.03,2.07,-3.65,0.27,23.14,1,6,55,6,6,25.04,-8.68,32
KLAC,2026-01-29,AH,2026-01-30,-15.24,1.05,2.53,7.63,-3.05,26.85,6,8,17,46,47,35.99,-10.01,3
NFLX,2025-10-21,AH,2025-10-22,-10.07,-1.43,-1.6,-1.47,-15.8,-21.84,14,,,,,4.56,-22.05,60
NFLX,2025-07-17,AH,2025-07-18,-5.1,-2.38,-4.19,2.46,-0.58,0.81,1,,,,,4.78,-6.22,53
NFLX,2023-07-19,AH,2023-07-20,-8.41,-5.54,-1.47,-7.87,-9.25,-18.69,32,,,,,3.66,-19.52,60
NOW,2026-01-28,AH,2026-01-29,-9.94,-12.08,-11.51,-7.47,-14.84,-22.51,2,25,,,,8.52,-30.4,49
NOW,2025-01-29,AH,2025-01-30,-11.44,1.04,-2.3,-8.19,-21.23,-7.44,1,,,,,3.03,-32.99,46
PANW,2026-06-02,AH,2026-06-03,-5.64,-6.14,0.61,24.12,18.33,32.51,11,12,17,16,16,42.24,-10.44,4
PANW,2026-02-17,AH,2026-02-18,-6.82,-4.93,4.08,10.87,9.6,56.36,2,10,13,11,12,56.97,-8.39,4
PANW,2025-11-19,AH,2025-11-20,-7.42,2.73,7.44,0.98,-1.95,-18.41,5,9,,11,,8.01,-20.49,59
PANW,2025-05-20,AH,2025-05-21,-6.8,2.52,8.74,9.92,10.27,-2.81,1,6,10,7,7,16.07,-8.85,53
PANW,2024-02-20,AH,2024-02-21,-28.44,20.68,6.45,7.66,7.32,20.92,1,1,3,,,25.04,1.16,1
PANW,2023-11-15,AH,2023-11-16,-5.42,9.81,22.23,26.83,36.22,52.01,1,2,4,2,2,57.18,0.28,1
PYPL,2024-02-07,AH,2024-02-08,-11.24,6.36,5.4,5.13,18.19,16.89,1,1,14,23,26,25.89,0.05,1
PYPL,2023-08-02,AH,2023-08-03,-12.32,-2.17,-8.69,-2.6,-8.91,-21.49,30,,,,,2.42,-21.7,60
PYPL,2023-05-08,AH,2023-05-09,-12.73,-7.75,-5.93,-2.83,1.34,-4.79,28,41,44,56,56,16.14,-10.55,13
QCOM,2026-02-04,AH,2026-02-05,-8.46,1.59,4.83,0.19,-7.16,24.33,1,7,54,54,54,38,-9.92,41
QCOM,2025-07-30,AH,2025-07-31,-7.73,-0.59,7.72,9.57,15.95,15.77,2,9,21,11,18,19.54,-1.81,4
QCOM,2024-07-31,AH,2024-08-01,-9.37,0.58,5.7,3.35,4.27,4.36,8,10,52,,,10.22,-7.69,2
SBUX,2024-04-30,AH,2024-05-01,-15.88,-1.26,1.69,6.61,5.37,1.79,7,12,22,,,12.93,-3.55,4
SBUX,2023-05-02,AH,2023-05-03,-9.17,2.9,2.17,-5.73,-4.24,-1.81,2,,,,,4,-7.63,44
TXN,2025-10-21,AH,2025-10-22,-5.6,-6.12,-3.33,-7.16,4.13,12.05,2,28,51,29,29,16.22,-9.73,21
TXN,2025-07-22,AH,2025-07-23,-13.34,1.76,0.54,8.58,-1.78,-5.1,3,16,22,,,13.07,-7.45,59
CVS,2025-10-29,BMO,2025-10-30,-6.7,2.57,3.33,4.79,4.34,-2.67,1,9,58,56,56,10.43,-7.07,59
CVS,2024-05-01,BMO,2024-05-01,-16.84,-2.49,-0.09,-0.48,4.88,10.58,8,16,26,,,11.42,-6.29,19
CVS,2023-05-03,BMO,2023-05-04,-5.46,0.26,0.76,1.74,1.42,8.38,1,27,53,27,51,11.71,-3.56,18
DIS,2025-11-13,BMO,2025-11-13,-7.75,-4.56,-2.92,3.71,5.7,1.15,19,20,,34,38,8.55,-5.32,7
DIS,2024-05-07,BMO,2024-05-07,-9.51,-0.04,-2.26,-3.69,-7.02,-14.62,,,,,,1.55,-15.16,60
DOW,2025-01-30,BMO,2025-01-30,-6.09,0.57,-0.54,0.69,-9.22,-20.87,11,,,,,3.99,-33.79,48
GE,2026-04-21,BMO,2026-04-21,-5.56,0.86,-0.02,-0.51,24.52,21.81,11,11,25,11,11,33.56,-6.21,1
GE,2026-01-22,BMO,2026-01-22,-7.38,1.31,3.85,16.35,-2.64,3.07,6,8,15,11,11,18.13,-8.07,46
GE,2024-10-22,BMO,2024-10-22,-9.05,-1.48,-0.79,0.51,-9.46,6.31,1,13,,,,7.34,-9.66,40
HON,2025-02-06,BMO,2025-02-06,-5.64,-2.17,1.01,2.79,-8.49,2.66,11,,,,,4.68,-14.06,43
HON,2024-10-24,BMO,2024-10-24,-5.1,-1.64,4.02,8.66,9.73,8.45,9,11,13,12,12,16.1,-2.9,3
HON,2024-07-25,BMO,2024-07-25,-5.24,1.05,-1.3,-0.6,0.99,10.27,1,53,60,53,53,10.29,-3.4,14
HON,2023-07-27,BMO,2023-07-27,-5.69,-3,-3.38,-5.21,-2.85,-7.18,,,,,,0.92,-8.3,49
JCI,2025-07-29,BMO,2025-07-29,-7.42,1.55,3.29,5.06,3.58,5.52,2,20,,48,59,9.05,-1.11,1
JCI,2023-12-12,BMO,2023-12-12,-5.97,2.45,9.19,9.4,5.06,15.87,2,6,10,8,8,17.32,-2.8,1
JCI,2023-08-02,BMO,2023-08-02,-9.25,-4.66,-6.72,-7.11,-15.74,-22.55,,,,,,0.06,-24.12,59
JCI,2023-02-01,BMO,2023-02-02,-7.19,0.19,-0.19,0.99,-6.17,-7.12,1,,,,,2.71,-14.46,44
LOW,2026-02-25,BMO,2026-02-25,-5.59,-1.67,-6.14,-10.2,-5.82,-16.94,,,,,,1.19,-20.54,59
LOW,2023-03-01,BMO,2023-03-01,-5.56,3.52,2.2,-1.22,5.79,3.98,2,6,,33,33,9.36,-3.54,17
PYPL,2026-05-05,BMO,2026-05-05,-7.74,-2.26,-5.72,-8.35,-1.87,23.46,1,48,48,48,48,28.34,-13.24,26
PYPL,2026-02-03,BMO,2026-02-03,-20.31,-0.5,-0.6,12.45,7.35,20.6,12,13,14,53,,25.8,-7.77,7
PYPL,2025-07-29,BMO,2025-07-29,-8.66,-5.07,-4.87,-1.78,-5.02,-4.73,49,49,,,,8.24,-8.7,30
PYPL,2025-02-04,BMO,2025-02-04,-13.17,-1.95,0.82,-10.58,-13.61,-15.84,1,,,,,2.59,-28.14,43
PYPL,2024-10-29,BMO,2024-10-30,-6.42,4.08,11.62,10.68,11.05,13.47,1,6,8,8,8,19.74,-2.25,2
TGT,2024-11-20,BMO,2024-11-20,-21.41,6.88,6.12,7.16,11.54,6.16,2,3,12,,,19.19,-0.93,1
TGT,2024-05-22,BMO,2024-05-22,-8.03,4.61,1.3,2,5.41,0.95,3,6,,6,6,9.53,-7.57,50
UPS,2025-01-30,BMO,2025-01-30,-14.11,-1.24,0.64,5.08,-3.19,-14.29,12,20,,,,9.2,-20.06,48
