ticker,earnings_date,selloff_date,wait_sessions,entry_date,entry_open,entry_below_pre_earnings,exit_20d_date,close_return_20d_pct,close_return_40d_pct,target_stop_20d,outcome_day,managed_return_pct
ABNB,2023-05-09,2023-05-10,1.000,2023-05-11,113.140,true,2023-06-08,2.086,16.413,stop,2.000,-5.000
ABNB,2023-05-09,2023-05-10,3.000,2023-05-15,105.060,true,2023-06-12,18.589,30.421,target,4.000,5.000
ABNB,2023-05-09,2023-05-10,5.000,2023-05-17,106.070,true,2023-06-14,17.979,35.137,target,2.000,5.000
ABNB,2023-05-09,2023-05-10,10.000,2023-05-24,105.460,true,2023-06-22,21.335,41.068,target,6.000,5.000
ADBE,2025-06-12,2025-06-13,1.000,2025-06-16,392.985,true,2025-07-15,-7.330,-13.882,stop,12.000,-5.000
ADBE,2025-06-12,2025-06-13,3.000,2025-06-18,383.985,true,2025-07-17,-4.567,-9.220,stop,16.000,-5.000
ADBE,2025-06-12,2025-06-13,5.000,2025-06-23,377.590,true,2025-07-21,-2.625,-5.389,stop,17.000,-5.000
ADBE,2025-06-12,2025-06-13,10.000,2025-06-30,387.300,true,2025-07-28,-4.604,-6.220,stop,8.000,-5.000
ADBE,2025-03-12,2025-03-13,1.000,2025-03-14,379.745,true,2025-04-10,-7.820,0.931,target,2.000,5.000
ADBE,2025-03-12,2025-03-13,3.000,2025-03-18,395.360,true,2025-04-14,-11.243,0.516,stop,10.000,-5.000
ADBE,2025-03-12,2025-03-13,5.000,2025-03-20,386.895,true,2025-04-16,-11.038,4.599,stop,11.000,-5.000
ADBE,2025-03-12,2025-03-13,10.000,2025-03-27,397.440,true,2025-04-24,-9.191,4.250,stop,3.000,-5.000
ADBE,2024-12-11,2024-12-12,1.000,2024-12-13,473.980,true,2025-01-14,-12.927,-2.367,stop,4.000,-5.000
ADBE,2024-12-11,2024-12-12,3.000,2024-12-17,460.590,true,2025-01-16,-7.308,-0.093,stop,3.000,-5.000
ADBE,2024-12-11,2024-12-12,5.000,2024-12-19,443.410,true,2025-01-21,-1.590,3.063,stop,12.000,-5.000
ADBE,2024-12-11,2024-12-12,10.000,2024-12-27,446.880,true,2025-01-28,-0.904,-1.204,stop,7.000,-5.000
ADBE,2024-09-12,2024-09-13,1.000,2024-09-16,537.400,true,2024-10-11,-7.812,-7.949,stop,3.000,-5.000
ADBE,2024-09-12,2024-09-13,3.000,2024-09-18,517.010,true,2024-10-15,-1.737,1.820,stop,14.000,-5.000
ADBE,2024-09-12,2024-09-13,5.000,2024-09-20,526.440,true,2024-10-17,-5.625,0.652,stop,10.000,-5.000
ADBE,2024-09-12,2024-09-13,10.000,2024-09-27,516.520,true,2024-10-24,-6.515,-2.339,stop,7.000,-5.000
ADBE,2024-03-14,2024-03-15,1.000,2024-03-18,495.550,true,2024-04-15,-5.136,-2.510,target,2.000,5.000
ADBE,2024-03-14,2024-03-15,3.000,2024-03-20,523.290,true,2024-04-17,-9.333,-7.250,stop,3.000,-5.000
ADBE,2024-03-14,2024-03-15,5.000,2024-03-22,509.070,true,2024-04-19,-8.653,-5.037,stop,10.000,-5.000
ADBE,2024-03-14,2024-03-15,10.000,2024-04-01,504.990,true,2024-04-26,-5.432,-5.854,stop,6.000,-5.000
AMD,2026-02-03,2026-02-04,1.000,2026-02-05,201.855,true,2026-03-05,-1.191,7.751,stop,1.000,-5.000
AMD,2026-02-03,2026-02-04,3.000,2026-02-09,206.895,true,2026-03-09,-2.037,7.074,target,1.000,5.000
AMD,2026-02-03,2026-02-04,5.000,2026-02-11,217.880,true,2026-03-11,-5.990,8.610,stop,2.000,-5.000
AMD,2026-02-03,2026-02-04,10.000,2026-02-19,200.110,true,2026-03-18,-0.325,39.054,target,4.000,5.757
AMD,2025-08-05,2025-08-06,1.000,2025-08-07,166.835,true,2025-09-04,-3.024,1.735,target,1.000,5.000
AMD,2025-08-05,2025-08-06,3.000,2025-08-11,170.040,true,2025-09-08,-10.956,19.801,target,1.000,5.000
AMD,2025-08-05,2025-08-06,5.000,2025-08-13,179.910,false,2025-09-10,-11.322,30.932,stop,5.000,-5.000
AMD,2025-08-05,2025-08-06,10.000,2025-08-20,164.100,true,2025-09-17,-3.010,45.399,stop,12.000,-5.000
AMD,2025-02-04,2025-02-05,1.000,2025-02-06,110.930,true,2025-03-06,-10.890,-15.442,target,10.000,5.000
AMD,2025-02-04,2025-02-05,3.000,2025-02-10,108.440,true,2025-03-10,-10.891,-22.870,target,4.000,5.000
AMD,2025-02-04,2025-02-05,5.000,2025-02-12,109.520,true,2025-03-12,-7.971,-11.578,target,4.000,5.000
AMD,2025-02-04,2025-02-05,10.000,2025-02-20,115.010,true,2025-03-19,-7.634,-23.233,stop,3.000,-5.000
AMD,2024-10-29,2024-10-30,1.000,2024-10-31,147.800,true,2024-11-27,-7.821,-15.298,stop,3.000,-5.000
AMD,2024-10-29,2024-10-30,3.000,2024-11-04,141.700,true,2024-12-02,0.254,-14.757,target,4.000,5.000
AMD,2024-10-29,2024-10-30,5.000,2024-11-06,144.950,true,2024-12-04,-0.662,-13.508,stop,8.000,-5.778
AMD,2024-10-29,2024-10-30,10.000,2024-11-13,142.860,true,2024-12-11,-8.897,-17.878,stop,3.000,-5.000
AMD,2024-04-30,2024-05-01,1.000,2024-05-02,145.510,true,2024-05-30,14.597,11.477,target,3.000,5.216
AMD,2024-04-30,2024-05-01,3.000,2024-05-06,153.100,true,2024-06-03,6.826,7.322,target,9.000,5.108
AMD,2024-04-30,2024-05-01,5.000,2024-05-08,153.400,true,2024-06-05,8.325,12.060,target,7.000,5.000
AMD,2024-04-30,2024-05-01,10.000,2024-05-15,155.588,true,2024-06-12,2.990,16.725,target,2.000,5.000
AMD,2023-05-02,2023-05-03,1.000,2023-05-04,81.570,true,2023-06-01,46.463,39.647,target,1.000,5.000
AMD,2023-05-02,2023-05-03,3.000,2023-05-08,89.990,false,2023-06-05,31.048,26.625,target,1.000,5.000
AMD,2023-05-02,2023-05-03,5.000,2023-05-10,96.420,false,2023-06-07,22.205,17.372,target,5.000,5.000
AMD,2023-05-02,2023-05-03,10.000,2023-05-17,101.790,false,2023-06-14,25.091,13.901,target,2.000,5.000
ANET,2026-05-05,2026-05-06,1.000,2026-05-07,149.220,true,2026-06-04,11.252,16.124,stop,1.000,-5.000
ANET,2026-05-05,2026-05-06,3.000,2026-05-11,141.400,true,2026-06-08,10.608,28.041,target,9.000,5.000
ANET,2026-05-05,2026-05-06,5.000,2026-05-13,144.800,true,2026-06-10,4.807,29.116,stop,5.000,-5.000
ANET,2026-05-05,2026-05-06,10.000,2026-05-20,142.000,true,2026-06-17,16.148,18.739,target,3.000,7.225
ANET,2025-11-04,2025-11-05,1.000,2025-11-06,140.650,true,2025-12-04,-8.603,-2.460,stop,1.000,-5.000
ANET,2025-11-04,2025-11-05,3.000,2025-11-10,137.500,true,2025-12-08,-6.102,-5.396,stop,4.000,-5.000
ANET,2025-11-04,2025-11-05,5.000,2025-11-12,136.220,true,2025-12-10,-2.834,-9.786,stop,2.000,-5.000
ANET,2025-11-04,2025-11-05,10.000,2025-11-19,123.050,true,2025-12-17,-0.561,5.510,target,2.000,5.559
ANET,2025-02-18,2025-02-19,1.000,2025-02-20,104.700,true,2025-03-19,-19.370,-31.356,stop,2.000,-5.000
ANET,2025-02-18,2025-02-19,3.000,2025-02-24,94.050,true,2025-03-21,-11.611,-28.049,stop,6.000,-5.000
ANET,2025-02-18,2025-02-19,5.000,2025-02-26,95.755,true,2025-03-25,-9.206,-26.103,stop,3.000,-5.000
ANET,2025-02-18,2025-02-19,10.000,2025-03-05,87.190,true,2025-04-01,-9.978,-5.643,stop,3.000,-5.000
ANET,2024-11-07,2024-11-08,1.000,2024-11-11,101.330,true,2024-12-09,4.530,13.994,stop,4.000,-5.000
ANET,2024-11-07,2024-11-08,3.000,2024-11-13,99.310,true,2024-12-11,7.975,13.423,stop,3.000,-5.000
ANET,2024-11-07,2024-11-08,5.000,2024-11-15,95.972,true,2024-12-13,17.086,20.972,target,5.000,5.000
ANET,2024-11-07,2024-11-08,10.000,2024-11-22,101.250,true,2024-12-20,11.417,27.526,target,8.000,5.000
ANET,2024-02-12,2024-02-13,1.000,2024-02-14,67.500,true,2024-03-13,3.967,9.844,stop,4.000,-5.000
ANET,2024-02-12,2024-02-13,3.000,2024-02-16,66.332,true,2024-03-15,4.673,-0.803,target,10.000,6.132
ANET,2024-02-12,2024-02-13,5.000,2024-02-21,64.228,true,2024-03-19,11.681,0.919,target,2.000,5.000
ANET,2024-02-12,2024-02-13,10.000,2024-02-28,67.650,true,2024-03-26,10.063,-5.850,target,3.000,5.000
ANET,2023-05-01,2023-05-02,1.000,2023-05-03,33.775,true,2023-05-31,23.124,17.905,target,6.000,5.000
ANET,2023-05-01,2023-05-02,3.000,2023-05-05,33.847,true,2023-06-02,20.024,18.103,target,11.000,5.480
ANET,2023-05-01,2023-05-02,5.000,2023-05-09,34.227,true,2023-06-06,16.631,16.062,target,9.000,5.000
ANET,2023-05-01,2023-05-02,10.000,2023-05-16,34.375,true,2023-06-13,22.618,22.625,target,4.000,5.000
COIN,2025-02-13,2025-02-14,1.000,2025-02-18,278.800,true,2025-03-17,-32.224,-36.664,stop,1.000,-5.000
COIN,2025-02-13,2025-02-14,3.000,2025-02-20,260.660,true,2025-03-19,-27.204,-33.933,stop,2.000,-5.000
COIN,2025-02-13,2025-02-14,5.000,2025-02-24,239.140,true,2025-03-21,-20.607,-26.821,stop,1.000,-5.000
COIN,2025-02-13,2025-02-14,10.000,2025-03-03,232.230,true,2025-03-28,-25.104,-11.609,stop,1.000,-5.000
COIN,2024-10-30,2024-10-31,1.000,2024-11-01,180.000,true,2024-11-29,64.556,41.978,target,1.000,5.000
COIN,2024-10-30,2024-10-31,3.000,2024-11-05,185.590,true,2024-12-03,66.685,38.590,target,1.000,5.000
COIN,2024-10-30,2024-10-31,5.000,2024-11-07,245.630,false,2024-12-05,30.509,17.152,target,1.000,5.000
COIN,2024-10-30,2024-10-31,10.000,2024-11-14,290.810,false,2024-12-12,7.617,-12.187,stop,1.000,-5.000
COIN,2024-08-01,2024-08-05,1.000,2024-08-06,191.990,true,2024-09-03,-11.907,-14.053,stop,2.000,-5.000
COIN,2024-08-01,2024-08-05,3.000,2024-08-08,185.670,true,2024-09-05,-13.987,-12.156,target,1.000,5.000
COIN,2024-08-01,2024-08-05,5.000,2024-08-12,194.300,true,2024-09-09,-20.201,-13.062,target,4.000,5.000
COIN,2024-08-01,2024-08-05,10.000,2024-08-19,203.335,true,2024-09-16,-20.574,-3.435,stop,2.000,-5.000
CRM,2024-05-29,2024-05-30,1.000,2024-05-31,215.286,true,2024-06-28,17.338,18.202,target,1.000,5.000
CRM,2024-05-29,2024-05-30,3.000,2024-06-04,231.607,true,2024-07-02,8.684,9.962,target,17.000,5.000
CRM,2024-05-29,2024-05-30,5.000,2024-06-06,235.694,true,2024-07-05,9.717,1.863,stop,8.000,-5.000
CRM,2024-05-29,2024-05-30,10.000,2024-06-13,231.410,true,2024-07-12,8.002,7.389,target,10.000,5.000
CRWD,2025-03-04,2025-03-05,1.000,2025-03-06,89.145,true,2025-04-02,4.181,21.117,stop,2.000,-5.000
CRWD,2025-03-04,2025-03-05,3.000,2025-03-10,80.662,true,2025-04-04,-0.316,37.446,stop,1.000,-5.000
CRWD,2025-03-04,2025-03-05,5.000,2025-03-12,85.897,true,2025-04-08,-5.399,22.972,target,4.000,5.000
CRWD,2025-03-04,2025-03-05,10.000,2025-03-19,91.555,true,2025-04-15,7.258,19.038,target,5.000,5.000
CRWD,2024-11-26,2024-11-29,1.000,2024-12-02,86.225,true,2024-12-30,1.279,15.068,target,3.000,5.000
CRWD,2024-11-26,2024-11-29,3.000,2024-12-04,88.275,true,2025-01-02,-1.631,12.594,target,3.000,5.000
CRWD,2024-11-26,2024-11-29,5.000,2024-12-06,91.000,true,2025-01-06,0.648,14.621,stop,3.000,-5.000
CRWD,2024-11-26,2024-11-29,10.000,2024-12-13,91.500,false,2025-01-14,-4.907,18.751,target,2.000,5.000
CSCO,2026-02-11,2026-02-12,1.000,2026-02-13,73.414,true,2026-03-13,5.318,11.323,target,3.000,5.000
CSCO,2026-02-11,2026-02-12,3.000,2026-02-18,75.561,true,2026-03-17,3.553,8.173,target,11.000,5.000
CSCO,2026-02-11,2026-02-12,5.000,2026-02-20,77.120,true,2026-03-19,0.486,10.991,time_limit,,0.486
CSCO,2026-02-11,2026-02-12,10.000,2026-02-27,76.647,true,2026-03-26,5.808,15.251,target,19.000,5.000
CSCO,2025-08-13,2025-08-15,1.000,2025-08-18,64.489,true,2025-09-15,1.423,2.705,target,9.000,5.000
CSCO,2025-08-13,2025-08-15,3.000,2025-08-20,65.212,true,2025-09-17,1.347,4.669,time_limit,,1.347
CSCO,2025-08-13,2025-08-15,5.000,2025-08-22,65.709,true,2025-09-19,1.307,4.788,time_limit,,1.307
CSCO,2025-08-13,2025-08-15,10.000,2025-08-29,67.447,true,2025-09-26,-2.735,2.817,time_limit,,-2.735
CSCO,2023-11-15,2023-11-16,1.000,2023-11-17,44.541,true,2023-12-15,3.788,5.497,time_limit,,3.788
CSCO,2023-11-15,2023-11-16,3.000,2023-11-21,44.745,true,2023-12-19,3.957,7.042,time_limit,,3.957
CSCO,2023-11-15,2023-11-16,5.000,2023-11-24,44.578,true,2023-12-21,3.348,8.469,time_limit,,3.348
CSCO,2023-11-15,2023-11-16,10.000,2023-12-01,44.754,true,2023-12-29,4.640,9.044,time_limit,,4.640
DELL,2025-08-28,2025-08-29,1.000,2025-09-02,117.611,true,2025-09-29,12.417,36.653,target,3.000,5.000
DELL,2025-08-28,2025-08-29,3.000,2025-09-04,122.469,true,2025-10-01,20.680,32.374,target,10.000,5.000
DELL,2025-08-28,2025-08-29,5.000,2025-09-08,123.723,true,2025-10-03,12.322,29.758,stop,2.000,-5.000
DELL,2025-08-28,2025-08-29,10.000,2025-09-15,124.800,true,2025-10-10,19.131,16.483,target,3.000,5.000
DELL,2025-02-27,2025-03-03,1.000,2025-03-04,90.873,true,2025-03-31,-1.989,1.485,target,2.000,5.000
DELL,2025-02-27,2025-03-03,3.000,2025-03-06,92.095,true,2025-04-02,1.146,-1.815,stop,2.000,-5.000
DELL,2025-02-27,2025-03-03,5.000,2025-03-10,86.965,true,2025-04-04,-19.517,6.702,target,3.000,6.360
DELL,2025-02-27,2025-03-03,10.000,2025-03-17,95.300,true,2025-04-11,-15.995,6.719,stop,10.000,-5.000
DELL,2024-11-26,2024-11-27,1.000,2024-11-29,121.946,true,2024-12-27,-6.361,-17.388,stop,8.000,-5.000
DELL,2024-11-26,2024-11-27,3.000,2024-12-03,121.810,true,2024-12-31,-7.926,-16.894,stop,6.000,-5.000
DELL,2024-11-26,2024-11-27,5.000,2024-12-05,123.172,true,2025-01-03,-5.254,-19.345,stop,4.000,-5.000
DELL,2024-11-26,2024-11-27,10.000,2024-12-12,114.365,true,2025-01-13,-6.246,-4.786,stop,6.000,-5.000
DIS,2023-05-10,2023-05-11,1.000,2023-05-12,89.529,true,2023-06-09,-0.444,-3.086,stop,12.000,-5.000
DIS,2023-05-10,2023-05-11,3.000,2023-05-16,89.239,true,2023-06-13,1.967,-1.706,stop,10.000,-5.000
DIS,2023-05-10,2023-05-11,5.000,2023-05-18,90.019,true,2023-06-15,0.102,-7.846,stop,6.000,-5.000
DIS,2023-05-10,2023-05-11,10.000,2023-05-25,86.834,true,2023-06-23,-1.630,-3.305,target,13.000,5.092
FDX,2024-09-19,2024-09-20,1.000,2024-09-23,247.120,true,2024-10-18,7.393,15.244,target,2.000,5.000
FDX,2024-09-19,2024-09-20,3.000,2024-09-25,257.276,true,2024-10-22,1.421,10.169,time_limit,,1.421
FDX,2024-09-19,2024-09-20,5.000,2024-09-27,258.330,true,2024-10-24,2.160,10.505,time_limit,,2.160
FDX,2024-09-19,2024-09-20,10.000,2024-10-04,256.105,true,2024-10-31,3.418,14.301,target,15.000,5.000
GILD,2024-02-06,2024-02-08,1.000,2024-02-09,67.774,true,2024-03-08,1.761,-4.997,time_limit,,1.761
GILD,2024-02-06,2024-02-08,3.000,2024-02-13,68.572,true,2024-03-12,0.522,-7.862,time_limit,,0.522
GILD,2024-02-06,2024-02-08,5.000,2024-02-15,67.058,true,2024-03-14,2.643,-5.850,time_limit,,2.643
GILD,2024-02-06,2024-02-08,10.000,2024-02-23,67.250,true,2024-03-21,0.804,-7.926,time_limit,,0.804
GILD,2023-11-07,2023-11-09,1.000,2023-11-10,68.654,true,2023-12-08,4.718,15.086,target,17.000,5.000
GILD,2023-11-07,2023-11-09,3.000,2023-11-14,68.527,true,2023-12-12,7.302,14.402,target,15.000,5.000
GILD,2023-11-07,2023-11-09,5.000,2023-11-16,68.718,true,2023-12-14,9.261,14.886,target,14.000,5.000
GILD,2023-11-07,2023-11-09,10.000,2023-11-24,69.045,true,2023-12-21,4.953,5.684,target,9.000,5.000
GOOG,2025-02-04,2025-02-05,1.000,2025-02-06,189.878,true,2025-03-06,-8.786,-19.994,stop,11.000,-5.000
GOOG,2025-02-04,2025-02-05,3.000,2025-02-10,187.959,true,2025-03-10,-11.139,-20.972,stop,11.000,-5.000
GOOG,2025-02-04,2025-02-05,5.000,2025-02-12,184.151,true,2025-03-12,-8.658,-12.950,stop,10.000,-5.000
GOOG,2025-02-04,2025-02-05,10.000,2025-02-20,185.414,true,2025-03-19,-10.740,-16.527,stop,4.000,-5.000
GOOG,2024-07-23,2024-07-24,1.000,2024-07-25,172.811,true,2024-08-21,-3.799,-6.195,stop,8.000,-9.687
GOOG,2024-07-23,2024-07-24,3.000,2024-07-29,169.092,true,2024-08-23,-1.801,-4.232,stop,6.000,-7.701
GOOG,2024-07-23,2024-07-24,5.000,2024-07-31,173.476,true,2024-08-27,-4.882,-6.698,stop,4.000,-10.033
GOOG,2024-07-23,2024-07-24,10.000,2024-08-07,161.892,true,2024-09-04,-3.326,2.628,time_limit,,-3.326
GOOG,2024-01-30,2024-01-31,1.000,2024-02-01,142.342,true,2024-02-29,-2.721,5.964,time_limit,,-2.721
GOOG,2024-01-30,2024-01-31,3.000,2024-02-05,142.688,true,2024-03-04,-6.831,8.213,stop,17.000,-5.000
GOOG,2024-01-30,2024-01-31,5.000,2024-02-07,144.749,true,2024-03-06,-9.280,3.983,stop,13.000,-5.000
GOOG,2024-01-30,2024-01-31,10.000,2024-02-14,145.987,true,2024-03-13,-4.479,9.106,stop,8.000,-5.000
HPE,2025-03-06,2025-03-07,1.000,2025-03-10,14.926,true,2025-04-04,-16.871,8.347,stop,4.000,-5.000
HPE,2025-03-06,2025-03-07,3.000,2025-03-12,14.675,true,2025-04-08,-17.305,9.467,target,5.000,5.000
HPE,2025-03-06,2025-03-07,5.000,2025-03-14,14.483,true,2025-04-10,-7.967,13.132,target,2.000,5.000
HPE,2025-03-06,2025-03-07,10.000,2025-03-21,15.463,true,2025-04-17,-5.019,11.355,stop,10.000,-5.082
HPE,2024-09-04,2024-09-05,1.000,2024-09-06,16.688,true,2024-10-03,16.618,11.690,stop,3.000,-6.743
HPE,2024-09-04,2024-09-05,3.000,2024-09-10,15.563,true,2024-10-07,28.183,22.960,target,5.000,5.000
HPE,2024-09-04,2024-09-05,5.000,2024-09-12,15.534,true,2024-10-09,28.357,31.312,target,2.000,5.000
HPE,2024-09-04,2024-09-05,10.000,2024-09-19,17.855,false,2024-10-16,11.891,17.033,target,5.000,5.463
HPE,2023-05-30,2023-05-31,1.000,2023-06-01,13.196,true,2023-06-29,26.178,30.801,target,2.000,5.000
HPE,2023-05-30,2023-05-31,3.000,2023-06-05,13.860,true,2023-07-03,20.563,25.614,target,5.000,5.000
HPE,2023-05-30,2023-05-31,5.000,2023-06-07,14.060,true,2023-07-06,18.491,23.185,target,4.000,5.000
HPE,2023-05-30,2023-05-31,10.000,2023-06-14,16.500,false,2023-07-13,4.970,6.788,target,2.000,5.000
IBM,2026-04-22,2026-04-23,1.000,2026-04-24,228.596,true,2026-05-21,9.874,9.549,stop,14.000,-5.197
IBM,2026-04-22,2026-04-23,3.000,2026-04-28,227.186,true,2026-05-26,9.560,14.922,stop,12.000,-5.000
IBM,2026-04-22,2026-04-23,5.000,2026-04-30,223.273,true,2026-05-28,17.496,20.792,stop,10.000,-5.000
IBM,2026-04-22,2026-04-23,10.000,2026-05-07,224.229,true,2026-06-04,33.622,32.626,stop,5.000,-5.000
ISRG,2023-07-20,2023-07-24,1.000,2023-07-25,322.760,true,2023-08-21,-11.182,-7.160,stop,8.000,-5.000
ISRG,2023-07-20,2023-07-24,3.000,2023-07-27,331.710,true,2023-08-23,-12.457,-14.278,stop,5.000,-5.000
ISRG,2023-07-20,2023-07-24,5.000,2023-07-31,325.890,true,2023-08-25,-8.696,-10.016,stop,4.000,-5.000
ISRG,2023-07-20,2023-07-24,10.000,2023-08-07,310.000,true,2023-09-01,0.132,-4.845,stop,9.000,-5.000
ISRG,2023-01-24,2023-01-25,1.000,2023-01-26,246.480,true,2023-02-23,-4.698,-0.815,target,6.000,5.000
ISRG,2023-01-24,2023-01-25,3.000,2023-01-30,245.000,true,2023-02-27,-5.412,3.090,target,4.000,5.000
ISRG,2023-01-24,2023-01-25,5.000,2023-02-01,246.800,true,2023-03-01,-7.889,1.605,target,2.000,5.000
ISRG,2023-01-24,2023-01-25,10.000,2023-02-08,249.150,true,2023-03-08,-7.249,3.548,stop,8.000,-5.000
KLAC,2026-01-29,2026-01-30,1.000,2026-02-02,139.485,true,2026-03-02,9.779,-1.118,stop,2.000,-5.000
KLAC,2026-01-29,2026-01-30,3.000,2026-02-04,136.018,true,2026-03-04,8.248,11.469,stop,1.000,-5.000
KLAC,2026-01-29,2026-01-30,5.000,2026-02-06,137.207,true,2026-03-06,-2.241,11.974,target,1.000,5.000
KLAC,2026-01-29,2026-01-30,10.000,2026-02-13,144.564,true,2026-03-13,-2.103,22.059,target,7.000,5.000
NFLX,2025-10-21,2025-10-22,1.000,2025-10-23,112.690,true,2025-11-19,-2.387,-16.585,time_limit,,-2.387
NFLX,2025-10-21,2025-10-22,3.000,2025-10-27,110.067,true,2025-11-21,-5.230,-15.297,target,13.000,5.000
NFLX,2025-10-21,2025-10-22,5.000,2025-10-29,109.984,true,2025-11-25,-5.077,-14.860,target,11.000,5.000
NFLX,2025-10-21,2025-10-22,10.000,2025-11-05,108.500,true,2025-12-03,-4.184,-16.138,target,6.000,5.000
NFLX,2025-07-17,2025-07-18,1.000,2025-07-21,120.600,true,2025-08-15,2.732,-0.310,stop,12.000,-5.000
NFLX,2025-07-17,2025-07-18,3.000,2025-07-23,118.981,true,2025-08-19,2.046,3.252,target,19.000,5.000
NFLX,2025-07-17,2025-07-18,5.000,2025-07-25,117.841,true,2025-08-21,2.359,4.120,target,15.000,5.000
NFLX,2025-07-17,2025-07-18,10.000,2025-08-01,116.301,true,2025-08-28,5.885,4.093,target,7.000,5.000
NFLX,2023-07-19,2023-07-20,1.000,2023-07-21,43.737,true,2023-08-17,-7.858,-9.244,stop,5.000,-5.000
NFLX,2023-07-19,2023-07-20,3.000,2023-07-25,42.718,true,2023-08-21,-4.422,-7.252,stop,18.000,-5.000
NFLX,2023-07-19,2023-07-20,5.000,2023-07-27,42.690,true,2023-08-23,0.152,-10.014,stop,16.000,-5.000
NFLX,2023-07-19,2023-07-20,10.000,2023-08-03,42.780,true,2023-08-30,1.606,-12.024,stop,11.000,-5.000
NOW,2026-01-28,2026-01-29,1.000,2026-01-30,117.540,true,2026-02-27,-8.108,-15.425,stop,3.000,-5.000
NOW,2026-01-28,2026-01-29,3.000,2026-02-03,115.020,true,2026-03-03,-1.591,-9.103,stop,1.000,-5.000
NOW,2026-01-28,2026-01-29,5.000,2026-02-05,109.260,true,2026-03-05,10.178,-6.645,stop,1.000,-5.000
NOW,2026-01-28,2026-01-29,10.000,2026-02-12,101.920,true,2026-03-12,10.842,-18.564,target,2.000,5.000
NOW,2025-01-29,2025-01-30,1.000,2025-01-31,206.402,true,2025-02-28,-9.908,-22.698,stop,9.000,-5.000
NOW,2025-01-29,2025-01-30,3.000,2025-02-04,207.982,true,2025-03-04,-12.868,-21.959,stop,7.000,-5.000
NOW,2025-01-29,2025-01-30,5.000,2025-02-06,204.584,true,2025-03-06,-15.234,-24.327,stop,6.000,-5.000
NOW,2025-01-29,2025-01-30,10.000,2025-02-13,196.480,true,2025-03-13,-17.384,-20.247,stop,6.000,-5.000
PANW,2026-06-02,2026-06-03,1.000,2026-06-04,269.855,true,2026-07-02,28.980,22.966,stop,4.000,-5.000
PANW,2026-06-02,2026-06-03,3.000,2026-06-08,269.630,true,2026-07-07,25.001,35.868,stop,2.000,-5.000
PANW,2026-06-02,2026-06-03,5.000,2026-06-10,258.810,true,2026-07-09,30.718,38.901,target,2.000,5.000
PANW,2026-06-02,2026-06-03,10.000,2026-06-17,279.460,true,2026-07-16,26.669,41.702,target,3.000,5.000
PANW,2026-02-17,2026-02-18,1.000,2026-02-19,152.480,true,2026-03-18,10.775,9.503,stop,3.000,-5.000
PANW,2026-02-17,2026-02-18,3.000,2026-02-23,147.720,true,2026-03-20,10.310,14.785,stop,2.000,-5.000
PANW,2026-02-17,2026-02-18,5.000,2026-02-25,142.725,true,2026-03-24,10.149,26.957,target,2.000,5.000
PANW,2026-02-17,2026-02-18,10.000,2026-03-04,156.060,true,2026-03-31,2.730,16.327,target,2.000,5.000
PANW,2025-11-19,2025-11-20,1.000,2025-11-21,185.010,true,2025-12-19,1.011,-1.913,target,9.000,5.000
PANW,2025-11-19,2025-11-20,3.000,2025-11-25,183.530,true,2025-12-23,2.501,-1.825,target,6.000,5.000
PANW,2025-11-19,2025-11-20,5.000,2025-11-28,187.230,true,2025-12-26,0.652,-1.992,target,6.000,5.000
PANW,2025-11-19,2025-11-20,10.000,2025-12-05,195.640,true,2026-01-05,-6.911,-15.028,stop,7.000,-5.000
PANW,2025-05-20,2025-05-21,1.000,2025-05-22,183.010,true,2025-06-20,8.868,9.218,target,6.000,5.000
PANW,2025-05-20,2025-05-21,3.000,2025-05-27,188.670,true,2025-06-24,6.901,5.592,target,6.000,5.000
PANW,2025-05-20,2025-05-21,5.000,2025-05-29,189.000,true,2025-06-26,7.058,7.550,target,4.000,5.000
PANW,2025-05-20,2025-05-21,10.000,2025-06-05,194.110,true,2025-07-03,3.972,-10.937,target,12.000,5.000
PANW,2024-02-20,2024-02-21,1.000,2024-02-22,137.063,true,2024-03-20,2.890,2.558,target,3.000,5.251
PANW,2024-02-20,2024-02-21,3.000,2024-02-26,144.260,true,2024-03-22,-0.603,-2.371,target,1.000,5.000
PANW,2024-02-20,2024-02-21,5.000,2024-02-28,155.640,true,2024-03-26,-7.900,-5.609,stop,4.000,-5.000
PANW,2024-02-20,2024-02-21,10.000,2024-03-06,149.490,true,2024-04-03,-9.847,-3.893,stop,1.000,-5.000
PANW,2023-11-15,2023-11-16,1.000,2023-11-17,121.520,true,2023-12-15,26.440,35.805,target,2.000,5.000
PANW,2023-11-15,2023-11-16,3.000,2023-11-21,129.775,false,2023-12-19,18.902,30.125,target,5.000,5.000
PANW,2023-11-15,2023-11-16,5.000,2023-11-24,131.485,false,2023-12-21,13.853,30.882,target,3.000,5.000
PANW,2023-11-15,2023-11-16,10.000,2023-12-01,146.155,false,2023-12-29,0.879,18.330,target,8.000,5.000
PYPL,2024-02-07,2024-02-08,1.000,2024-02-09,55.585,true,2024-03-08,4.991,18.032,target,1.000,5.000
PYPL,2024-02-07,2024-02-08,3.000,2024-02-13,57.242,true,2024-03-12,3.715,13.822,target,11.000,5.000
PYPL,2024-02-07,2024-02-08,5.000,2024-02-15,58.211,true,2024-03-14,7.034,9.735,target,10.000,5.000
PYPL,2024-02-07,2024-02-08,10.000,2024-02-23,58.201,true,2024-03-21,12.387,5.879,target,5.000,5.000
PYPL,2023-08-02,2023-08-03,1.000,2023-08-04,64.085,true,2023-08-31,-3.534,-9.784,stop,6.000,-5.000
PYPL,2023-08-02,2023-08-03,3.000,2023-08-08,63.067,true,2023-09-05,-0.047,-10.146,stop,6.000,-5.000
PYPL,2023-08-02,2023-08-03,5.000,2023-08-10,61.910,true,2023-09-07,-1.518,-8.179,stop,4.000,-5.000
PYPL,2023-08-02,2023-08-03,10.000,2023-08-17,58.359,true,2023-09-14,9.202,-4.499,target,5.000,5.000
PYPL,2023-05-08,2023-05-09,1.000,2023-05-10,65.767,true,2023-06-07,-3.699,0.436,stop,1.000,-5.000
PYPL,2023-05-08,2023-05-09,3.000,2023-05-12,63.393,true,2023-06-09,-0.952,10.172,stop,3.000,-5.000
PYPL,2023-05-08,2023-05-09,5.000,2023-05-16,61.118,true,2023-06-13,2.848,17.136,target,14.000,5.000
PYPL,2023-05-08,2023-05-09,10.000,2023-05-23,62.335,true,2023-06-21,8.187,15.850,stop,3.000,-5.000
QCOM,2026-02-04,2026-02-05,1.000,2026-02-06,134.763,true,2026-03-06,-0.226,-7.549,target,8.000,5.000
QCOM,2026-02-04,2026-02-05,3.000,2026-02-10,136.018,true,2026-03-10,-1.503,-7.106,target,10.000,5.000
QCOM,2026-02-04,2026-02-05,5.000,2026-02-12,138.692,true,2026-03-12,-6.296,-8.503,stop,17.000,-5.000
QCOM,2026-02-04,2026-02-05,10.000,2026-02-20,138.145,true,2026-03-19,-5.832,-2.303,stop,13.000,-5.000
QCOM,2025-07-30,2025-07-31,1.000,2025-08-01,142.660,true,2025-08-28,9.791,16.184,target,8.000,5.000
QCOM,2025-07-30,2025-07-31,3.000,2025-08-05,144.667,true,2025-09-02,6.908,12.649,target,7.000,5.000
QCOM,2025-07-30,2025-07-31,5.000,2025-08-07,144.472,true,2025-09-04,8.292,14.490,target,5.000,5.000
QCOM,2025-07-30,2025-07-31,10.000,2025-08-14,150.881,true,2025-09-11,4.861,7.555,target,16.000,5.000
QCOM,2024-07-31,2024-08-01,1.000,2024-08-02,152.993,true,2024-08-29,5.588,6.535,stop,2.000,-5.000
QCOM,2024-07-31,2024-08-01,3.000,2024-08-06,150.992,true,2024-09-03,3.043,5.187,target,6.000,5.000
QCOM,2024-07-31,2024-08-01,5.000,2024-08-08,153.203,true,2024-09-05,2.368,5.632,target,4.000,5.000
QCOM,2024-07-31,2024-08-01,10.000,2024-08-15,163.697,true,2024-09-12,-3.445,-1.374,stop,13.000,-5.000
SBUX,2024-04-30,2024-05-01,1.000,2024-05-02,70.260,true,2024-05-30,5.951,4.727,target,13.000,5.000
SBUX,2024-04-30,2024-05-01,3.000,2024-05-06,68.768,true,2024-06-03,12.812,5.597,target,10.000,5.000
SBUX,2024-04-30,2024-05-01,5.000,2024-05-08,67.812,true,2024-06-05,13.122,5.999,target,3.000,5.000
SBUX,2024-04-30,2024-05-01,10.000,2024-05-15,71.198,true,2024-06-12,5.378,-0.662,target,6.000,5.000
SBUX,2023-05-02,2023-05-03,1.000,2023-05-04,95.705,true,2023-06-01,-6.008,-4.524,stop,16.000,-5.000
SBUX,2023-05-02,2023-05-03,3.000,2023-05-08,98.642,true,2023-06-05,-6.553,-7.928,stop,12.000,-5.000
SBUX,2023-05-02,2023-05-03,5.000,2023-05-10,98.357,true,2023-06-07,-8.168,-9.921,stop,10.000,-5.000
SBUX,2023-05-02,2023-05-03,10.000,2023-05-17,97.740,true,2023-06-14,-5.002,-4.105,stop,5.000,-5.000
TXN,2025-10-21,2025-10-22,1.000,2025-10-23,165.709,true,2025-11-19,-6.769,4.566,stop,5.000,-5.000
TXN,2025-10-21,2025-10-22,3.000,2025-10-27,165.533,true,2025-11-21,-5.298,6.240,stop,3.000,-5.000
TXN,2025-10-21,2025-10-22,5.000,2025-10-29,162.511,true,2025-11-25,-2.103,7.192,stop,8.000,-5.000
TXN,2025-10-21,2025-10-22,10.000,2025-11-05,156.753,true,2025-12-03,14.562,11.375,target,17.000,5.000
TXN,2025-07-22,2025-07-23,1.000,2025-07-24,180.410,true,2025-08-20,8.476,-1.871,target,17.000,5.000
TXN,2025-07-22,2025-07-23,3.000,2025-07-28,181.818,true,2025-08-22,10.472,-3.703,target,17.000,5.000
TXN,2025-07-22,2025-07-23,5.000,2025-07-30,185.955,true,2025-08-26,7.972,-3.321,stop,2.000,-5.000
TXN,2025-07-22,2025-07-23,10.000,2025-08-06,180.028,true,2025-09-03,5.983,-2.328,target,6.000,5.000
CVS,2025-10-29,2025-10-30,1.000,2025-10-31,74.899,true,2025-11-28,4.840,4.397,target,9.000,5.000
CVS,2025-10-29,2025-10-30,3.000,2025-11-04,76.648,true,2025-12-02,-1.045,1.173,time_limit,,-1.045
CVS,2025-10-29,2025-10-30,5.000,2025-11-06,76.912,true,2025-12-04,-2.490,2.173,stop,20.000,-5.000
CVS,2025-10-29,2025-10-30,10.000,2025-11-13,77.420,true,2025-12-11,2.019,1.426,stop,14.000,-5.000
CVS,2024-05-01,2024-05-01,1.000,2024-05-02,51.677,true,2024-05-30,-0.621,4.735,target,16.000,5.000
CVS,2024-05-01,2024-05-01,3.000,2024-05-06,51.310,true,2024-06-03,7.537,2.733,target,14.000,5.000
CVS,2024-05-01,2024-05-01,5.000,2024-05-08,51.127,true,2024-06-05,8.801,1.488,target,12.000,5.000
CVS,2024-05-01,2024-05-01,10.000,2024-05-15,51.512,true,2024-06-12,6.725,4.964,target,7.000,5.000
CVS,2023-05-03,2023-05-04,1.000,2023-05-05,62.812,true,2023-06-02,-1.436,-1.746,stop,8.000,-5.000
CVS,2023-05-03,2023-05-04,3.000,2023-05-09,61.547,true,2023-06-06,1.337,-0.057,time_limit,,1.337
CVS,2023-05-03,2023-05-04,5.000,2023-05-11,61.211,true,2023-06-08,3.685,0.231,time_limit,,3.685
CVS,2023-05-03,2023-05-04,10.000,2023-05-18,61.255,true,2023-06-15,0.361,2.773,target,18.000,5.000
DIS,2025-11-13,2025-11-13,1.000,2025-11-14,105.985,true,2025-12-12,3.795,5.789,stop,7.000,-5.000
DIS,2025-11-13,2025-11-13,3.000,2025-11-18,103.600,true,2025-12-16,6.922,8.637,target,17.000,5.000
DIS,2025-11-13,2025-11-13,5.000,2025-11-20,103.866,true,2025-12-18,6.887,5.425,target,15.000,5.000
DIS,2025-11-13,2025-11-13,10.000,2025-11-28,101.826,true,2025-12-26,10.676,7.801,target,9.000,5.000
DIS,2024-05-07,2024-05-07,1.000,2024-05-08,102.039,true,2024-06-05,-3.241,-6.587,time_limit,,-3.241
DIS,2024-05-07,2024-05-07,3.000,2024-05-10,104.004,true,2024-06-07,-5.032,-8.812,stop,4.000,-5.000
DIS,2024-05-07,2024-05-07,5.000,2024-05-14,102.428,true,2024-06-11,-4.207,-7.839,time_limit,,-4.207
DIS,2024-05-07,2024-05-07,10.000,2024-05-21,100.181,true,2024-06-18,-1.447,-5.586,time_limit,,-1.447
DOW,2025-01-30,2025-01-30,1.000,2025-01-31,34.937,true,2025-02-28,-0.020,-9.858,stop,2.000,-5.000
DOW,2025-01-30,2025-01-30,3.000,2025-02-04,33.817,true,2025-03-04,-3.457,-6.194,target,9.000,5.000
DOW,2025-01-30,2025-01-30,5.000,2025-02-06,34.392,true,2025-03-06,-0.223,-16.160,stop,18.000,-5.000
DOW,2025-01-30,2025-01-30,10.000,2025-02-13,34.527,true,2025-03-13,-3.825,-27.557,stop,13.000,-5.000
GE,2026-04-21,2026-04-21,1.000,2026-04-22,285.858,true,2026-05-19,-0.478,24.553,stop,1.000,-5.000
GE,2026-04-21,2026-04-21,3.000,2026-04-24,279.835,true,2026-05-21,7.537,26.553,target,9.000,7.063
GE,2026-04-21,2026-04-21,5.000,2026-04-28,282.588,true,2026-05-26,10.982,29.117,target,7.000,6.020
GE,2026-04-21,2026-04-21,10.000,2026-05-05,281.700,true,2026-06-02,12.475,32.732,target,2.000,6.354
GE,2026-01-22,2026-01-22,1.000,2026-01-23,295.749,true,2026-02-20,15.562,-3.297,target,8.000,5.000
GE,2026-01-22,2026-01-22,3.000,2026-01-27,294.265,true,2026-02-24,16.964,-1.508,target,6.000,5.000
GE,2026-01-22,2026-01-22,5.000,2026-01-29,292.065,true,2026-02-26,16.209,-2.606,target,3.000,5.000
GE,2026-01-22,2026-01-22,10.000,2026-02-05,305.418,true,2026-03-05,6.612,-8.197,target,2.000,5.000
GE,2024-10-22,2024-10-22,1.000,2024-10-23,177.640,true,2024-11-19,-1.191,-10.991,stop,7.000,-5.000
GE,2024-10-22,2024-10-22,3.000,2024-10-25,177.936,true,2024-11-21,-0.722,-6.461,stop,5.000,-5.000
GE,2024-10-22,2024-10-22,5.000,2024-10-29,172.559,true,2024-11-25,3.237,-1.759,target,9.000,5.000
GE,2024-10-22,2024-10-22,10.000,2024-11-05,170.384,true,2024-12-03,4.850,-2.028,target,2.000,5.303
HON,2025-02-06,2025-02-06,1.000,2025-02-07,705.413,true,2025-03-07,1.730,-9.428,time_limit,,1.730
HON,2025-02-06,2025-02-06,3.000,2025-02-11,687.345,true,2025-03-11,1.518,-11.004,target,14.000,5.000
HON,2025-02-06,2025-02-06,5.000,2025-02-13,687.145,true,2025-03-13,0.623,-5.852,target,12.000,5.000
HON,2025-02-06,2025-02-06,10.000,2025-02-21,702.617,true,2025-03-20,0.407,-6.397,time_limit,,0.407
HON,2024-10-24,2024-10-24,1.000,2024-10-25,692.355,true,2024-11-21,8.658,9.729,target,11.000,5.000
HON,2024-10-24,2024-10-24,3.000,2024-10-29,678.878,true,2024-11-25,13.025,12.192,target,7.000,5.000
HON,2024-10-24,2024-10-24,5.000,2024-10-31,677.620,true,2024-11-27,12.763,12.700,target,5.000,5.000
HON,2024-10-24,2024-10-24,10.000,2024-11-07,718.347,true,2024-12-05,4.819,2.711,target,4.000,10.330
HON,2024-07-25,2024-07-25,1.000,2024-07-26,668.598,true,2024-08-22,-0.884,0.706,time_limit,,-0.884
HON,2024-07-25,2024-07-25,3.000,2024-07-30,665.041,true,2024-08-26,1.493,2.200,time_limit,,1.493
HON,2024-07-25,2024-07-25,5.000,2024-08-01,672.879,true,2024-08-28,0.874,1.876,time_limit,,0.874
HON,2024-07-25,2024-07-25,10.000,2024-08-08,651.770,true,2024-09-05,3.118,3.067,target,15.000,5.000
HON,2023-07-27,2023-07-27,1.000,2023-07-28,636.695,true,2023-08-24,-5.811,-3.461,stop,8.000,-5.000
HON,2023-07-27,2023-07-27,3.000,2023-08-01,622.812,true,2023-08-28,-2.297,-2.292,time_limit,,-2.297
HON,2023-07-27,2023-07-27,5.000,2023-08-03,620.976,true,2023-08-30,-1.654,-2.410,time_limit,,-1.654
HON,2023-07-27,2023-07-27,10.000,2023-08-10,609.605,true,2023-09-07,-2.178,-4.357,time_limit,,-2.178
JCI,2025-07-29,2025-07-29,1.000,2025-07-30,101.083,true,2025-08-26,5.629,4.143,target,11.000,5.000
JCI,2025-07-29,2025-07-29,3.000,2025-08-01,102.648,true,2025-08-28,4.201,3.007,target,19.000,5.000
JCI,2025-07-29,2025-07-29,5.000,2025-08-05,105.336,true,2025-09-02,-0.972,3.137,time_limit,,-0.972
JCI,2025-07-29,2025-07-29,10.000,2025-08-12,104.519,true,2025-09-09,0.113,2.392,time_limit,,0.113
JCI,2023-12-12,2023-12-12,1.000,2023-12-13,49.626,true,2024-01-11,11.386,6.972,target,2.000,5.000
JCI,2023-12-12,2023-12-12,3.000,2023-12-15,51.145,true,2024-01-16,-2.001,2.375,target,6.000,5.000
JCI,2023-12-12,2023-12-12,5.000,2023-12-19,51.757,true,2024-01-18,-0.813,6.080,target,4.000,5.000
JCI,2023-12-12,2023-12-12,10.000,2023-12-27,55.286,false,2024-01-25,-3.633,1.107,stop,13.000,-5.000
JCI,2023-08-02,2023-08-02,1.000,2023-08-03,59.862,true,2023-08-30,-6.951,-15.591,stop,6.000,-5.000
JCI,2023-08-02,2023-08-02,3.000,2023-08-07,59.235,true,2023-09-01,-4.771,-15.996,stop,4.000,-5.000
JCI,2023-08-02,2023-08-02,5.000,2023-08-09,57.852,true,2023-09-06,-6.084,-14.350,stop,13.000,-5.000
JCI,2023-08-02,2023-08-02,10.000,2023-08-16,55.880,true,2023-09-13,-3.445,-9.202,stop,16.000,-5.000
JCI,2023-02-01,2023-02-02,1.000,2023-02-03,59.715,true,2023-03-03,1.843,-5.377,time_limit,,1.843
JCI,2023-02-01,2023-02-02,3.000,2023-02-07,60.936,true,2023-03-07,-0.352,-11.801,time_limit,,-0.352
JCI,2023-02-01,2023-02-02,5.000,2023-02-09,61.505,true,2023-03-09,-4.018,-14.600,stop,8.000,-5.000
JCI,2023-02-01,2023-02-02,10.000,2023-02-16,59.883,true,2023-03-16,-7.413,-9.920,stop,16.000,-5.000
LOW,2026-02-25,2026-02-25,1.000,2026-02-26,260.472,true,2026-03-25,-10.314,-5.930,stop,7.000,-5.000
LOW,2026-02-25,2026-02-25,3.000,2026-03-02,257.169,true,2026-03-27,-11.419,-6.264,stop,6.000,-5.000
LOW,2026-02-25,2026-02-25,5.000,2026-03-04,255.200,true,2026-03-31,-8.422,-9.065,stop,4.000,-5.000
LOW,2026-02-25,2026-02-25,10.000,2026-03-11,247.347,true,2026-04-08,-2.563,-6.230,stop,3.000,-5.000
LOW,2023-03-01,2023-03-01,1.000,2023-03-02,179.694,true,2023-03-29,-0.374,6.692,target,3.000,5.000
LOW,2023-03-01,2023-03-01,3.000,2023-03-06,186.819,true,2023-03-31,-0.165,4.474,stop,14.000,-5.000
LOW,2023-03-01,2023-03-01,5.000,2023-03-08,184.875,true,2023-04-04,2.414,4.097,stop,12.000,-5.000
LOW,2023-03-01,2023-03-01,10.000,2023-03-15,182.660,true,2023-04-12,2.007,4.852,time_limit,,2.007
PYPL,2026-05-05,2026-05-05,1.000,2026-05-06,46.417,true,2026-06-03,-8.729,-2.281,stop,5.000,-5.000
PYPL,2026-05-05,2026-05-05,3.000,2026-05-08,45.358,true,2026-06-05,-9.193,0.396,stop,9.000,-5.000
PYPL,2026-05-05,2026-05-05,5.000,2026-05-12,44.682,true,2026-06-09,-7.440,1.178,stop,16.000,-5.000
PYPL,2026-05-05,2026-05-05,10.000,2026-05-19,44.125,true,2026-06-16,-1.321,28.249,stop,13.000,-5.299
PYPL,2026-02-03,2026-02-03,1.000,2026-02-04,41.236,true,2026-03-04,12.720,7.608,stop,2.000,-5.000
PYPL,2026-02-03,2026-02-03,3.000,2026-02-06,39.898,true,2026-03-06,17.049,13.336,target,3.000,5.000
PYPL,2026-02-03,2026-02-03,5.000,2026-02-10,40.394,true,2026-03-10,10.813,12.856,stop,3.000,-5.000
PYPL,2026-02-03,2026-02-03,10.000,2026-02-18,40.414,true,2026-03-17,13.489,21.953,target,3.000,5.000
PYPL,2025-07-29,2025-07-29,1.000,2025-07-30,71.394,true,2025-08-26,-2.784,-5.998,stop,2.000,-5.000
PYPL,2025-07-29,2025-07-29,3.000,2025-08-01,67.250,true,2025-08-28,3.029,-1.029,time_limit,,3.029
PYPL,2025-07-29,2025-07-29,5.000,2025-08-05,67.705,true,2025-09-02,1.154,-2.045,time_limit,,1.154
PYPL,2025-07-29,2025-07-29,10.000,2025-08-12,66.498,true,2025-09-09,0.654,10.961,target,2.000,5.000
PYPL,2025-02-04,2025-02-04,1.000,2025-02-05,77.347,true,2025-03-05,-11.137,-14.141,stop,13.000,-5.000
PYPL,2025-02-04,2025-02-04,3.000,2025-02-07,78.129,true,2025-03-07,-10.785,-26.114,stop,10.000,-5.000
PYPL,2025-02-04,2025-02-04,5.000,2025-02-11,76.957,true,2025-03-11,-12.639,-26.222,stop,10.000,-5.000
PYPL,2025-02-04,2025-02-04,10.000,2025-02-19,77.634,true,2025-03-18,-12.255,-21.019,stop,4.000,-5.000
PYPL,2024-10-29,2024-10-30,1.000,2024-10-31,77.624,true,2024-11-27,10.294,10.664,target,6.000,5.000
PYPL,2024-10-29,2024-10-30,3.000,2024-11-04,76.408,true,2024-12-02,11.998,10.471,target,3.000,5.287
PYPL,2024-10-29,2024-10-30,5.000,2024-11-06,80.448,true,2024-12-04,9.816,7.689,target,4.000,5.000
PYPL,2024-10-29,2024-10-30,10.000,2024-11-13,85.843,false,2024-12-11,4.551,-3.237,target,18.000,6.279
TGT,2024-11-20,2024-11-20,1.000,2024-11-21,113.797,true,2024-12-19,6.831,11.205,target,3.000,5.000
TGT,2024-11-20,2024-11-20,3.000,2024-11-25,119.371,true,2024-12-23,3.006,7.668,target,10.000,5.000
TGT,2024-11-20,2024-11-20,5.000,2024-11-27,119.296,true,2024-12-26,6.563,10.212,target,8.000,5.000
TGT,2024-11-20,2024-11-20,10.000,2024-12-05,121.310,true,2025-01-03,4.333,4.187,target,3.000,5.000
TGT,2024-05-22,2024-05-22,1.000,2024-05-23,130.844,true,2024-06-21,2.547,5.979,target,5.000,5.000
TGT,2024-05-22,2024-05-22,3.000,2024-05-28,133.139,true,2024-06-25,1.221,1.000,target,4.000,5.000
TGT,2024-05-22,2024-05-22,5.000,2024-05-30,136.372,true,2024-06-27,-1.212,0.323,target,2.000,5.000
TGT,2024-05-22,2024-05-22,10.000,2024-06-06,134.700,true,2024-07-05,-0.716,-5.133,time_limit,,-0.716
UPS,2025-01-30,2025-01-30,1.000,2025-01-31,102.736,true,2025-02-28,4.977,-3.287,target,20.000,5.000
UPS,2025-01-30,2025-01-30,3.000,2025-02-04,99.458,true,2025-03-04,6.396,-0.464,target,10.000,5.000
UPS,2025-01-30,2025-01-30,5.000,2025-02-06,100.360,true,2025-03-06,8.789,-9.610,target,10.000,5.000
UPS,2025-01-30,2025-01-30,10.000,2025-02-13,102.316,true,2025-03-13,2.042,-14.491,target,9.000,5.000
