ticker,earnings_date,session,selloff_date,selloff_from_pre_pct,pre_earnings_close,selloff_close,h20_complete,h20_full_touch,h20_full_close,h20_touch_day,h20_close_day,h20_bounce5,h20_bounce5_day,h20_min_after_selloff_pct,h20_mfe_pct,h20_fixed_close_return_pct,h20_adverse_before_reclaim_pct,h40_complete,h40_full_touch,h40_full_close,h40_touch_day,h40_close_day,h40_bounce5,h40_bounce5_day,h40_min_after_selloff_pct,h40_mfe_pct,h40_fixed_close_return_pct,h40_adverse_before_reclaim_pct,h60_complete,h60_full_touch,h60_full_close,h60_touch_day,h60_close_day,h60_bounce5,h60_bounce5_day,h60_min_after_selloff_pct,h60_mfe_pct,h60_fixed_close_return_pct,h60_adverse_before_reclaim_pct,h90_complete,h90_full_touch,h90_full_close,h90_touch_day,h90_close_day,h90_bounce5,h90_bounce5_day,h90_min_after_selloff_pct,h90_mfe_pct,h90_fixed_close_return_pct,h90_adverse_before_reclaim_pct,h120_complete,h120_full_touch,h120_full_close,h120_touch_day,h120_close_day,h120_bounce5,h120_bounce5_day,h120_min_after_selloff_pct,h120_mfe_pct,h120_fixed_close_return_pct,h120_adverse_before_reclaim_pct
DELL,2023-11-30,AH,2023-12-01,-5.1931,72.7145,68.9384,true,true,true,15.0000,16.0000,true,15.0000,-6.1449,7.6741,3.9761,-6.1449,true,true,true,15.0000,16.0000,true,15.0000,-6.1449,20.7232,15.7379,-6.1449,true,true,true,15.0000,16.0000,true,15.0000,-6.1449,32.6489,32.1881,-6.1449,true,true,true,15.0000,16.0000,true,15.0000,-6.1449,90.1408,64.4461,-6.1449,true,true,true,15.0000,16.0000,true,15.0000,-6.1449,133.7919,124.5535,-6.1449
DELL,2024-05-30,AH,2024-05-31,-17.8672,164.2166,134.8756,true,false,false,,,true,12.0000,-8.5770,15.7346,2.3359,,true,false,false,,,true,12.0000,-23.9489,15.7346,-21.9069,,true,false,false,,,true,12.0000,-37.4953,15.7346,-19.5701,,true,false,false,,,true,12.0000,-37.4953,15.7346,-12.0347,,true,false,false,,,true,12.0000,-37.4953,15.7346,-3.3374,
DELL,2024-11-26,AH,2024-11-27,-12.2478,137.9461,121.0507,true,false,false,,,false,,-11.4247,4.2370,-5.6681,,true,false,false,,,false,,-19.2479,4.2370,-16.7769,,true,false,false,,,false,,-20.5990,4.2370,-12.9588,,true,false,false,,,false,,-46.5265,4.2370,-36.2790,,true,false,false,,,false,,-46.5265,4.2370,-8.9236,
DELL,2025-02-27,AH,2025-03-03,-11.3790,105.3641,93.3747,true,false,false,,,true,12.0000,-7.5658,6.2369,-4.6149,,true,false,false,,,true,12.0000,-30.6771,6.2369,-1.2333,,true,true,true,50.0000,50.0000,true,12.0000,-30.6771,22.3051,19.8196,-30.6771,true,true,true,50.0000,50.0000,true,12.0000,-30.6771,35.1433,33.5740,-30.6771,true,true,true,50.0000,50.0000,true,12.0000,-30.6771,50.2783,38.3605,-30.6771
DELL,2025-08-28,AH,2025-08-29,-8.8773,132.3633,120.6130,true,true,true,15.0000,15.0000,true,4.0000,-3.6431,12.9595,9.6193,-3.6431,true,true,true,15.0000,15.0000,true,4.0000,-3.6431,35.9804,33.2525,-3.6431,true,true,true,15.0000,15.0000,true,4.0000,-4.2363,38.0916,4.5217,-3.6431,true,true,true,15.0000,15.0000,true,4.0000,-5.6905,38.0916,-2.6425,-3.6431,true,true,true,15.0000,15.0000,true,4.0000,-9.0490,38.0916,-1.6884,-3.6431
META,2024-04-24,UNVERIFIED,2024-04-25,-10.5613,489.3369,437.6566,true,false,false,,,true,7.0000,-3.2330,9.3162,5.5281,,true,true,true,28.0000,28.0000,true,7.0000,-3.2330,16.4552,13.1463,-3.2330,true,true,true,28.0000,28.0000,true,7.0000,-3.2330,23.1023,10.8286,-3.2330,true,true,true,28.0000,28.0000,true,7.0000,-3.2330,23.4243,16.2828,-3.2330,true,true,true,28.0000,28.0000,true,7.0000,-3.2330,36.8717,30.9333,-3.2330
META,2025-10-29,UNVERIFIED,2025-10-30,-11.3348,749.1289,664.2169,true,false,false,,,false,,-12.7868,1.2634,-2.7788,,true,false,false,,,true,30.0000,-12.7868,6.6815,-1.0867,,true,false,false,,,true,30.0000,-12.7868,6.6815,0.4209,,true,false,false,,,true,30.0000,-12.7868,11.7240,-4.1667,,true,false,false,,,true,30.0000,-21.8074,11.7240,1.4538,
META,2026-04-29,UNVERIFIED,2026-04-30,-8.5500,667.9733,610.8613,true,false,false,,,true,19.0000,-3.1557,5.0808,3.3665,,true,false,false,,,true,19.0000,-11.6405,5.0808,-7.9732,,true,true,true,48.0000,48.0000,true,19.0000,-11.6405,12.2250,-2.9334,-11.6405,true,true,true,48.0000,48.0000,true,19.0000,-14.2070,12.2250,6.9268,-11.6405,false,,,,,,,,,,
ORCL,2023-09-11,AH,2023-09-12,-13.4954,121.8640,105.4180,true,false,false,,,true,2.0000,-5.7841,5.0999,0.0912,,true,false,false,,,true,2.0000,-8.5526,5.0999,-0.2018,,true,false,false,,,true,2.0000,-8.5526,7.7462,2.5818,,true,false,false,,,true,2.0000,-9.1112,7.7462,1.2052,,true,false,false,,,true,2.0000,-9.1112,8.2714,1.9774,
ORCL,2023-12-11,AH,2023-12-12,-12.4381,111.1320,97.3093,true,false,false,,,true,4.0000,-1.5375,6.0589,4.3309,,true,true,true,28.0000,29.0000,true,4.0000,-1.5375,17.2935,16.1511,-1.5375,true,true,true,28.0000,29.0000,true,4.0000,-1.5375,17.2935,13.6517,-1.5375,true,true,true,28.0000,29.0000,true,4.0000,-1.5375,32.2172,14.9775,-1.5375,true,true,true,28.0000,29.0000,true,4.0000,-1.5375,32.2172,22.5101,-1.5375
ORCL,2024-12-09,AH,2024-12-10,-6.6737,186.0846,173.6660,true,false,false,,,false,,-13.1887,2.0479,-12.8616,,true,true,false,27.0000,,true,27.0000,-14.0348,8.2828,0.9113,-14.0348,true,true,false,27.0000,,true,27.0000,-22.3369,8.2828,-18.6821,-14.0348,true,true,false,27.0000,,true,27.0000,-32.9627,8.2828,-25.6239,-14.0348,true,true,false,27.0000,,true,27.0000,-32.9627,8.2828,-3.1299,-14.0348
ORCL,2025-12-10,AH,2025-12-11,-10.8336,220.0656,196.2246,true,false,false,,,false,,-10.9530,4.1721,3.2039,,true,false,false,,,false,,-31.8041,4.7771,-19.3801,,true,false,false,,,false,,-31.8041,4.7771,-17.7515,,true,false,false,,,false,,-31.9100,4.7771,-10.8055,,true,true,true,115.0000,115.0000,true,115.0000,-31.9100,26.6220,8.1182,-31.9100
ORCL,2026-06-10,AH,2026-06-11,-8.5263,199.8232,182.7857,true,false,false,,,true,2.0000,-28.4047,6.0945,-28.3011,,true,false,false,,,true,2.0000,-37.5892,6.0945,-17.6668,,true,false,false,,,true,2.0000,-37.5892,6.0945,-11.4148,,false,,,,,,,,,,,false,,,,,,,,,,
QCOM,2023-05-03,AH,2023-05-04,-5.5393,104.4163,98.6323,true,true,true,17.0000,17.0000,true,17.0000,-4.7945,10.9169,9.2352,-4.7945,true,true,true,17.0000,17.0000,true,17.0000,-4.7945,18.4752,13.4584,-4.7945,true,true,true,17.0000,17.0000,true,17.0000,-4.7945,25.6271,24.7863,-4.7945,true,true,true,17.0000,17.0000,true,17.0000,-4.7945,25.6271,7.1733,-4.7945,true,true,true,17.0000,17.0000,true,17.0000,-4.7945,25.6271,-0.3052,-4.7945
QCOM,2023-08-02,AH,2023-08-03,-8.1767,120.4611,110.6114,true,false,false,,,false,,-9.2165,3.4035,-2.8298,,true,false,false,,,false,,-10.4826,3.4035,-5.7739,,true,false,false,,,false,,-11.4812,3.4035,-9.6766,,true,true,true,73.0000,73.0000,true,70.0000,-11.4812,16.6319,16.2051,-11.4812,true,true,true,73.0000,73.0000,true,70.0000,-11.4812,34.8867,31.8898,-11.4812
QCOM,2024-07-31,AH,2024-08-01,-9.3672,172.4654,156.3102,true,false,false,,,true,10.0000,-7.6890,7.5365,3.3476,,true,false,false,,,true,10.0000,-7.6890,8.3620,4.2739,,true,false,false,,,true,10.0000,-7.6890,10.2160,4.3597,,true,true,false,69.0000,,true,10.0000,-7.6890,11.6104,-0.9659,-7.6890,true,true,false,69.0000,,true,10.0000,-7.9342,11.6104,6.0393,-7.6890
QCOM,2025-04-30,AH,2025-05-01,-8.9250,143.7450,130.9158,true,true,true,7.0000,7.0000,true,4.0000,1.5383,15.4722,7.3885,1.5383,true,true,true,7.0000,7.0000,true,4.0000,1.5383,20.6375,18.4947,1.5383,true,true,true,7.0000,7.0000,true,4.0000,1.5383,21.9896,20.5929,1.5383,true,true,true,7.0000,7.0000,true,4.0000,1.5383,22.3342,18.9371,1.5383,true,true,true,7.0000,7.0000,true,4.0000,1.5383,30.5277,26.6592,1.5383
QCOM,2025-07-30,AH,2025-07-31,-7.7329,154.9335,142.9526,true,true,true,11.0000,18.0000,true,9.0000,-1.8057,9.8528,9.5666,-1.8057,true,true,true,11.0000,18.0000,true,9.0000,-1.8057,19.5372,15.9464,-1.8057,true,true,true,11.0000,18.0000,true,9.0000,-1.8057,19.5372,15.7682,-1.8057,true,true,true,11.0000,18.0000,true,9.0000,-1.8057,41.1298,20.7472,-1.8057,true,true,true,11.0000,18.0000,true,9.0000,-1.8057,41.1298,8.6869,-1.8057
QCOM,2026-02-04,AH,2026-02-05,-8.4559,146.5979,134.2017,true,false,false,,,true,7.0000,-1.4845,7.8063,0.1916,,true,false,false,,,true,7.0000,-8.6542,7.8063,-7.1627,,true,true,true,54.0000,54.0000,true,7.0000,-9.9243,37.9969,24.3295,-9.9243,true,true,true,54.0000,54.0000,true,7.0000,-9.9243,91.9213,58.6501,-9.9243,true,true,true,54.0000,54.0000,true,7.0000,-9.9243,91.9213,12.3528,-9.9243
