ticker,date,cohort,source_selloff_date,selloff_pct,day3Stop,day3Ret,h20_eligible,h20_fullclose,h20_fulltouch,h20_fivebounce,h20_fullclose_day,h20_fivebounce_day,h20_max_drawdown_after_pct,h20_low_before_reclaim_pct,h20_ret_pct,h40_eligible,h40_fullclose,h40_fulltouch,h40_fivebounce,h40_fullclose_day,h40_fivebounce_day,h40_max_drawdown_after_pct,h40_low_before_reclaim_pct,h40_ret_pct,h60_eligible,h60_fullclose,h60_fulltouch,h60_fivebounce,h60_fullclose_day,h60_fivebounce_day,h60_max_drawdown_after_pct,h60_low_before_reclaim_pct,h60_ret_pct,h90_eligible,h90_fullclose,h90_fulltouch,h90_fivebounce,h90_fullclose_day,h90_fivebounce_day,h90_max_drawdown_after_pct,h90_low_before_reclaim_pct,h90_ret_pct,h120_eligible,h120_fullclose,h120_fulltouch,h120_fivebounce,h120_fullclose_day,h120_fivebounce_day,h120_max_drawdown_after_pct,h120_low_before_reclaim_pct,h120_ret_pct,h180_eligible,h180_fullclose,h180_fulltouch,h180_fivebounce,h180_fullclose_day,h180_fivebounce_day,h180_max_drawdown_after_pct,h180_low_before_reclaim_pct,h180_ret_pct,h252_eligible,h252_fullclose,h252_fulltouch,h252_fivebounce,h252_fullclose_day,h252_fivebounce_day,h252_max_drawdown_after_pct,h252_low_before_reclaim_pct,h252_ret_pct
ABNB,2023-05-09,ORIGINAL92,2023-05-10,-10.92311,,,true,false,false,true,,18.00000,-8.51665,,2.04082,true,true,true,true,25.00000,18.00000,-8.51665,-8.51665,16.36187,true,true,true,true,25.00000,18.00000,-8.51665,-8.51665,26.51294,true,true,true,true,25.00000,18.00000,-8.51665,-8.51665,25.32026,true,true,true,true,25.00000,18.00000,-8.51665,-8.51665,4.50570,true,true,true,true,25.00000,18.00000,-8.51665,-8.51665,34.90591,true,true,true,true,25.00000,18.00000,-8.51665,-8.51665,29.26937
ADBE,2025-06-12,ORIGINAL92,2025-06-13,-5.31812,,,true,false,false,false,,,-8.04228,,-7.02104,true,false,false,false,,,-15.73734,,-13.59528,true,false,false,false,,,-15.73734,,-10.60049,true,false,false,false,,,-16.38583,,-9.59712,true,false,false,false,,,-20.44909,,-16.07179,true,false,false,false,,,-37.63276,,-30.26961,true,false,false,false,,,-49.72937,,-47.06904
ADBE,2025-03-12,ORIGINAL92,2025-03-13,-13.85317,,,true,false,false,true,,2.00000,-12.12947,,-7.35497,true,false,false,true,,2.00000,-12.12947,,1.43976,true,false,false,true,,2.00000,-12.12947,,10.16833,true,false,false,true,,2.00000,-12.12947,,-1.42388,true,false,false,true,,2.00000,-12.65086,,-8.87413,true,false,false,true,,2.00000,-17.53520,,-15.27366,true,false,false,true,,2.00000,-35.34830,,-33.34216
ADBE,2024-12-11,ORIGINAL92,2024-12-12,-13.69265,,,true,false,false,false,,,-14.93374,,-13.04595,true,false,false,false,,,-14.93374,,-2.50090,true,false,false,false,,,-21.09643,,-20.39273,true,false,false,false,,,-30.04867,,-22.52491,true,false,false,false,,,-30.04867,,-12.29800,true,false,false,false,,,-30.46373,,-27.45718,true,false,false,false,,,-34.35202,,-26.70291
ADBE,2024-09-12,ORIGINAL92,2024-09-13,-8.46987,,,true,false,false,false,,,-9.40079,,-7.72068,true,false,false,false,,,-11.51489,,-7.85851,true,false,false,false,,,-11.51489,,2.06009,true,false,false,false,,,-24.79557,,-18.90402,true,false,false,false,,,-24.79557,,-18.95990,true,false,false,false,,,-38.15821,,-22.90312,true,false,false,false,,,-38.52516,,-32.55909
ADBE,2024-03-14,ORIGINAL92,2024-03-15,-13.67166,,,true,false,false,true,,2.00000,-4.89583,,-4.54047,true,false,false,true,,2.00000,-6.51830,,-1.89863,true,false,false,true,,2.00000,-11.87711,,-6.04516,true,true,true,true,76.00000,2.00000,-11.87711,-11.87711,8.05954,true,true,true,true,76.00000,2.00000,-11.87711,-11.87711,14.40726,true,true,true,true,76.00000,2.00000,-11.87711,-11.87711,4.82070,true,true,true,true,76.00000,2.00000,-23.95321,-11.87711,-21.23421
AMD,2026-02-03,ORIGINAL92,2026-02-04,-17.31444,,,true,false,false,true,,3.00000,-5.97932,,-0.36965,true,false,false,true,,3.00000,-5.97932,,8.64679,true,true,true,true,45.00000,3.00000,-5.97932,-5.97932,80.09891,true,true,true,true,45.00000,3.00000,-5.97932,-5.97932,173.37030,true,true,true,true,45.00000,3.00000,-5.97932,-5.97932,114.57615,false,,,,,,,,,false,,,,,,,,
AMD,2025-08-05,ORIGINAL92,2025-08-06,-6.41960,,,true,true,true,true,4.00000,1.00000,-3.98480,2.19470,-0.81535,true,true,true,true,4.00000,1.00000,-8.52133,2.19470,4.05223,true,true,true,true,4.00000,1.00000,-8.52133,2.19470,56.22854,true,true,true,true,4.00000,1.00000,-8.52133,2.19470,29.21775,true,true,true,true,4.00000,1.00000,-8.52133,2.19470,54.94115,true,true,true,true,4.00000,1.00000,-8.52133,2.19470,113.22339,true,true,true,true,4.00000,1.00000,-8.52133,2.19470,196.32173
AMD,2025-02-04,ORIGINAL92,2025-02-05,-6.26778,,,true,false,false,false,,,-14.39157,,-11.74895,true,false,false,false,,,-16.40032,,-16.25748,true,false,false,false,,,-31.72038,,-11.79359,true,true,true,true,85.00000,68.00000,-31.72038,-31.72038,12.83814,true,true,true,true,85.00000,68.00000,-31.72038,-31.72038,60.26248,true,true,true,true,85.00000,68.00000,-31.72038,-31.72038,109.79377,true,true,true,true,85.00000,68.00000,-31.72038,-31.72038,86.09053
AMD,2024-10-29,ORIGINAL92,2024-10-30,-10.61654,,,true,false,false,false,,,-10.52490,,-8.31763,true,false,false,false,,,-20.65949,,-15.75370,true,false,false,false,,,-24.09152,,-21.02961,true,false,false,false,,,-36.25168,,-33.97712,true,false,false,false,,,-48.53297,,-34.96299,true,false,false,true,,174.00000,-48.53297,,6.76312,true,true,true,true,182.00000,174.00000,-48.53297,-48.53297,74.73082
AMD,2024-04-30,ORIGINAL92,2024-05-01,-8.90895,,,true,true,true,true,10.00000,3.00000,-2.15915,-2.15915,15.58190,true,true,true,true,10.00000,3.00000,-2.15915,-2.15915,12.43502,true,true,true,true,10.00000,3.00000,-5.17086,-2.15915,-3.13301,true,true,true,true,10.00000,3.00000,-15.55763,-2.15915,-0.99120,true,true,true,true,10.00000,3.00000,-15.55763,-2.15915,6.80668,true,true,true,true,10.00000,3.00000,-20.69730,-2.15915,-15.24225,true,true,true,true,10.00000,3.00000,-46.98829,-2.15915,-30.27656
AMD,2023-05-02,ORIGINAL92,2023-05-03,-9.22033,,,true,true,true,true,3.00000,1.00000,-0.62485,-0.62485,46.37344,true,true,true,true,3.00000,1.00000,-0.62485,-0.62485,39.56138,true,true,true,true,3.00000,1.00000,-0.62485,-0.62485,40.16173,true,true,true,true,3.00000,1.00000,-0.62485,-0.62485,29.02475,true,true,true,true,3.00000,1.00000,-0.62485,-0.62485,24.56506,true,true,true,true,3.00000,1.00000,-0.62485,-0.62485,106.05244,true,true,true,true,3.00000,1.00000,-0.62485,-0.62485,84.51360
ANET,2026-05-05,ORIGINAL92,2026-05-06,-13.60592,,,true,true,true,true,17.00000,13.00000,-8.11234,-8.11234,12.88590,true,true,true,true,17.00000,13.00000,-8.11234,-8.11234,17.82946,true,true,true,true,17.00000,13.00000,-8.11234,-8.11234,25.72419,true,true,true,true,17.00000,13.00000,-8.11234,-8.11234,31.13015,false,,,,,,,,,false,,,,,,,,,false,,,,,,,,
ANET,2025-11-04,ORIGINAL92,2025-11-05,-8.55096,,,true,false,false,false,,,-18.44467,,-8.45321,true,false,false,false,,,-18.44467,,-2.30024,true,false,false,true,,55.00000,-18.44467,,-0.73351,true,false,false,true,,55.00000,-18.44467,,-3.09785,true,true,true,true,108.00000,55.00000,-18.44467,-18.44467,22.99530,true,true,true,true,108.00000,55.00000,-18.44467,-18.44467,20.85885,false,,,,,,,,
ANET,2025-02-18,ORIGINAL92,2025-02-19,-6.42896,,,true,false,false,false,,,-26.86682,,-18.76443,true,false,false,false,,,-42.81178,,-30.84103,true,false,false,false,,,-42.81178,,-7.55389,true,false,false,false,,,-42.81178,,-1.54927,true,true,true,true,102.00000,98.00000,-42.81178,-42.81178,35.92186,true,true,true,true,102.00000,98.00000,-42.81178,-42.81178,35.12317,true,true,true,true,102.00000,98.00000,-42.81178,-42.81178,27.78099
ANET,2024-11-07,ORIGINAL92,2024-11-08,-7.09248,,,true,true,true,true,19.00000,17.00000,-8.00350,-8.00350,5.80097,true,true,true,true,19.00000,17.00000,-8.00350,-8.00350,15.38020,true,true,true,true,19.00000,17.00000,-8.00350,-8.00350,18.33687,true,true,true,true,19.00000,17.00000,-24.08540,-8.00350,-12.58834,true,true,true,true,19.00000,17.00000,-40.63678,-8.00350,-9.33200,true,true,true,true,19.00000,17.00000,-40.63678,-8.00350,17.43788,true,true,true,true,19.00000,17.00000,-40.63678,-8.00350,34.82832
ANET,2024-02-12,ORIGINAL92,2024-02-13,-5.47209,,,true,true,true,true,12.00000,12.00000,-4.68156,-4.68156,5.72483,true,true,true,true,12.00000,12.00000,-4.68156,-4.68156,11.70201,true,true,true,true,12.00000,12.00000,-9.48740,-4.68156,11.50992,true,true,true,true,12.00000,12.00000,-9.48740,-4.68156,23.99156,true,true,true,true,12.00000,12.00000,-9.48740,-4.68156,21.85605,true,true,true,true,12.00000,12.00000,-9.48740,-4.68156,49.14692,true,true,true,true,12.00000,12.00000,-9.48740,-4.68156,61.00335
ANET,2023-05-01,ORIGINAL92,2023-05-02,-15.72178,,,true,true,true,true,18.00000,6.00000,-2.44481,-2.44481,23.23307,true,true,true,true,18.00000,6.00000,-2.44481,-2.44481,18.01008,true,true,true,true,18.00000,6.00000,-2.44481,-2.44481,11.93510,true,true,true,true,18.00000,6.00000,-2.44481,-2.44481,43.12491,true,true,true,true,18.00000,6.00000,-2.44481,-2.44481,38.18343,true,true,true,true,18.00000,6.00000,-2.44481,-2.44481,95.22151,true,true,true,true,18.00000,6.00000,-2.44481,-2.44481,93.99911
COIN,2025-02-13,ORIGINAL92,2025-02-14,-7.98363,,,true,false,false,false,,,-35.52915,,-31.11443,true,false,false,false,,,-48.02231,,-35.62757,true,false,false,false,,,-48.02231,,-6.34683,true,true,true,true,86.00000,85.00000,-48.02231,-48.02231,36.73216,true,true,true,true,86.00000,85.00000,-48.02231,-48.02231,13.20768,true,true,true,true,86.00000,85.00000,-48.02231,-48.02231,20.45496,true,true,true,true,86.00000,85.00000,-49.19616,-48.02231,-40.19540
COIN,2024-10-30,ORIGINAL92,2024-10-31,-15.34429,,,true,true,true,true,4.00000,1.00000,-1.60112,-1.60112,65.24407,true,true,true,true,4.00000,1.00000,-1.60112,-1.60112,42.57183,true,true,true,true,4.00000,1.00000,-1.60112,-1.60112,68.08926,true,true,true,true,4.00000,1.00000,-1.60112,-1.60112,2.15900,true,true,true,true,4.00000,1.00000,-20.45746,-1.60112,14.51604,true,true,true,true,4.00000,1.00000,-20.45746,-1.60112,121.31102,true,true,true,true,4.00000,1.00000,-20.45746,-1.60112,71.44770
COIN,2024-08-01,ORIGINAL92,2024-08-05,-10.89635,,,true,false,false,true,,2.00000,-11.29466,,-10.73521,true,false,false,true,,2.00000,-22.87961,,-12.90970,true,true,true,true,53.00000,2.00000,-22.87961,-22.87961,15.93392,true,true,true,true,53.00000,2.00000,-22.87961,-22.87961,65.62516,true,true,true,true,53.00000,2.00000,-22.87961,-22.87961,48.74123,true,true,true,true,53.00000,2.00000,-24.74798,-22.87961,7.60015,true,true,true,true,53.00000,2.00000,-24.74798,-22.87961,64.03125
CRM,2024-05-29,ORIGINAL92,2024-05-30,-19.73713,,,true,false,false,true,,1.00000,-0.89445,,17.93037,true,false,false,true,,1.00000,-0.89445,,18.79846,true,false,false,true,,1.00000,-0.89445,,21.87190,true,true,true,true,81.00000,1.00000,-0.89445,-0.89445,34.16004,true,true,true,true,81.00000,1.00000,-0.89445,-0.89445,48.81978,true,true,true,true,81.00000,1.00000,-0.89445,-0.89445,49.49630,true,true,true,true,81.00000,1.00000,-0.89445,-0.89445,22.02080
CRWD,2025-03-04,ORIGINAL92,2025-03-05,-6.33586,,,true,false,true,true,,14.00000,-16.87007,,1.65554,true,true,true,true,29.00000,14.00000,-18.45447,-18.45447,18.18082,true,true,true,true,29.00000,14.00000,-18.45447,-18.45447,28.98697,true,true,true,true,29.00000,14.00000,-18.45447,-18.45447,29.50963,true,true,true,true,29.00000,14.00000,-18.45447,-18.45447,14.27320,true,true,true,true,29.00000,14.00000,-18.45447,-18.45447,42.45567,true,true,true,true,29.00000,14.00000,-18.45447,-18.45447,17.39000
CRWD,2024-11-26,ORIGINAL92,2024-11-29,-5.03157,,,true,true,true,true,4.00000,3.00000,-2.71989,-2.71989,0.96540,true,true,true,true,4.00000,3.00000,-3.01182,-2.71989,14.71226,true,true,true,true,4.00000,3.00000,-3.01182,-2.71989,12.62826,true,true,true,true,4.00000,3.00000,-13.86536,-2.71989,9.22912,true,true,true,true,4.00000,3.00000,-13.86536,-2.71989,36.49160,true,true,true,true,4.00000,3.00000,-13.86536,-2.71989,19.68090,true,true,true,true,4.00000,3.00000,-13.86536,-2.71989,51.50736
CSCO,2026-02-11,ORIGINAL92,2026-02-12,-12.32172,,,true,false,false,true,,4.00000,-2.10667,,4.44000,true,false,false,true,,4.00000,-2.10667,,10.39497,true,true,true,true,44.00000,4.00000,-2.10667,-2.10667,32.33991,true,true,true,true,44.00000,4.00000,-2.10667,-2.10667,60.50503,true,true,true,true,44.00000,4.00000,-2.10667,-2.10667,62.65289,false,,,,,,,,,false,,,,,,,,
CSCO,2025-08-13,ORIGINAL92,2025-08-15,-5.96591,,,true,false,false,true,,9.00000,-0.67976,,1.23867,true,true,true,true,37.00000,9.00000,-0.67976,-0.67976,2.51865,true,true,true,true,37.00000,9.00000,-0.67976,-0.67976,9.55483,true,true,true,true,37.00000,9.00000,-0.67976,-0.67976,18.56663,true,true,true,true,37.00000,9.00000,-0.67976,-0.67976,29.59031,true,true,true,true,37.00000,9.00000,-0.67976,-0.67976,44.85480,true,true,true,true,37.00000,9.00000,-0.67976,-0.67976,72.08617
CSCO,2023-11-15,ORIGINAL92,2023-11-16,-9.83484,,,true,false,false,false,,,-1.01998,,3.80933,true,false,false,true,,22.00000,-1.01998,,5.51915,true,false,false,true,,22.00000,-1.01998,,5.47720,true,false,false,true,,22.00000,-1.01998,,4.70101,true,false,false,true,,22.00000,-1.44402,,1.64378,true,false,false,true,,22.00000,-4.93367,,-3.75660,true,true,true,true,212.00000,22.00000,-5.07909,-5.07909,23.17957
DELL,2025-08-28,ORIGINAL92,2025-08-29,-8.87728,,,true,true,true,true,15.00000,4.00000,-3.64306,-3.64306,9.61932,true,true,true,true,15.00000,4.00000,-3.64306,-3.64306,33.25247,true,true,true,true,15.00000,4.00000,-4.23634,-3.64306,4.52173,true,true,true,true,15.00000,4.00000,-5.69054,-3.64306,-2.64247,true,true,true,true,15.00000,4.00000,-9.04901,-3.64306,-1.68843,true,true,true,true,15.00000,4.00000,-9.04901,-3.64306,94.73177,true,true,true,true,15.00000,4.00000,-9.04901,-3.64306,252.36658
DELL,2025-02-27,ORIGINAL92,2025-03-03,-11.37902,,,true,false,false,true,,12.00000,-7.56582,,-4.61490,true,false,false,true,,12.00000,-30.67706,,-1.23335,true,true,true,true,50.00000,12.00000,-30.67706,-30.67706,19.81960,true,true,true,true,50.00000,12.00000,-30.67706,-30.67706,33.57405,true,true,true,true,50.00000,12.00000,-30.67706,-30.67706,38.36055,true,true,true,true,50.00000,12.00000,-30.67706,-30.67706,29.98151,true,true,true,true,50.00000,12.00000,-30.67706,-30.67706,56.79236
DELL,2024-11-26,ORIGINAL92,2024-11-27,-12.24778,,,true,false,false,false,,,-11.42467,,-5.66811,true,false,false,false,,,-19.24789,,-16.77686,true,false,false,false,,,-20.59899,,-12.95877,true,false,false,false,,,-46.52651,,-36.27901,true,false,false,false,,,-46.52651,,-8.92357,true,true,true,true,174.00000,157.00000,-46.52651,-46.52651,4.80182,true,true,true,true,174.00000,157.00000,-46.52651,-46.52651,11.29026
DIS,2023-05-10,ORIGINAL92,2023-05-11,-8.73047,,,true,false,false,false,,,-5.74152,,-0.41166,true,false,false,false,,,-5.74152,,-3.05492,true,false,false,false,,,-7.74564,,-4.52822,true,false,false,false,,,-13.60633,,-10.56224,true,false,false,false,,,-14.71032,,-12.17636,true,false,false,true,,179.00000,-14.71032,,5.35797,true,true,true,true,187.00000,179.00000,-14.71032,-14.71032,15.01994
FDX,2024-09-19,ORIGINAL92,2024-09-20,-15.23020,,,true,false,false,true,,2.00000,0.33773,,7.75998,true,false,false,true,,2.00000,0.33773,,15.63776,true,true,true,true,46.00000,2.00000,0.33773,0.33773,11.86006,true,true,true,true,46.00000,2.00000,0.33773,0.33773,4.53138,true,true,true,true,46.00000,2.00000,-4.96444,0.33773,-2.66295,true,true,true,true,46.00000,2.00000,-22.90215,0.33773,-11.11496,true,true,true,true,46.00000,2.00000,-22.90215,0.33773,-6.04901
GILD,2024-02-06,ORIGINAL92,2024-02-08,-5.04375,,,true,false,false,false,,,-3.29268,,1.78862,true,false,false,false,,,-6.17604,,-4.97141,true,false,false,false,,,-11.93908,,-10.28272,true,false,false,false,,,-15.03278,,-12.49428,true,true,true,true,115.00000,115.00000,-15.03278,-15.03278,5.99070,true,true,true,true,115.00000,115.00000,-15.03278,-15.03278,24.47813,true,true,true,true,115.00000,115.00000,-15.03278,-15.03278,35.59456
GILD,2023-11-07,ORIGINAL92,2023-11-09,-6.98424,,,true,false,false,true,,17.00000,-1.32035,,5.38810,true,true,true,true,22.00000,17.00000,-1.32035,-1.32035,15.82273,true,true,true,true,22.00000,17.00000,-1.32035,-1.32035,0.15719,true,true,true,true,22.00000,17.00000,-3.94761,-1.32035,-0.62515,true,true,true,true,22.00000,17.00000,-12.53545,-1.32035,-11.92362,true,true,true,true,22.00000,17.00000,-15.60820,-1.32035,4.68109,true,true,true,true,22.00000,17.00000,-15.60820,-1.32035,34.79008
GOOG,2025-02-04,ORIGINAL92,2025-02-05,-6.93756,,,true,false,false,false,,,-13.32644,,-9.87584,true,false,false,false,,,-21.18294,,-20.94988,true,false,false,false,,,-26.11354,,-14.12369,true,false,false,false,,,-26.11354,,-7.73055,true,false,false,false,,,-26.11354,,2.38103,true,true,true,true,138.00000,127.00000,-26.11354,-26.11354,31.68738,true,true,true,true,138.00000,127.00000,-26.11354,-26.11354,67.80023
GOOG,2024-07-23,ORIGINAL92,2024-07-24,-5.02723,,,true,false,false,false,,,-10.19097,,-3.86534,true,false,false,false,,,-14.89643,,-6.25974,true,false,false,false,,,-14.89643,,-5.53045,true,false,true,true,,69.00000,-14.89643,,-2.09644,true,true,true,true,97.00000,69.00000,-14.89643,-14.89643,13.24372,true,true,true,true,97.00000,69.00000,-17.89139,-14.89643,-8.25661,true,true,true,true,97.00000,69.00000,-17.89139,-14.89643,11.45757
GOOG,2024-01-30,ORIGINAL92,2024-01-31,-7.35054,,,true,false,false,true,,7.00000,-3.63893,,-1.42454,true,false,true,true,,7.00000,-7.22849,,7.37659,true,true,true,true,41.00000,7.00000,-7.22849,-7.22849,22.48942,true,true,true,true,41.00000,7.00000,-7.22849,-7.22849,24.70451,true,true,true,true,41.00000,7.00000,-7.22849,-7.22849,23.10891,true,true,true,true,41.00000,7.00000,-7.22849,-7.22849,16.30044,true,true,true,true,41.00000,7.00000,-7.22849,-7.22849,43.41898
HPE,2025-03-06,ORIGINAL92,2025-03-07,-11.97105,,,true,false,false,true,,11.00000,-23.70897,,-18.44862,true,false,false,true,,11.00000,-23.70897,,6.29097,true,true,true,true,46.00000,11.00000,-23.70897,-23.70897,12.79468,true,true,true,true,46.00000,11.00000,-23.70897,-23.70897,33.78753,true,true,true,true,46.00000,11.00000,-23.70897,-23.70897,48.75272,true,true,true,true,46.00000,11.00000,-23.70897,-23.70897,32.49294,true,true,true,true,46.00000,11.00000,-23.70897,-23.70897,37.05435
HPE,2024-09-04,ORIGINAL92,2024-09-05,-6.02025,,,true,true,true,true,10.00000,9.00000,-10.60091,-10.60091,16.18819,true,true,true,true,10.00000,9.00000,-10.60091,-10.60091,11.27803,true,true,true,true,10.00000,9.00000,-10.60091,-10.60091,21.15546,true,true,true,true,10.00000,9.00000,-10.60091,-10.60091,33.86425,true,true,true,true,10.00000,9.00000,-10.60091,-10.60091,13.81334,true,true,true,true,10.00000,9.00000,-30.70306,-10.60091,3.90197,true,true,true,true,10.00000,9.00000,-30.70306,-10.60091,39.31608
HPE,2023-05-30,ORIGINAL92,2023-05-31,-7.08763,,,true,true,true,true,5.00000,2.00000,0.06935,0.06935,26.87824,true,true,true,true,5.00000,2.00000,0.06935,0.06935,31.52663,true,true,true,true,5.00000,2.00000,0.06935,0.06935,26.64963,true,true,true,true,5.00000,2.00000,0.06935,0.06935,19.37186,true,true,true,true,5.00000,2.00000,0.06935,0.06935,12.14579,true,true,true,true,5.00000,2.00000,0.06935,0.06935,6.60167,true,true,true,true,5.00000,2.00000,0.06935,0.06935,26.94469
IBM,2026-04-22,ORIGINAL92,2026-04-23,-8.25062,,,true,true,true,true,20.00000,20.00000,-7.43343,-7.43343,10.27863,true,true,true,true,20.00000,20.00000,-7.43343,-7.43343,9.95168,true,true,true,true,20.00000,20.00000,-10.87733,-7.43343,-8.23556,true,true,true,true,20.00000,20.00000,-13.16599,-7.43343,1.59913,false,,,,,,,,,false,,,,,,,,,false,,,,,,,,
ISRG,2023-07-20,ORIGINAL92,2023-07-24,-6.93206,,,true,false,false,false,,,-12.69007,,-11.40129,true,false,false,false,,,-12.69007,,-7.38966,true,false,false,false,,,-17.94412,,-14.89368,true,false,false,false,,,-21.23563,,-3.95599,true,true,true,true,118.00000,110.00000,-21.23563,-21.23563,12.40883,true,true,true,true,118.00000,110.00000,-21.23563,-21.23563,20.05810,true,true,true,true,118.00000,110.00000,-21.23563,-21.23563,40.32019
ISRG,2023-01-24,ORIGINAL92,2023-01-25,-5.49655,,,true,true,true,true,6.00000,6.00000,-4.86874,-1.07055,-3.65053,true,true,true,true,6.00000,6.00000,-8.67514,-1.07055,0.27482,true,true,true,true,6.00000,6.00000,-8.67514,-1.07055,23.14192,true,true,true,true,6.00000,6.00000,-8.67514,-1.07055,30.22559,true,true,true,true,6.00000,6.00000,-8.67514,-1.07055,43.43724,true,true,true,true,6.00000,6.00000,-8.67514,-1.07055,9.15505,true,true,true,true,6.00000,6.00000,-8.67514,-1.07055,53.71616
KLAC,2026-01-29,ORIGINAL92,2026-01-30,-15.24120,,,true,false,false,true,,8.00000,-10.00742,,7.63369,true,false,false,true,,8.00000,-10.00742,,-3.05079,true,true,true,true,47.00000,8.00000,-10.00742,-10.00742,26.84851,true,true,true,true,47.00000,8.00000,-10.00742,-10.00742,49.94638,true,true,true,true,47.00000,8.00000,-10.00742,-10.00742,47.80915,false,,,,,,,,,false,,,,,,,,
NFLX,2025-10-21,ORIGINAL92,2025-10-22,-10.06807,,,true,false,false,false,,,-3.85176,,-1.46636,true,false,false,false,,,-17.27653,,-15.79853,true,false,false,false,,,-22.05093,,-21.83595,true,false,false,false,,,-32.80901,,-11.62428,true,false,false,false,,,-32.80901,,-3.44599,true,false,false,false,,,-36.52642,,-34.13474,false,,,,,,,,
NFLX,2025-07-17,ORIGINAL92,2025-07-18,-5.09587,,,true,false,false,false,,,-5.33641,,2.45692,true,false,false,false,,,-5.33641,,-0.57722,true,false,false,false,,,-6.22209,,0.80960,true,false,false,false,,,-14.55790,,-11.53948,true,false,false,false,,,-25.92041,,-25.13480,true,false,false,false,,,-37.96930,,-18.27925,true,false,false,false,,,-46.18107,,-43.21227
NFLX,2023-07-19,ORIGINAL92,2023-07-20,-8.41098,,,true,false,false,false,,,-8.19309,,-7.86887,true,false,false,false,,,-9.69091,,-9.25426,true,false,false,false,,,-19.51671,,-18.68685,true,true,true,true,88.00000,83.00000,-21.19016,-21.19016,9.54460,true,true,true,true,88.00000,83.00000,-21.19016,-21.19016,9.35257,true,true,true,true,88.00000,83.00000,-21.19016,-21.19016,43.66284,true,true,true,true,88.00000,83.00000,-21.19016,-21.19016,48.02707
NOW,2026-01-28,ORIGINAL92,2026-01-29,-9.94445,,,true,false,false,false,,,-16.04558,,-7.47023,true,false,false,true,,25.00000,-16.04558,,-14.83766,true,false,false,true,,25.00000,-30.40350,,-22.51349,true,true,true,true,84.00000,25.00000,-30.40350,-30.40350,-8.36118,true,true,true,true,84.00000,25.00000,-30.40350,-30.40350,-21.23704,false,,,,,,,,,false,,,,,,,,
NOW,2025-01-29,ORIGINAL92,2025-01-30,-11.44426,,,true,false,false,false,,,-11.30980,,-8.19452,true,false,false,false,,,-23.18835,,-21.22834,true,false,false,false,,,-32.98852,,-7.43915,true,false,false,false,,,-32.98852,,-0.29227,true,false,false,false,,,-32.98852,,-1.63614,true,false,false,false,,,-32.98852,,-10.77759,true,false,false,false,,,-44.14712,,-41.74278
PANW,2026-06-02,ORIGINAL92,2026-06-03,-5.63631,,,true,true,true,true,16.00000,12.00000,-10.44111,-10.44111,24.11654,true,true,true,true,16.00000,12.00000,-10.44111,-10.44111,18.32899,true,true,true,true,16.00000,12.00000,-10.44111,-10.44111,32.50722,false,,,,,,,,,false,,,,,,,,,false,,,,,,,,,false,,,,,,,,
PANW,2026-02-17,ORIGINAL92,2026-02-18,-6.81957,,,true,true,true,true,12.00000,10.00000,-8.38819,-8.38819,10.86971,true,true,true,true,12.00000,10.00000,-8.38819,-8.38819,9.59632,true,true,true,true,12.00000,10.00000,-8.38819,-8.38819,56.35707,true,true,true,true,12.00000,10.00000,-8.38819,-8.38819,117.91926,true,true,true,true,12.00000,10.00000,-8.38819,-8.38819,151.91992,false,,,,,,,,,false,,,,,,,,
PANW,2025-11-19,ORIGINAL92,2025-11-20,-7.41871,,,true,false,true,true,,9.00000,-2.71249,,0.97801,true,false,true,true,,9.00000,-4.23623,,-1.94521,true,false,true,true,,9.00000,-20.48954,,-18.41465,true,false,true,true,,9.00000,-24.58497,,-11.81175,true,true,true,true,115.00000,9.00000,-24.58497,-24.58497,31.20981,true,true,true,true,115.00000,9.00000,-24.58497,-24.58497,109.11547,false,,,,,,,,
PANW,2025-05-20,ORIGINAL92,2025-05-21,-6.79761,,,true,true,true,true,7.00000,6.00000,0.66203,0.66203,9.91945,true,true,true,true,7.00000,6.00000,0.66203,0.66203,10.27254,true,true,true,true,7.00000,6.00000,-8.85468,0.66203,-2.80812,true,true,true,true,7.00000,6.00000,-8.85468,0.66203,12.33587,true,true,true,true,7.00000,6.00000,-8.85468,0.66203,20.41818,true,true,true,true,7.00000,6.00000,-16.30255,0.66203,-8.41885,true,true,true,true,7.00000,6.00000,-22.99978,0.66203,43.76034
PANW,2024-02-20,ORIGINAL92,2024-02-21,-28.44109,,,true,false,false,true,,1.00000,1.15662,,7.66500,true,false,false,true,,1.00000,1.15662,,7.31763,true,false,false,true,,1.00000,1.15662,,20.92224,true,false,false,true,,1.00000,1.15662,,30.12940,true,false,false,true,,1.00000,1.15662,,27.20159,true,true,true,true,125.00000,1.00000,1.15662,1.15662,47.03210,true,true,true,true,125.00000,1.00000,1.15662,1.15662,45.35252
PANW,2023-11-15,ORIGINAL92,2023-11-16,-5.41807,,,true,true,true,true,2.00000,2.00000,0.28064,0.28064,26.82625,true,true,true,true,2.00000,2.00000,0.28064,0.28064,36.21956,true,true,true,true,2.00000,2.00000,0.28064,0.28064,52.01403,true,true,true,true,2.00000,2.00000,0.28064,0.28064,17.26372,true,true,true,true,2.00000,2.00000,0.28064,0.28064,22.76929,true,true,true,true,2.00000,2.00000,0.28064,0.28064,25.55097,true,true,true,true,2.00000,2.00000,0.28064,0.28064,59.64920
PYPL,2024-02-07,ORIGINAL92,2024-02-08,-11.24289,,,true,false,false,true,,1.00000,0.05363,,5.13095,true,true,true,true,26.00000,1.00000,0.05363,0.05363,18.18992,true,true,true,true,26.00000,1.00000,0.05363,0.05363,16.88936,true,true,true,true,26.00000,1.00000,0.05363,0.05363,5.32692,true,true,true,true,26.00000,1.00000,0.05363,0.05363,16.35489,true,true,true,true,26.00000,1.00000,0.05363,0.05363,45.55496,true,true,true,true,26.00000,1.00000,0.05363,0.05363,35.77410
PYPL,2023-08-02,ORIGINAL92,2023-08-03,-12.32241,,,true,false,false,false,,,-10.73543,,-2.60206,true,false,false,false,,,-11.91960,,-8.91243,true,false,false,false,,,-21.70458,,-21.48644,true,false,false,false,,,-21.70458,,-8.00872,true,false,false,true,,117.00000,-21.70458,,-5.40667,true,false,false,true,,117.00000,-21.70458,,-1.54254,true,false,false,true,,117.00000,-21.70458,,-5.79620
PYPL,2023-05-08,ORIGINAL92,2023-05-09,-12.73173,,,true,false,false,false,,,-10.55307,,-2.82983,true,false,false,false,,,-10.55307,,1.34284,true,true,true,true,56.00000,41.00000,-10.55307,-10.55307,-4.78719,true,true,true,true,56.00000,41.00000,-13.07185,-10.55307,-4.49890,true,true,true,true,56.00000,41.00000,-23.75389,-10.55307,-22.54002,true,true,true,true,56.00000,41.00000,-23.75389,-10.55307,-6.25901,true,true,true,true,56.00000,41.00000,-23.75389,-10.55307,-2.20772
QCOM,2026-02-04,ORIGINAL92,2026-02-05,-8.45591,,,true,false,false,true,,7.00000,-1.48451,,0.19163,true,false,false,true,,7.00000,-8.65424,,-7.16270,true,true,true,true,54.00000,7.00000,-9.92426,-9.92426,24.32947,true,true,true,true,54.00000,7.00000,-9.92426,-9.92426,58.65015,true,true,true,true,54.00000,7.00000,-9.92426,-9.92426,12.35279,false,,,,,,,,,false,,,,,,,,
QCOM,2025-07-30,ORIGINAL92,2025-07-31,-7.73293,,,true,true,true,true,18.00000,9.00000,-1.80567,-1.80567,9.56664,true,true,true,true,18.00000,9.00000,-1.80567,-1.80567,15.94638,true,true,true,true,18.00000,9.00000,-1.80567,-1.80567,15.76821,true,true,true,true,18.00000,9.00000,-1.80567,-1.80567,20.74717,true,true,true,true,18.00000,9.00000,-1.80567,-1.80567,8.68692,true,true,true,true,18.00000,9.00000,-15.43825,-1.80567,-4.67308,true,true,true,true,18.00000,9.00000,-15.43825,-1.80567,5.45424
QCOM,2024-07-31,ORIGINAL92,2024-08-01,-9.36723,,,true,false,false,true,,10.00000,-7.68896,,3.34756,true,false,false,true,,10.00000,-7.68896,,4.27390,true,false,false,true,,10.00000,-7.68896,,4.35971,true,false,true,true,,10.00000,-7.68896,,-0.96594,true,false,true,true,,10.00000,-7.93418,,6.03927,true,false,true,true,,10.00000,-25.17102,,-14.05952,true,false,true,true,,10.00000,-25.17102,,-8.57672
SBUX,2024-04-30,ORIGINAL92,2024-05-01,-15.87750,,,true,false,false,true,,12.00000,-3.54648,,6.60605,true,false,false,true,,12.00000,-3.54648,,5.37431,true,false,false,true,,12.00000,-3.54648,,1.78739,true,true,true,true,71.00000,12.00000,-3.54648,-3.54648,27.10448,true,true,true,true,71.00000,12.00000,-3.54648,-3.54648,31.84332,true,true,true,true,71.00000,12.00000,-3.54648,-3.54648,34.24820,true,true,true,true,71.00000,12.00000,-3.54648,-3.54648,12.49448
SBUX,2023-05-02,ORIGINAL92,2023-05-03,-9.17351,,,true,false,false,false,,,-6.69430,,-5.72760,true,false,false,false,,,-6.69430,,-4.23889,true,false,false,false,,,-7.63200,,-1.81248,true,false,false,false,,,-8.92765,,-6.46887,true,false,false,false,,,-13.30099,,-8.04327,true,false,false,true,,137.00000,-13.30099,,-9.05261,true,false,false,true,,137.00000,-28.56011,,-28.12756
TXN,2025-10-21,ORIGINAL92,2025-10-22,-5.60164,,,true,false,false,false,,,-9.25519,,-7.15708,true,true,true,true,29.00000,28.00000,-9.73392,-9.73392,4.13135,true,true,true,true,29.00000,28.00000,-9.73392,-9.73392,12.05098,true,true,true,true,29.00000,28.00000,-9.73392,-9.73392,20.39677,true,true,true,true,29.00000,28.00000,-9.73392,-9.73392,32.71663,true,true,true,true,29.00000,28.00000,-9.73392,-9.73392,82.68763,false,,,,,,,,
TXN,2025-07-22,ORIGINAL92,2025-07-23,-13.33985,,,true,false,false,true,,16.00000,-3.78202,,8.57511,true,false,false,true,,16.00000,-5.89652,,-1.78108,true,false,false,true,,16.00000,-7.45401,,-5.10156,true,false,false,true,,16.00000,-16.66738,,-8.18844,true,false,false,true,,16.00000,-16.66738,,2.86583,true,true,true,true,130.00000,16.00000,-16.66738,-16.66738,17.92583,true,true,true,true,130.00000,16.00000,-16.66738,-16.66738,54.32042
CVS,2025-10-29,ORIGINAL92,2025-10-30,-6.70316,,,true,false,false,true,,9.00000,-0.96492,,4.78550,true,false,false,true,,9.00000,-3.32507,,4.34216,true,true,true,true,56.00000,9.00000,-7.06531,-3.32507,-2.67428,true,true,true,true,56.00000,9.00000,-7.06531,-3.32507,0.00766,true,true,true,true,56.00000,9.00000,-8.61650,-3.32507,3.36547,true,true,true,true,56.00000,9.00000,-8.61650,-3.32507,43.33770,false,,,,,,,,
CVS,2024-05-01,ORIGINAL92,2024-05-01,-16.83651,,,true,false,false,true,,16.00000,-6.28574,,-0.47949,true,false,false,true,,16.00000,-6.28574,,4.88368,true,false,false,true,,16.00000,-6.28574,,10.57554,true,false,false,true,,16.00000,-6.28574,,2.26037,true,true,true,true,114.00000,16.00000,-6.28574,-6.28574,3.23650,true,true,true,true,114.00000,16.00000,-20.89742,-6.28574,-3.48250,true,true,true,true,114.00000,16.00000,-20.89742,-6.28574,24.67068
CVS,2023-05-03,ORIGINAL92,2023-05-04,-5.45629,,,true,false,false,false,,,-3.56157,,1.74444,true,false,true,true,,27.00000,-3.56157,,1.42463,true,true,true,true,51.00000,27.00000,-3.56157,-3.56157,8.38266,true,true,true,true,51.00000,27.00000,-5.29158,-3.56157,2.94521,true,true,true,true,51.00000,27.00000,-5.29158,-3.56157,1.30111,true,true,true,true,51.00000,27.00000,-5.29158,-3.56157,12.02120,true,true,true,true,51.00000,27.00000,-19.12455,-3.56157,-15.70580
DIS,2025-11-13,ORIGINAL92,2025-11-13,-7.74968,,,true,false,false,true,,20.00000,-5.31549,,3.70783,true,true,true,true,38.00000,20.00000,-5.31549,-5.31549,5.70060,true,true,true,true,38.00000,20.00000,-5.31549,-5.31549,1.15373,true,true,true,true,38.00000,20.00000,-11.50920,-5.31549,-11.35483,true,true,true,true,38.00000,20.00000,-13.75456,-5.31549,1.06017,true,true,true,true,38.00000,20.00000,-13.75456,-5.31549,-4.06700,false,,,,,,,,
DIS,2024-05-07,ORIGINAL92,2024-05-07,-9.51318,,,true,false,false,false,,,-4.85815,,-3.69105,true,false,false,false,,,-8.00835,,-7.02154,true,false,false,false,,,-15.16216,,-14.61881,true,false,false,false,,,-20.01412,,-12.44544,true,false,false,false,,,-20.01412,,-8.29887,true,true,true,true,140.00000,133.00000,-20.01412,-20.01412,8.51829,true,true,true,true,140.00000,133.00000,-23.30761,-20.01412,1.43310
DOW,2025-01-30,ORIGINAL92,2025-01-30,-6.09013,,,true,false,false,false,,,-4.90272,,0.69274,true,false,false,false,,,-9.83627,,-9.21537,true,false,false,false,,,-33.78746,,-20.86729,true,false,false,false,,,-33.78746,,-16.86431,true,false,false,false,,,-34.00597,,-32.11037,true,false,false,false,,,-44.75160,,-39.86520,true,false,false,false,,,-44.75160,,-19.48411
GE,2026-04-21,ORIGINAL92,2026-04-21,-5.55665,,,true,true,true,true,11.00000,11.00000,-6.21491,-6.21491,-0.50570,true,true,true,true,11.00000,11.00000,-6.21491,-6.21491,24.51784,true,true,true,true,11.00000,11.00000,-6.21491,-6.21491,21.80965,true,true,true,true,11.00000,11.00000,-6.21491,-6.21491,19.62719,false,,,,,,,,,false,,,,,,,,,false,,,,,,,,
GE,2026-01-22,ORIGINAL92,2026-01-22,-7.37834,,,true,true,true,true,11.00000,8.00000,-1.67119,-1.67119,16.34576,true,true,true,true,11.00000,8.00000,-4.16908,-1.67119,-2.64143,true,true,true,true,11.00000,8.00000,-8.07306,-1.67119,3.06517,true,true,true,true,11.00000,8.00000,-8.71128,-1.67119,7.85859,true,true,true,true,11.00000,8.00000,-8.71128,-1.67119,17.51363,true,true,true,true,11.00000,8.00000,-8.71128,-1.67119,4.91648,false,,,,,,,,
GE,2024-10-22,ORIGINAL92,2024-10-22,-9.04598,,,true,false,false,true,,13.00000,-3.52655,,0.50945,true,false,false,true,,13.00000,-9.65697,,-9.45885,true,false,false,true,,13.00000,-9.65697,,6.30899,true,true,true,true,62.00000,13.00000,-9.65697,-9.65697,14.81371,true,true,true,true,62.00000,13.00000,-9.65697,-9.65697,3.63820,true,true,true,true,62.00000,13.00000,-9.65697,-9.65697,50.56169,true,true,true,true,62.00000,13.00000,-9.65697,-9.65697,73.07244
HON,2025-02-06,ORIGINAL92,2025-02-06,-5.63526,,,true,false,false,false,,,-3.94624,,2.78719,true,false,false,false,,,-8.62136,,-8.48720,true,false,false,false,,,-14.05971,,2.65782,true,true,true,true,68.00000,65.00000,-14.05971,-14.05971,6.81359,true,true,true,true,68.00000,65.00000,-14.05971,-14.05971,7.08329,true,true,true,true,68.00000,65.00000,-14.05971,-14.05971,4.63444,true,true,true,true,68.00000,65.00000,-14.05971,-14.05971,16.80316
HON,2024-10-24,ORIGINAL92,2024-10-24,-5.10121,,,true,true,true,true,12.00000,11.00000,-2.90292,-2.90292,8.65759,true,true,true,true,12.00000,11.00000,-2.90292,-2.90292,9.72931,true,true,true,true,12.00000,11.00000,-2.90292,-2.90292,8.45093,true,true,true,true,12.00000,11.00000,-3.14101,-2.90292,3.64888,true,true,true,true,12.00000,11.00000,-13.33926,-2.90292,-6.15457,true,true,true,true,12.00000,11.00000,-13.33926,-2.90292,15.76086,true,true,true,true,12.00000,11.00000,-13.33926,-2.90292,4.66709
HON,2024-07-25,ORIGINAL92,2024-07-25,-5.24222,,,true,false,false,false,,,-3.39837,,-0.60010,true,false,false,false,,,-3.39837,,0.99415,true,true,true,true,53.00000,53.00000,-3.39837,-3.39837,10.26664,true,true,true,true,53.00000,53.00000,-3.39837,-3.39837,14.76731,true,true,true,true,53.00000,53.00000,-3.39837,-3.39837,11.14387,true,true,true,true,53.00000,53.00000,-10.00290,-3.39837,0.47903,true,true,true,true,53.00000,53.00000,-10.00290,-3.39837,11.82042
HON,2023-07-27,ORIGINAL92,2023-07-27,-5.69000,,,true,false,false,false,,,-5.25797,,-5.21190,true,false,false,false,,,-6.19992,,-2.84680,true,false,false,false,,,-8.29881,,-7.17769,true,false,false,false,,,-10.47449,,2.14304,true,true,true,true,105.00000,98.00000,-10.47449,-10.47449,3.05448,true,true,true,true,105.00000,98.00000,-10.47449,-10.47449,0.46770,true,true,true,true,105.00000,98.00000,-10.47449,-10.47449,4.83059
JCI,2025-07-29,ORIGINAL92,2025-07-29,-7.42468,,,true,false,false,true,,20.00000,-1.11391,,5.05618,true,false,false,true,,20.00000,-1.11391,,3.57762,true,true,true,true,59.00000,20.00000,-1.11391,-1.11391,5.52201,true,true,true,true,59.00000,20.00000,-1.11391,-1.11391,11.02463,true,true,true,true,59.00000,20.00000,-1.11391,-1.11391,11.74858,true,true,true,true,59.00000,20.00000,-1.11391,-1.11391,34.58799,true,true,true,true,59.00000,20.00000,-1.11391,-1.11391,41.17123
JCI,2023-12-12,ORIGINAL92,2023-12-12,-5.97490,,,true,true,true,true,8.00000,6.00000,-2.80128,-2.80128,9.39642,true,true,true,true,8.00000,6.00000,-2.80128,-2.80128,5.06146,true,true,true,true,8.00000,6.00000,-2.80128,-2.80128,15.87048,true,true,true,true,8.00000,6.00000,-2.80128,-2.80128,24.07543,true,true,true,true,8.00000,6.00000,-2.80128,-2.80128,36.98369,true,true,true,true,8.00000,6.00000,-2.80128,-2.80128,39.45408,true,true,true,true,8.00000,6.00000,-2.80128,-2.80128,60.30062
JCI,2023-08-02,ORIGINAL92,2023-08-02,-9.25318,,,true,false,false,false,,,-8.95358,,-7.11251,true,false,false,false,,,-18.47816,,-15.73753,true,false,false,false,,,-24.11783,,-22.54949,true,false,false,false,,,-24.11783,,-11.15925,true,false,false,false,,,-24.11783,,-12.23826,true,false,false,true,,167.00000,-24.11783,,2.12661,true,true,true,true,200.00000,167.00000,-24.11783,-24.11783,8.74884
JCI,2023-02-01,ORIGINAL92,2023-02-02,-7.18701,,,true,false,false,false,,,-3.85628,,0.99117,true,false,false,false,,,-11.37287,,-6.16868,true,false,false,false,,,-14.45800,,-7.11915,true,false,false,false,,,-14.45800,,0.85854,true,true,true,true,109.00000,99.00000,-14.45800,-14.45800,8.62261,true,true,true,true,109.00000,99.00000,-23.26038,-14.45800,-23.15784,true,true,true,true,109.00000,99.00000,-24.43565,-14.45800,-15.27436
LOW,2026-02-25,ORIGINAL92,2026-02-25,-5.58886,,,true,false,false,false,,,-14.77834,,-10.20455,true,false,false,false,,,-14.77834,,-5.81574,true,false,false,false,,,-20.53895,,-16.94411,true,false,false,false,,,-22.29627,,-15.61084,true,false,false,false,,,-23.35359,,-17.11117,false,,,,,,,,,false,,,,,,,,
LOW,2023-03-01,ORIGINAL92,2023-03-01,-5.56015,,,true,false,false,true,,6.00000,-3.53559,,-1.21970,true,true,true,true,33.00000,6.00000,-3.53559,-3.53559,5.78596,true,true,true,true,33.00000,6.00000,-3.53559,-3.53559,3.98088,true,true,true,true,33.00000,6.00000,-3.53559,-3.53559,18.66461,true,true,true,true,33.00000,6.00000,-3.53559,-3.53559,17.30753,true,true,true,true,33.00000,6.00000,-4.94520,-3.53559,7.07713,true,true,true,true,33.00000,6.00000,-4.94520,-3.53559,28.54503
PYPL,2026-05-05,ORIGINAL92,2026-05-05,-7.73963,,,true,false,false,false,,,-8.98042,,-8.34588,true,false,false,false,,,-13.24475,,-1.87161,true,true,true,true,48.00000,48.00000,-13.24475,-13.24475,23.46438,true,true,true,true,48.00000,48.00000,-13.24475,-13.24475,16.88966,false,,,,,,,,,false,,,,,,,,,false,,,,,,,,
PYPL,2026-02-03,ORIGINAL92,2026-02-03,-20.31340,,,true,false,false,true,,13.00000,-7.76978,,12.44975,true,false,false,true,,13.00000,-7.76978,,7.35042,true,false,true,true,,13.00000,-7.76978,,20.60386,true,false,true,true,,13.00000,-7.76978,,0.22315,true,true,true,true,111.00000,13.00000,-7.76978,-7.76978,40.74198,false,,,,,,,,,false,,,,,,,,
PYPL,2025-07-29,ORIGINAL92,2025-07-29,-8.65508,,,true,false,false,false,,,-6.82995,,-1.77747,true,false,false,false,,,-8.69839,,-5.02449,true,false,false,true,,49.00000,-8.69839,,-4.73058,true,false,true,true,,49.00000,-18.63669,,-13.40419,true,false,true,true,,49.00000,-22.82410,,-22.73292,true,false,true,true,,49.00000,-46.04771,,-29.91420,true,false,true,true,,49.00000,-46.04771,,-18.61543
PYPL,2025-02-04,ORIGINAL92,2025-02-04,-13.16613,,,true,false,false,false,,,-14.64780,,-10.58218,true,false,false,false,,,-18.43036,,-13.60566,true,false,false,false,,,-28.14410,,-15.84432,true,false,false,false,,,-28.14410,,-8.87102,true,false,false,false,,,-28.14410,,-8.07334,true,false,false,false,,,-28.14410,,-12.42200,true,false,false,false,,,-49.86184,,-48.54649
PYPL,2024-10-29,ORIGINAL92,2024-10-30,-6.42421,,,true,true,true,true,8.00000,6.00000,-2.25007,-2.25007,10.67502,true,true,true,true,8.00000,6.00000,-2.25007,-2.25007,11.04577,true,true,true,true,8.00000,6.00000,-2.25007,-2.25007,13.47481,true,true,true,true,8.00000,6.00000,-15.18793,-2.25007,-14.45922,true,true,true,true,8.00000,6.00000,-28.59882,-2.25007,-16.46638,true,true,true,true,8.00000,6.00000,-28.59882,-2.25007,-1.99437,true,true,true,true,8.00000,6.00000,-28.59882,-2.25007,-12.63104
TGT,2024-11-20,ORIGINAL92,2024-11-20,-21.41012,,,true,false,false,true,,3.00000,-0.92836,,7.15577,true,false,false,true,,3.00000,-0.92836,,11.54289,true,false,false,true,,3.00000,-0.92836,,6.16391,true,false,false,true,,3.00000,-22.94355,,-21.88298,true,false,false,true,,3.00000,-27.62493,,-17.38639,true,false,false,true,,3.00000,-27.62493,,-10.74696,true,false,false,true,,3.00000,-28.42495,,-27.48137
TGT,2024-05-22,ORIGINAL92,2024-05-22,-8.03056,,,true,true,true,true,6.00000,6.00000,-2.71515,-1.05395,1.99623,true,true,true,true,6.00000,6.00000,-2.71515,-1.05395,5.40937,true,true,true,true,6.00000,6.00000,-7.57311,-1.05395,0.94926,true,true,true,true,6.00000,6.00000,-7.57311,-1.05395,7.06380,true,true,true,true,6.00000,6.00000,-7.57311,-1.05395,9.49067,true,true,true,true,6.00000,6.00000,-14.82780,-1.05395,-6.15541,true,true,true,true,6.00000,6.00000,-37.58224,-1.05395,-29.90146
UPS,2025-01-30,ORIGINAL92,2025-01-30,-14.11272,,,true,false,false,true,,20.00000,-4.78677,,5.07719,true,false,false,true,,20.00000,-4.78677,,-3.19445,true,false,false,true,,20.00000,-20.06436,,-14.29098,true,false,false,true,,20.00000,-20.06436,,-8.06232,true,false,false,true,,20.00000,-20.06436,,-7.99951,true,false,false,true,,20.00000,-25.03159,,-20.99975,true,false,false,true,,20.00000,-25.03159,,2.56678
ADP,2023-01-25,HOLDOUT72,2023-01-26,-5.73698,false,-1.74764,true,false,false,false,,,-3.07856,,-1.70785,true,false,false,false,,,-6.29929,,-4.47470,true,false,false,false,,,-6.29929,,-3.87692,true,false,false,false,,,-10.12690,,-3.31036,true,true,true,true,119.00000,117.00000,-10.12690,-10.12690,6.37777,true,true,true,true,119.00000,117.00000,-10.12690,-10.12690,11.60894,true,true,true,true,119.00000,117.00000,-10.12690,-10.12690,7.84398
ADP,2023-10-25,HOLDOUT72,2023-10-25,-9.19942,false,5.00000,true,false,false,true,,14.00000,-5.86269,,5.87185,true,true,true,true,34.00000,14.00000,-5.86269,-5.86269,5.51831,true,true,true,true,34.00000,14.00000,-5.86269,-5.86269,10.75759,true,true,true,true,34.00000,14.00000,-5.86269,-5.86269,12.32430,true,true,true,true,34.00000,14.00000,-5.86269,-5.86269,12.15282,true,true,true,true,34.00000,14.00000,-5.86269,-5.86269,14.58460,true,true,true,true,34.00000,14.00000,-5.86269,-5.86269,34.90582
ADP,2025-10-29,HOLDOUT72,2025-10-29,-6.58370,true,-5.00000,true,false,false,false,,,-5.37344,,-2.63762,true,false,false,false,,,-5.37344,,-0.27059,true,false,false,false,,,-5.37344,,-1.93891,true,false,false,false,,,-21.68521,,-17.93245,true,false,false,false,,,-26.90414,,-22.87563,true,false,false,false,,,-26.90414,,-3.62346,false,,,,,,,,
AMAT,2024-11-14,HOLDOUT72,2024-11-15,-9.20430,false,5.00000,true,false,true,true,,4.00000,-1.20198,,0.54974,true,true,true,true,40.00000,4.00000,-5.65382,-5.65382,10.68128,true,true,true,true,40.00000,4.00000,-5.65382,-5.65382,0.42510,true,true,true,true,40.00000,4.00000,-16.02447,-5.65382,-13.66868,true,true,true,true,40.00000,4.00000,-26.38964,-5.65382,2.93487,true,true,true,true,40.00000,4.00000,-26.38964,-5.65382,10.29116,true,true,true,true,40.00000,4.00000,-26.38964,-5.65382,40.67770
AMAT,2025-02-13,HOLDOUT72,2025-02-14,-8.17822,true,-5.00000,true,false,false,true,,3.00000,-13.88603,,-7.90894,true,false,false,true,,3.00000,-26.70124,,-14.38363,true,false,false,true,,3.00000,-26.70124,,2.49914,true,true,true,true,90.00000,3.00000,-26.70124,-26.70124,9.02232,true,true,true,true,90.00000,3.00000,-26.70124,-26.70124,9.82430,true,true,true,true,90.00000,3.00000,-26.70124,-26.70124,41.61928,true,true,true,true,90.00000,3.00000,-26.70124,-26.70124,120.44726
AMAT,2025-05-15,HOLDOUT72,2025-05-16,-5.25322,true,-5.00000,true,true,true,true,18.00000,16.00000,-7.04451,-7.04451,6.93485,true,true,true,true,18.00000,16.00000,-7.04451,-7.04451,17.99478,true,true,true,true,18.00000,16.00000,-7.04451,-7.04451,15.09957,true,true,true,true,18.00000,16.00000,-7.04451,-7.04451,21.24253,true,true,true,true,18.00000,16.00000,-7.04451,-7.04451,41.85255,true,true,true,true,18.00000,16.00000,-7.04451,-7.04451,81.12477,true,true,true,true,18.00000,16.00000,-7.04451,-7.04451,147.96169
AMAT,2025-08-14,HOLDOUT72,2025-08-15,-14.06980,false,5.00000,true,false,false,true,,18.00000,-4.23313,,5.97502,true,true,true,true,23.00000,18.00000,-4.23313,-4.23313,36.07557,true,true,true,true,23.00000,18.00000,-4.23313,-4.23313,45.74743,true,true,true,true,23.00000,18.00000,-4.23313,-4.23313,61.65645,true,true,true,true,23.00000,18.00000,-4.23313,-4.23313,100.34517,true,true,true,true,23.00000,18.00000,-4.23313,-4.23313,155.52215,true,true,true,true,23.00000,18.00000,-4.23313,-4.23313,220.30109
CMCSA,2023-10-26,HOLDOUT72,2023-10-26,-8.42105,false,5.30713,true,true,true,true,6.00000,3.00000,-3.15453,-3.15453,8.76117,true,true,true,true,6.00000,3.00000,-3.15453,-3.15453,12.38825,true,true,true,true,6.00000,3.00000,-3.15453,-3.15453,12.62222,true,true,true,true,6.00000,3.00000,-3.15453,-3.15453,7.32537,true,true,true,true,6.00000,3.00000,-3.15453,-3.15453,4.23269,true,true,true,true,6.00000,3.00000,-5.63626,-3.15453,6.00040,true,true,true,true,6.00000,3.00000,-5.63626,-3.15453,10.08312
CMCSA,2024-04-25,HOLDOUT72,2024-04-25,-5.81945,false,-0.20715,true,false,false,true,,9.00000,-3.80248,,2.13889,true,false,false,true,,9.00000,-3.80248,,1.61077,true,true,true,true,56.00000,9.00000,-3.80248,-3.80248,2.52285,true,true,true,true,56.00000,9.00000,-3.80248,-3.80248,2.94881,true,true,true,true,56.00000,9.00000,-3.80248,-3.80248,13.32207,true,true,true,true,56.00000,9.00000,-3.80248,-3.80248,-1.60189,true,true,true,true,56.00000,9.00000,-14.19211,-3.80248,-7.36897
CMCSA,2025-01-30,HOLDOUT72,2025-01-30,-11.00107,false,5.00000,true,false,false,true,,8.00000,-1.92481,,7.90977,true,true,true,true,25.00000,8.00000,-1.92481,-1.92481,10.13534,true,true,true,true,25.00000,8.00000,-4.58613,-1.92481,2.48494,true,true,true,true,25.00000,8.00000,-4.58613,-1.92481,8.09930,true,true,true,true,25.00000,8.00000,-4.58613,-1.92481,8.32456,true,true,true,true,25.00000,8.00000,-9.77729,-1.92481,-8.57019,true,true,true,true,25.00000,8.00000,-20.30069,-1.92481,-8.71207
CMCSA,2026-04-23,HOLDOUT72,2026-04-24,-6.16275,true,-5.00000,true,false,false,false,,,-10.99419,,-8.54499,true,false,false,false,,,-19.72061,,-17.27141,true,false,false,false,,,-19.72061,,-13.49614,true,false,false,false,,,-21.73461,,-1.39590,false,,,,,,,,,false,,,,,,,,,false,,,,,,,,
COP,2023-02-02,HOLDOUT72,2023-02-02,-5.43755,false,5.00000,true,false,false,false,,,-7.08140,,-1.95536,true,false,false,false,,,-17.39324,,-9.91117,true,false,false,false,,,-17.39324,,-6.89640,true,false,false,false,,,-17.39324,,-5.61318,true,true,true,true,118.00000,117.00000,-17.39324,-17.39324,6.31242,true,true,true,true,118.00000,117.00000,-17.39324,-17.39324,14.98539,true,true,true,true,118.00000,117.00000,-17.39324,-17.39324,2.43996
CPRT,2024-09-04,HOLDOUT72,2024-09-05,-6.67295,false,5.00000,true,false,false,true,,10.00000,-2.94890,,5.41305,true,true,true,true,23.00000,10.00000,-2.94890,-2.94890,3.95880,true,true,true,true,23.00000,10.00000,-2.94890,-2.94890,28.03474,true,true,true,true,23.00000,10.00000,-2.94890,-2.94890,13.91638,true,true,true,true,23.00000,10.00000,-2.94890,-2.94890,10.68471,true,true,true,true,23.00000,10.00000,-2.94890,-2.94890,6.68552,true,true,true,true,23.00000,10.00000,-9.00828,-2.94890,-2.90850
CPRT,2025-05-22,HOLDOUT72,2025-05-23,-11.52324,true,-5.48734,true,false,false,false,,,-11.81293,,-9.35346,true,false,false,false,,,-15.18539,,-12.74455,true,false,false,false,,,-16.06111,,-11.29122,true,false,false,false,,,-17.58897,,-16.95547,true,false,false,false,,,-26.26234,,-22.45202,true,false,false,false,,,-30.29625,,-26.38345,true,false,false,false,,,-40.00373,,-38.79262
CPRT,2025-11-20,HOLDOUT72,2025-11-24,-5.14383,false,0.97636,true,false,false,false,,,-1.87612,,0.61681,true,true,true,true,35.00000,35.00000,-3.85505,-3.85505,6.39938,true,true,true,true,35.00000,35.00000,-13.10717,-3.85505,-9.12362,true,true,true,true,35.00000,35.00000,-17.24492,-3.85505,-14.90619,true,true,true,true,35.00000,35.00000,-17.24492,-3.85505,-14.88049,true,true,true,true,35.00000,35.00000,-31.09740,-3.85505,-18.76124,false,,,,,,,,
CPRT,2026-02-19,HOLDOUT72,2026-02-23,-6.08234,false,5.00000,true,true,true,true,4.00000,3.00000,-8.93665,-1.78167,-5.57127,true,true,true,true,4.00000,3.00000,-8.93665,-1.78167,-4.58145,true,true,true,true,4.00000,3.00000,-8.93665,-1.78167,-6.33484,true,true,true,true,4.00000,3.00000,-21.25283,-1.78167,-15.13009,true,true,true,true,4.00000,3.00000,-24.17986,-1.78167,-10.60520,false,,,,,,,,,false,,,,,,,,
DAL,2024-07-11,HOLDOUT72,2024-07-12,-6.91421,true,-5.00000,true,false,false,true,,2.00000,-14.21369,,-9.58964,true,false,false,true,,2.00000,-14.21369,,0.48662,true,true,true,true,47.00000,2.00000,-14.21369,-14.21369,13.80662,true,true,true,true,47.00000,2.00000,-14.21369,-14.21369,45.91408,true,true,true,true,47.00000,2.00000,-14.21369,-14.21369,36.29261,true,true,true,true,47.00000,2.00000,-14.21369,-14.21369,-1.88552,true,true,true,true,47.00000,2.00000,-19.66038,-14.21369,28.88441
DG,2023-08-31,HOLDOUT72,2023-08-31,-12.15273,true,-5.00000,true,false,false,false,,,-25.43682,,-23.61011,true,false,false,false,,,-26.60376,,-13.36790,true,false,false,false,,,-26.60376,,-8.75023,true,false,false,false,,,-26.60376,,-2.24109,true,false,false,true,,116.00000,-26.60376,,2.38214,true,true,true,true,129.00000,116.00000,-26.60376,-26.60376,0.88110,true,true,true,true,129.00000,116.00000,-39.20887,-26.60376,-38.39273
DG,2023-12-07,HOLDOUT72,2023-12-08,-5.00299,false,5.00000,true,true,true,true,12.00000,11.00000,-3.71011,-3.71011,7.91278,true,true,true,true,12.00000,11.00000,-3.71011,-3.71011,6.80752,true,true,true,true,12.00000,11.00000,-3.71011,-3.71011,25.47061,true,true,true,true,12.00000,11.00000,-3.71011,-3.71011,14.75553,true,true,true,true,12.00000,11.00000,-3.71011,-3.71011,10.58750,true,true,true,true,12.00000,11.00000,-9.11949,-3.71011,-1.42207,true,true,true,true,12.00000,11.00000,-42.18711,-3.71011,-33.95446
DG,2024-03-14,HOLDOUT72,2024-03-14,-5.12739,true,-5.00000,true,true,true,true,13.00000,5.00000,-1.36791,-0.16660,-1.15387,true,true,true,true,13.00000,5.00000,-9.91611,-0.16660,-5.72228,true,true,true,true,13.00000,5.00000,-15.72862,-0.16660,-14.59154,true,true,true,true,13.00000,5.00000,-22.07069,-0.16660,-21.35174,true,true,true,true,13.00000,5.00000,-47.61710,-0.16660,-45.97090,true,true,true,true,13.00000,5.00000,-51.19957,-0.16660,-47.71479,true,true,true,true,13.00000,5.00000,-54.69736,-0.16660,-44.48159
DG,2026-03-12,HOLDOUT72,2026-03-12,-6.13781,true,-5.00000,true,false,false,false,,,-15.17470,,-14.46944,true,false,false,false,,,-16.66443,,-16.27273,true,false,false,false,,,-26.41253,,-21.05440,true,false,false,false,,,-26.41253,,-10.68309,true,false,false,false,,,-26.41253,,-2.77203,false,,,,,,,,,false,,,,,,,,
DLTR,2023-05-25,HOLDOUT72,2023-05-25,-12.03090,true,-5.00000,true,false,false,true,,17.00000,-5.71491,,4.93927,true,false,false,true,,17.00000,-5.71491,,11.16640,true,false,false,true,,17.00000,-5.71491,,2.96356,true,false,false,true,,17.00000,-24.79877,,-23.33528,true,false,false,true,,17.00000,-24.79877,,-13.12747,true,false,false,true,,17.00000,-24.79877,,2.30499,true,false,false,true,,17.00000,-24.79877,,-17.29840
DLTR,2023-08-24,HOLDOUT72,2023-08-24,-12.89551,true,-5.00000,true,false,false,false,,,-15.97159,,-15.64417,true,false,false,false,,,-17.04068,,-10.77656,true,false,false,false,,,-17.04068,,-7.16823,true,true,true,true,87.00000,77.00000,-17.04068,-17.04068,10.36487,true,true,true,true,87.00000,77.00000,-17.04068,-17.04068,14.74814,true,true,true,true,87.00000,77.00000,-17.04068,-17.04068,-2.97062,true,true,true,true,87.00000,77.00000,-26.21892,-17.04068,-22.06167
DLTR,2024-03-13,HOLDOUT72,2024-03-13,-14.20937,false,5.00000,true,false,false,true,,12.00000,-3.43404,,1.42501,true,false,false,true,,12.00000,-9.23922,,-6.43981,true,false,false,true,,12.00000,-13.78290,,-13.33904,true,false,false,true,,12.00000,-20.70550,,-16.67186,true,false,false,true,,12.00000,-52.64367,,-50.50615,true,false,false,true,,12.00000,-52.89675,,-44.32331,true,false,false,true,,12.00000,-52.89675,,-48.76966
EOG,2026-05-05,HOLDOUT72,2026-05-07,-7.05156,false,5.00000,true,true,true,true,7.00000,6.00000,-1.29116,-1.29116,5.26396,true,true,true,true,7.00000,6.00000,-2.74276,-1.29116,2.78860,true,true,true,true,7.00000,6.00000,-2.74276,-1.29116,10.46308,true,true,true,true,7.00000,6.00000,-2.74276,-1.29116,11.54831,false,,,,,,,,,false,,,,,,,,,false,,,,,,,,
EW,2023-07-26,HOLDOUT72,2023-07-27,-9.77846,true,-5.00000,true,false,false,false,,,-9.32624,,-9.26576,true,false,false,false,,,-15.89452,,-15.73727,true,false,false,false,,,-17.27350,,-15.95500,true,false,false,false,,,-26.73279,,-16.31789,true,false,false,false,,,-26.73279,,-9.95524,true,true,true,true,154.00000,132.00000,-26.73279,-26.73279,7.89888,true,true,true,true,154.00000,132.00000,-28.71658,-26.73279,-22.89827
FIS,2025-02-11,HOLDOUT72,2025-02-11,-11.49286,true,-5.00000,true,false,false,false,,,-8.57656,,-6.36348,true,false,false,false,,,-8.57656,,-0.46652,true,false,false,true,,47.00000,-8.57656,,7.10742,true,false,true,true,,47.00000,-8.57656,,11.19833,true,true,true,true,91.00000,47.00000,-8.57656,-8.57656,-0.23921,true,true,true,true,91.00000,47.00000,-17.31426,-8.57656,-14.54927,true,true,true,true,91.00000,47.00000,-35.47460,-8.57656,-34.36716
FIS,2025-08-05,HOLDOUT72,2025-08-05,-8.53597,false,-1.91210,true,false,false,false,,,-6.39712,,-5.58017,true,false,false,false,,,-12.25521,,-7.36658,true,false,false,false,,,-17.11600,,-14.34437,true,false,false,false,,,-17.11600,,-5.77776,true,false,false,false,,,-19.03390,,-18.64154,true,false,false,false,,,-38.80990,,-35.35431,true,false,false,false,,,-46.50926,,-38.80442
FIS,2026-05-08,HOLDOUT72,2026-05-08,-7.95767,true,-5.00000,true,false,false,false,,,-9.12854,,-9.08255,true,false,false,false,,,-12.97465,,-5.02097,true,true,true,true,55.00000,55.00000,-12.97465,-12.97465,-0.36970,true,true,true,true,55.00000,55.00000,-14.78035,-12.97465,-14.29809,false,,,,,,,,,false,,,,,,,,,false,,,,,,,,
FSLR,2026-02-24,HOLDOUT72,2026-02-25,-13.60553,false,5.00000,true,false,false,false,,,-11.40063,,-7.90501,true,false,false,false,,,-12.91167,,-6.62955,true,true,true,true,60.00000,48.00000,-12.91167,-12.91167,18.44660,true,true,true,true,60.00000,48.00000,-12.91167,-12.91167,8.37617,true,true,true,true,60.00000,48.00000,-12.91167,-12.91167,4.70683,false,,,,,,,,,false,,,,,,,,
FTNT,2025-05-07,HOLDOUT72,2025-05-08,-8.41454,false,0.14288,true,false,false,true,,3.00000,-2.37364,,7.36648,true,true,true,true,40.00000,3.00000,-2.37364,-2.37364,10.02660,true,true,true,true,40.00000,3.00000,-2.37364,-2.37364,-1.56538,true,true,true,true,40.00000,3.00000,-28.25865,-2.37364,-17.85349,true,true,true,true,40.00000,3.00000,-28.25865,-2.37364,-13.83262,true,true,true,true,40.00000,3.00000,-28.25865,-2.37364,-16.40065,true,true,true,true,40.00000,3.00000,-28.25865,-2.37364,18.10927
FTNT,2025-08-06,HOLDOUT72,2025-08-07,-22.03355,false,5.00000,true,false,false,true,,4.00000,-3.28021,,4.68792,true,false,false,true,,4.00000,-3.28021,,13.93094,true,false,false,true,,4.00000,-3.28021,,14.78088,true,false,false,true,,4.00000,-3.28021,,8.26029,true,false,false,true,,4.00000,-3.28021,,8.24701,true,false,false,true,,4.00000,-3.28021,,13.77158,true,true,true,true,188.00000,4.00000,-3.28021,-3.28021,118.07437
FTNT,2025-11-05,HOLDOUT72,2025-11-06,-6.33795,true,-5.00000,true,true,true,true,20.00000,19.00000,-4.18426,-4.18426,7.92153,true,true,true,true,20.00000,19.00000,-4.18426,-4.18426,-2.60740,true,true,true,true,20.00000,19.00000,-8.67892,-4.18426,0.72014,true,true,true,true,20.00000,19.00000,-8.67892,-4.18426,3.20338,true,true,true,true,20.00000,19.00000,-8.67892,-4.18426,7.13931,true,true,true,true,20.00000,19.00000,-8.67892,-4.18426,90.24087,false,,,,,,,,
GLW,2026-01-28,HOLDOUT72,2026-01-29,-6.14179,true,-5.00000,true,true,true,true,2.00000,2.00000,-1.10680,-1.10680,46.27250,true,true,true,true,2.00000,2.00000,-1.10680,-1.10680,33.07315,true,true,true,true,2.00000,2.00000,-1.10680,-1.10680,63.42095,true,true,true,true,2.00000,2.00000,-1.10680,-1.10680,69.44828,true,true,true,true,2.00000,2.00000,-1.10680,-1.10680,52.03000,false,,,,,,,,,false,,,,,,,,
GLW,2026-04-28,HOLDOUT72,2026-04-28,-8.90423,false,5.00000,true,true,true,true,6.00000,2.00000,-3.18850,-3.18850,24.72395,true,true,true,true,6.00000,2.00000,-3.18850,-3.18850,49.20579,true,true,true,true,6.00000,2.00000,-4.50594,-3.18850,-4.03478,true,true,true,true,6.00000,2.00000,-25.07319,-3.18850,1.16137,false,,,,,,,,,false,,,,,,,,,false,,,,,,,,
GPN,2023-05-01,HOLDOUT72,2023-05-01,-8.61503,true,-5.00000,true,false,false,false,,,-6.07767,,-3.75728,true,false,false,false,,,-7.00971,,-2.02133,true,true,true,true,49.00000,44.00000,-7.00971,-7.00971,8.96391,true,true,true,true,49.00000,44.00000,-7.00971,-7.00971,27.12792,true,true,true,true,49.00000,44.00000,-7.00971,-7.00971,8.59311,true,true,true,true,49.00000,44.00000,-7.00971,-7.00971,24.75253,true,true,true,true,49.00000,44.00000,-7.00971,-7.00971,6.97647
GPN,2024-05-01,HOLDOUT72,2024-05-01,-11.16722,true,-5.00000,true,false,false,false,,,-8.84834,,-7.78471,true,false,false,false,,,-15.78470,,-11.09586,true,false,false,false,,,-15.78470,,-6.61847,true,false,false,false,,,-15.78470,,0.54351,true,false,false,true,,97.00000,-15.78470,,-8.48705,true,false,false,true,,97.00000,-15.78470,,0.26244,true,false,false,true,,97.00000,-38.94926,,-26.61503
HAL,2023-04-25,HOLDOUT72,2023-04-26,-7.97795,true,-5.00000,true,false,false,false,,,-12.23203,,-2.83732,true,false,false,true,,33.00000,-12.23203,,-2.11402,true,true,true,true,49.00000,33.00000,-12.23203,-12.23203,21.24045,true,true,true,true,49.00000,33.00000,-12.23203,-12.23203,29.49291,true,true,true,true,49.00000,33.00000,-12.23203,-12.23203,36.93795,true,true,true,true,49.00000,33.00000,-12.23203,-12.23203,10.18836,true,true,true,true,49.00000,33.00000,-12.23203,-12.23203,23.76102
HAL,2024-07-19,HOLDOUT72,2024-07-19,-5.59824,true,-5.00000,true,false,false,false,,,-11.90407,,-8.77907,true,false,false,false,,,-19.52716,,-16.93975,true,false,false,false,,,-19.52716,,-10.59548,true,false,false,false,,,-20.30192,,-6.47317,true,false,false,false,,,-25.01640,,-20.72491,true,false,false,false,,,-44.58471,,-42.98619,true,false,false,false,,,-44.58471,,-34.41829
HSY,2023-10-26,HOLDOUT72,2023-10-27,-5.32730,false,5.00000,true,true,true,true,11.00000,11.00000,-0.20368,-0.20368,2.95717,true,true,true,true,11.00000,11.00000,-2.27812,-0.20368,0.22476,true,true,true,true,11.00000,11.00000,-2.27812,-0.20368,3.48179,true,true,true,true,11.00000,11.00000,-2.27812,-0.20368,7.08530,true,true,true,true,11.00000,11.00000,-2.27812,-0.20368,2.55553,true,true,true,true,11.00000,11.00000,-2.27812,-0.20368,7.12831,true,true,true,true,11.00000,11.00000,-2.27812,-0.20368,0.44755
KDP,2023-04-27,HOLDOUT72,2023-04-27,-5.52113,false,-4.32217,true,false,false,false,,,-6.76804,,-5.93322,true,false,false,false,,,-8.48241,,-7.21527,true,false,false,false,,,-8.56141,,-3.00968,true,false,false,false,,,-8.56141,,-0.36885,true,false,false,false,,,-16.44180,,-13.01245,true,false,false,false,,,-16.44180,,-3.18857,true,false,false,true,,250.00000,-16.44180,,3.22124
KDP,2024-10-24,HOLDOUT72,2024-10-25,-5.77657,true,-5.00000,true,false,false,false,,,-10.62753,,-5.55234,true,false,false,false,,,-10.62753,,-6.73800,true,false,false,false,,,-12.26225,,-9.26192,true,false,false,false,,,-12.26225,,-5.21293,true,false,false,true,,109.00000,-12.26225,,4.04963,true,false,false,true,,109.00000,-12.26225,,-0.95015,true,false,false,true,,109.00000,-25.41557,,-19.09839
KR,2025-12-04,HOLDOUT72,2025-12-05,-5.27190,true,-5.00000,true,false,false,false,,,-3.20475,,-1.54680,true,true,true,true,40.00000,40.00000,-6.55398,-6.55398,6.52208,true,true,true,true,40.00000,40.00000,-6.55398,-6.55398,14.70089,true,true,true,true,40.00000,40.00000,-6.55398,-6.55398,9.28397,true,true,true,true,40.00000,40.00000,-6.55398,-6.55398,-0.88625,true,true,true,true,40.00000,40.00000,-12.75992,-6.55398,-5.08882,false,,,,,,,,
LEN,2024-03-13,HOLDOUT72,2024-03-14,-7.63746,false,5.57827,true,true,true,true,6.00000,4.00000,-0.87662,-0.87662,4.60552,true,true,true,true,6.00000,4.00000,-2.43687,-0.87662,6.94050,true,true,true,true,6.00000,4.00000,-2.43687,-0.87662,2.01125,true,true,true,true,6.00000,4.00000,-7.36811,-0.87662,11.17473,true,true,true,true,6.00000,4.00000,-7.36811,-0.87662,17.12899,true,true,true,true,6.00000,4.00000,-7.36811,-0.87662,15.18102,true,true,true,true,6.00000,4.00000,-23.36026,-0.87662,-21.44444
LEN,2024-09-19,HOLDOUT72,2024-09-20,-5.33126,true,-5.00000,true,false,false,false,,,-2.24963,,3.98636,true,false,false,false,,,-11.59668,,-7.06560,true,false,false,false,,,-16.58195,,-16.38381,true,false,false,false,,,-29.32362,,-27.49951,true,false,false,false,,,-36.13394,,-34.28331,true,false,false,false,,,-45.63010,,-38.11771,true,false,false,false,,,-45.63010,,-29.93849
LEN,2024-12-18,HOLDOUT72,2024-12-19,-5.16001,true,-5.00000,true,false,false,false,,,-7.21821,,-1.64017,true,false,false,false,,,-14.49786,,-11.02411,true,false,false,false,,,-16.15859,,-12.92416,true,false,false,false,,,-28.62486,,-19.70998,true,false,false,false,,,-28.62486,,-20.22728,true,false,true,true,,176.00000,-28.62486,,2.51192,true,false,true,true,,176.00000,-28.62486,,-23.02932
LEN,2025-06-16,HOLDOUT72,2025-06-18,-5.55302,false,5.00000,true,true,true,true,2.00000,2.00000,0.09670,0.09670,6.41832,true,true,true,true,2.00000,2.00000,0.09670,0.09670,28.15457,true,true,true,true,2.00000,2.00000,0.09670,0.09670,29.92222,true,true,true,true,2.00000,2.00000,0.09670,0.09670,25.54988,true,true,true,true,2.00000,2.00000,0.09670,0.09670,14.30384,true,true,true,true,2.00000,2.00000,-5.55450,0.09670,-2.08627,true,true,true,true,2.00000,2.00000,-20.04425,0.09670,-13.87866
MPWR,2023-05-04,HOLDOUT72,2023-05-05,-10.38503,false,5.00000,true,true,true,true,14.00000,9.00000,-4.41924,-4.41924,18.45017,true,true,true,true,14.00000,9.00000,-4.41924,-4.41924,27.47205,true,true,true,true,14.00000,9.00000,-4.41924,-4.41924,29.21874,true,true,true,true,14.00000,9.00000,-4.41924,-4.41924,16.73122,true,true,true,true,14.00000,9.00000,-4.41924,-4.41924,-1.34280,true,true,true,true,14.00000,9.00000,-4.41924,-4.41924,54.55491,true,true,true,true,14.00000,9.00000,-4.41924,-4.41924,72.04981
MPWR,2023-07-31,HOLDOUT72,2023-08-02,-5.19402,true,-5.00000,true,false,false,false,,,-10.54993,,-2.88257,true,false,false,false,,,-17.33993,,-14.60764,true,false,false,false,,,-25.31948,,-23.65101,true,true,true,true,85.00000,74.00000,-25.91091,-25.91091,8.78682,true,true,true,true,85.00000,74.00000,-25.91091,-25.91091,19.60719,true,true,true,true,85.00000,74.00000,-25.91091,-25.91091,12.15663,true,true,true,true,85.00000,74.00000,-25.91091,-25.91091,51.11506
MPWR,2024-10-30,HOLDOUT72,2024-10-31,-17.45034,true,-18.18347,true,false,false,false,,,-27.99881,,-25.24167,true,false,false,false,,,-27.99881,,-20.49914,true,false,false,false,,,-27.99881,,-15.96189,true,false,false,false,,,-27.99881,,-20.01612,true,false,false,false,,,-41.92587,,-22.55944,true,false,false,false,,,-41.92587,,-5.44865,true,true,true,true,219.00000,186.00000,-41.92587,-41.92587,27.24760
MPWR,2025-10-30,HOLDOUT72,2025-10-31,-7.59131,false,5.00000,true,false,false,false,,,-17.09651,,-7.62687,true,false,false,false,,,-17.09651,,-8.06866,true,true,true,true,58.00000,53.00000,-17.09651,-17.09651,17.92548,true,true,true,true,58.00000,53.00000,-17.09651,-17.09651,4.91247,true,true,true,true,58.00000,53.00000,-17.09651,-17.09651,58.55070,true,true,true,true,58.00000,53.00000,-17.09651,-17.09651,39.74635,false,,,,,,,,
NEM,2025-10-23,HOLDOUT72,2025-10-24,-6.23102,false,6.51746,true,true,true,true,12.00000,11.00000,-8.78397,-8.78397,0.14394,true,true,true,true,12.00000,11.00000,-8.78397,-8.78397,26.16626,true,true,true,true,12.00000,11.00000,-8.78397,-8.78397,46.38799,true,true,true,true,12.00000,11.00000,-8.78397,-8.78397,40.17513,true,true,true,true,12.00000,11.00000,-8.78397,-8.78397,38.42731,true,true,true,true,12.00000,11.00000,-8.78397,-8.78397,9.74148,false,,,,,,,,
NOC,2023-01-26,HOLDOUT72,2023-01-27,-5.53433,false,5.01964,true,true,true,true,10.00000,9.00000,-0.46156,-0.46156,7.79932,true,true,true,true,10.00000,9.00000,-0.46156,-0.46156,5.08869,true,true,true,true,10.00000,9.00000,-0.46156,-0.46156,6.74442,true,true,true,true,10.00000,9.00000,-1.59617,-0.46156,4.41540,true,true,true,true,10.00000,9.00000,-1.59617,-0.46156,4.43152,true,true,true,true,10.00000,9.00000,-4.10376,-0.46156,13.13193,true,true,true,true,10.00000,9.00000,-4.10376,-0.46156,2.99920
NOC,2024-01-25,HOLDOUT72,2024-01-25,-6.33083,false,5.00000,true,false,false,true,,17.00000,-0.69727,,6.54570,true,true,true,true,36.00000,17.00000,-0.69727,-0.69727,8.31337,true,true,true,true,36.00000,17.00000,-0.69727,-0.69727,8.82865,true,true,true,true,36.00000,17.00000,-0.69727,-0.69727,4.06767,true,true,true,true,36.00000,17.00000,-2.84635,-0.69727,2.02990,true,true,true,true,36.00000,17.00000,-2.84635,-0.69727,23.19200,true,true,true,true,36.00000,17.00000,-2.84635,-0.69727,13.87069
NOC,2025-04-22,HOLDOUT72,2025-04-22,-12.65692,false,5.89297,true,false,false,true,,6.00000,-2.38536,,2.69781,true,false,false,true,,6.00000,-2.38536,,7.09756,true,false,false,true,,6.00000,-2.38536,,12.37829,true,true,true,true,62.00000,6.00000,-2.38536,-2.38536,27.75062,true,true,true,true,62.00000,6.00000,-2.38536,-2.38536,34.52147,true,true,true,true,62.00000,6.00000,-2.38536,-2.38536,28.93623,true,true,true,true,62.00000,6.00000,-2.38536,-2.38536,28.66389
NOC,2026-04-21,HOLDOUT72,2026-04-21,-6.97890,true,-5.00000,true,false,false,false,,,-11.80273,,-8.96536,true,false,false,false,,,-13.59550,,-9.58203,true,false,false,false,,,-18.83666,,-14.27920,true,false,false,false,,,-21.27235,,-10.33476,false,,,,,,,,,false,,,,,,,,,false,,,,,,,,
OKE,2025-04-29,HOLDOUT72,2025-04-30,-6.48759,false,5.02401,true,false,true,true,,8.00000,-3.16464,,-0.56412,true,false,true,true,,8.00000,-3.16464,,0.13839,true,false,true,true,,8.00000,-3.16464,,0.82857,true,false,true,true,,8.00000,-11.84464,,-10.33440,true,false,true,true,,8.00000,-16.92053,,-13.94149,true,false,true,true,,8.00000,-18.84720,,-5.68934,true,true,true,true,196.00000,8.00000,-18.84720,-18.84720,16.11069
OKE,2025-08-04,HOLDOUT72,2025-08-05,-5.17349,true,-5.00000,true,false,false,false,,,-4.64993,,-2.41744,true,false,false,false,,,-6.69749,,-3.59313,true,false,false,false,,,-12.06975,,-11.22853,true,false,false,false,,,-14.10891,,-1.22927,true,false,true,true,,117.00000,-14.10891,,4.29824,true,true,true,true,121.00000,117.00000,-14.10891,-14.10891,18.60605,true,true,true,true,121.00000,117.00000,-14.10891,-14.10891,22.46123
OKE,2026-02-23,HOLDOUT72,2026-02-24,-5.08416,false,5.00000,true,true,true,true,17.00000,5.00000,-3.81650,-3.81650,9.71167,true,true,true,true,17.00000,5.00000,-3.81650,-3.81650,3.82435,true,true,true,true,17.00000,5.00000,-3.81650,-3.81650,12.50365,true,true,true,true,17.00000,5.00000,-3.81650,-3.81650,6.74112,true,true,true,true,17.00000,5.00000,-3.81650,-3.81650,17.76138,false,,,,,,,,,false,,,,,,,,
REGN,2024-10-31,HOLDOUT72,2024-10-31,-9.16677,true,-5.00000,true,false,false,false,,,-12.19819,,-10.49630,true,false,false,false,,,-17.32283,,-16.17872,true,false,false,false,,,-20.51438,,-18.50632,true,false,false,false,,,-23.40730,,-20.33799,true,false,false,false,,,-37.16703,,-27.02875,true,false,false,false,,,-42.99641,,-32.45039,true,false,false,false,,,-42.99641,,-24.75635
REGN,2025-04-29,HOLDOUT72,2025-04-29,-6.86737,true,-5.00000,true,true,true,true,15.00000,1.00000,-8.50925,-8.50925,4.18596,true,true,true,true,15.00000,1.00000,-16.12191,-8.50925,-8.28607,true,true,true,true,15.00000,1.00000,-16.12191,-8.50925,-0.87502,true,true,true,true,15.00000,1.00000,-16.12191,-8.50925,-1.54607,true,true,true,true,15.00000,1.00000,-16.12191,-8.50925,1.68554,true,true,true,true,15.00000,1.00000,-16.12191,-8.50925,30.96576,true,true,true,true,15.00000,1.00000,-16.12191,-8.50925,24.96232
REGN,2026-04-29,HOLDOUT72,2026-04-29,-6.20550,true,-12.33062,true,false,false,true,,5.00000,-11.03794,,-9.31169,true,false,false,true,,5.00000,-13.68910,,-7.65119,true,false,false,true,,5.00000,-13.68910,,-2.65073,true,true,true,true,63.00000,5.00000,-13.68910,-13.68910,18.37343,false,,,,,,,,,false,,,,,,,,,false,,,,,,,,
TMO,2026-04-23,HOLDOUT72,2026-04-23,-9.19880,true,-5.00000,true,false,false,false,,,-6.73452,,-3.71331,true,false,false,true,,24.00000,-6.73452,,-0.47672,true,true,true,true,48.00000,24.00000,-6.73452,-6.73452,12.27442,true,true,true,true,48.00000,24.00000,-6.73452,-6.73452,28.79836,false,,,,,,,,,false,,,,,,,,,false,,,,,,,,
TPR,2025-08-14,HOLDOUT72,2025-08-14,-15.71391,false,5.00000,true,false,false,true,,1.00000,0.01045,,11.68772,true,true,true,true,24.00000,1.00000,0.01045,0.01045,13.52349,true,true,true,true,24.00000,1.00000,-2.44239,0.01045,8.76100,true,true,true,true,24.00000,1.00000,-2.44239,0.01045,35.76234,true,true,true,true,24.00000,1.00000,-2.44239,0.01045,50.73125,true,true,true,true,24.00000,1.00000,-2.44239,0.01045,47.49392,true,true,true,true,24.00000,1.00000,-2.44239,0.01045,36.56798
WAB,2024-07-24,HOLDOUT72,2024-07-24,-6.44221,true,-5.00000,true,false,false,false,,,-6.11648,,2.78925,true,true,true,true,27.00000,22.00000,-6.11648,-6.11648,13.47180,true,true,true,true,27.00000,22.00000,-6.11648,-6.11648,20.95212,true,true,true,true,27.00000,22.00000,-6.11648,-6.11648,27.84774,true,true,true,true,27.00000,22.00000,-6.11648,-6.11648,27.63744,true,true,true,true,27.00000,22.00000,-6.11648,-6.11648,9.59257,true,true,true,true,27.00000,22.00000,-6.11648,-6.11648,25.86869
WAB,2025-02-12,HOLDOUT72,2025-02-12,-9.05727,true,-5.00000,true,false,false,false,,,-8.69711,,-6.75772,true,false,false,false,,,-19.68732,,-10.76780,true,false,false,false,,,-19.68732,,1.90257,true,false,false,true,,61.00000,-19.68732,,9.04905,true,true,true,true,93.00000,61.00000,-19.68732,-19.68732,-0.23127,true,true,true,true,93.00000,61.00000,-19.68732,-19.68732,7.74153,true,true,true,true,93.00000,61.00000,-19.68732,-19.68732,35.97275
WAB,2025-07-24,HOLDOUT72,2025-07-24,-6.38119,true,-5.00000,true,false,false,false,,,-7.50374,,-4.50599,true,false,false,false,,,-8.07311,,-5.85801,true,false,false,false,,,-8.07311,,-3.13901,true,false,false,true,,76.00000,-8.07311,,4.22030,true,true,true,true,93.00000,76.00000,-8.07311,-8.07311,13.27121,true,true,true,true,93.00000,76.00000,-8.07311,-8.07311,34.54789,true,true,true,true,93.00000,76.00000,-8.07311,-8.07311,50.66424
ZBH,2023-08-01,HOLDOUT72,2023-08-02,-7.07202,true,-5.00000,true,false,false,false,,,-11.20891,,-6.34055,true,false,false,false,,,-15.46970,,-12.21046,true,false,false,false,,,-20.37584,,-19.50153,true,false,false,false,,,-20.37584,,-8.43221,true,false,false,false,,,-20.37584,,-5.73093,true,false,false,false,,,-20.37584,,-6.40784,true,false,false,false,,,-20.37584,,-13.32339
ZBH,2025-02-06,HOLDOUT72,2025-02-06,-5.13626,false,5.00000,true,false,true,true,,20.00000,-4.86902,,5.16116,true,true,true,true,21.00000,20.00000,-4.86902,-4.86902,4.75214,true,true,true,true,21.00000,20.00000,-12.24788,-4.86902,-11.70138,true,true,true,true,21.00000,20.00000,-12.93101,-4.86902,-11.96487,true,true,true,true,21.00000,20.00000,-12.93101,-4.86902,-10.32765,true,true,true,true,21.00000,20.00000,-12.93101,-4.86902,1.05356,true,true,true,true,21.00000,20.00000,-16.81217,-4.86902,-11.75737
ZBH,2025-05-05,HOLDOUT72,2025-05-05,-11.62336,false,5.00000,true,false,false,true,,3.00000,-1.39257,,1.51415,true,false,false,true,,3.00000,-1.39257,,3.60573,true,false,false,true,,3.00000,-1.39257,,1.55578,true,true,true,true,69.00000,3.00000,-1.39257,-1.39257,14.22116,true,true,true,true,69.00000,3.00000,-1.39257,-1.39257,14.44523,true,true,true,true,69.00000,3.00000,-5.21584,-1.39257,-2.50251,true,true,true,true,69.00000,3.00000,-10.84807,-1.39257,-7.49775
ZBH,2025-11-05,HOLDOUT72,2025-11-05,-15.14828,false,5.00000,true,false,false,true,,12.00000,-2.53569,,6.40777,true,false,false,true,,12.00000,-2.53569,,6.10654,true,false,false,true,,12.00000,-3.12410,,-1.30317,true,false,false,true,,12.00000,-3.12410,,2.01803,true,false,false,true,,12.00000,-8.32718,,-5.34147,true,false,false,true,,12.00000,-9.14251,,10.24674,false,,,,,,,,
ZBH,2026-04-28,HOLDOUT72,2026-04-28,-10.57350,false,5.00000,true,false,false,true,,16.00000,-4.44444,,-0.28986,true,false,true,true,,16.00000,-4.44444,,10.14698,true,true,true,true,41.00000,16.00000,-4.44444,-4.44444,10.61925,true,true,true,true,41.00000,16.00000,-4.44444,-4.44444,18.75676,false,,,,,,,,,false,,,,,,,,,false,,,,,,,,
