formation_month,next_month,ic,momentum_names,momentum_return,contrarian_names,contrarian_return,ew_mag7_return,qqq_return,spy_return
2018-01,2018-02,0.00000000,NVDA,-0.01545972,AAPL,0.06384758,-0.00943904,-0.01292791,-0.03636041
2018-02,2018-03,0.61828402,AMZN,-0.04304936,AAPL,-0.05805075,-0.07991885,-0.04234197,-0.03129026
2018-03,2018-04,-0.32142857,AMZN,0.08207470,TSLA,0.10434750,0.03224069,0.00505837,0.00516816
2018-04,2018-05,0.07142857,AMZN,0.04053942,TSLA,-0.03120109,0.07332369,0.05672925,0.02430910
2018-05,2018-06,-0.35714286,AMZN,0.04306525,TSLA,0.20447441,0.03070658,0.00929021,0.00125489
2018-06,2018-07,-0.23640271,AMZN,0.04567596,GOOGL,0.08681454,0.00389853,0.02796390,0.03704659
2018-07,2018-08,0.32433749,AMZN,0.13236452,TSLA,0.01180653,0.08108397,0.05780673,0.03191981
2018-08,2018-09,0.71428571,AMZN,-0.00482434,TSLA,-0.12229000,-0.02860655,-0.00460756,0.00141228
2018-09,2018-10,-0.46428571,AMZN,-0.20219171,TSLA,0.27401141,-0.06401167,-0.08595719,-0.06910429
2018-10,2018-11,0.27028124,AAPL,-0.18404459,META,-0.07365439,-0.04716497,-0.00264994,0.01854931
2018-11,2018-12,0.60714286,TSLA,-0.05044510,NVDA,-0.18313651,-0.09595424,-0.08921297,-0.09334301
2018-12,2019-01,-0.49099025,MSFT,0.02815792,NVDA,0.07677903,0.08228018,0.09010767,0.08006562
2019-01,2019-02,-0.57659998,AMZN,-0.04590599,NVDA,0.07311304,0.02161929,0.02991198,0.03241581
2019-02,2019-03,-0.50000000,MSFT,0.05275373,NVDA,0.16400882,0.05025079,0.03735782,0.01363571
2019-03,2019-04,0.82332931,MSFT,0.10734272,NVDA,0.00801960,0.04079116,0.05499271,0.04085245
2019-04,2019-05,0.65465367,MSFT,-0.05298622,TSLA,-0.22426578,-0.12778930,-0.08225175,-0.06377117
2019-05,2019-06,-0.68471247,MSFT,0.08311772,TSLA,0.20684813,0.10939330,0.07352693,0.06440949
2019-06,2019-07,-0.67857143,MSFT,0.01724395,TSLA,0.08122259,0.04563441,0.02334797,0.01511945
2019-07,2019-08,0.52254373,MSFT,0.01166801,NVDA,-0.00717165,-0.02816703,-0.01899532,-0.01674344
2019-08,2019-09,0.07142857,MSFT,0.00848687,AMZN,-0.02273277,0.02147837,0.00714779,0.01477176
2019-09,2019-10,0.03571429,AAPL,0.11068447,AMZN,0.02347472,0.10495246,0.04380067,0.02210466
2019-10,2019-11,0.55593699,MSFT,0.05586943,AMZN,0.01358729,0.05111231,0.04069416,0.03619820
2019-11,2019-12,0.78571429,AAPL,0.09878391,AMZN,0.02612172,0.08073664,0.03661626,0.02402087
2019-12,2020-01,-0.39285714,AAPL,0.05400988,AMZN,0.08706382,0.11913478,0.03038430,-0.00040390
2020-01,2020-02,0.14285714,TSLA,0.02677652,META,-0.04675350,-0.02432449,-0.06057426,-0.07916576
2020-02,2020-03,-0.10714286,TSLA,-0.21555712,META,-0.13337143,-0.08093647,-0.07482998,-0.12998717
2020-03,2020-04,-0.12613124,TSLA,0.49213740,META,0.22727818,0.22111669,0.14973745,0.12698351
2020-04,2020-05,0.03636965,TSLA,0.06793881,META,0.09955547,0.07693476,0.06600885,0.04764528
2020-05,2020-06,0.68471247,TSLA,0.29318563,GOOGL,-0.01079162,0.10697309,0.06102162,0.01327550
2020-06,2020-07,0.64285714,TSLA,0.32584436,GOOGL,0.04937767,0.13270710,0.07350563,0.05895706
2020-07,2020-08,0.78571429,TSLA,0.74171940,GOOGL,0.09672596,0.23739668,0.11000752,0.06982299
2020-08,2020-09,-0.21428571,TSLA,-0.13919913,GOOGL,-0.10170618,-0.08490008,-0.05714479,-0.04133509
2020-09,2020-10,-0.96428571,TSLA,-0.09559971,GOOGL,0.10248155,-0.02687597,-0.03030412,-0.02424604
2020-10,2020-11,0.61263747,TSLA,0.45913715,MSFT,0.05702597,0.12334321,0.11036145,0.10875819
2020-11,2020-12,0.29095719,TSLA,0.24559143,META,-0.01437475,0.05428735,0.04897837,0.03182270
2020-12,2021-01,0.59299945,TSLA,0.12414262,META,-0.05661964,0.01700474,0.00105032,-0.01027150
2021-01,2021-02,-0.42857143,TSLA,-0.15110181,META,-0.00418459,-0.01428334,0.00101742,0.02783709
2021-02,2021-03,-0.42857143,TSLA,-0.00797469,META,0.14567527,0.02178647,0.01318130,0.04154506
2021-03,2021-04,0.14285714,GOOGL,0.14145930,AMZN,0.12004304,0.09936862,0.05909276,0.05357098
2021-04,2021-05,0.27028124,GOOGL,0.00174164,AMZN,-0.06993126,-0.02190890,-0.01240232,0.00658951
2021-05,2021-06,0.00000000,NVDA,0.23135385,AMZN,0.06686651,0.09466248,0.06240072,0.01899638
2021-06,2021-07,0.21428571,NVDA,-0.02521302,AMZN,-0.03302901,0.02834530,0.02826755,0.02434238
2021-07,2021-08,0.84688121,NVDA,0.14724430,AMZN,0.04381524,0.07132248,0.04205877,0.02994435
2021-08,2021-09,-0.64285714,NVDA,-0.07427269,AMZN,-0.05383960,-0.05605754,-0.05729030,-0.04993246
2021-09,2021-10,0.75000000,GOOGL,0.10754217,AMZN,0.02647144,0.14216488,0.07805954,0.07010674
2021-10,2021-11,0.03571429,TSLA,0.02728072,AMZN,0.03979822,0.05916190,0.02012901,-0.00646862
2021-11,2021-12,-0.64285714,NVDA,-0.10173788,META,0.03662033,-0.01151139,0.00952308,0.04105925
2021-12,2022-01,-0.52254373,NVDA,-0.16695002,META,-0.06845282,-0.08719940,-0.08645888,-0.05282165
2022-01,2022-02,-0.01801875,NVDA,-0.00563265,AMZN,0.02559756,-0.06722929,-0.04449829,-0.02962329
2022-02,2022-03,0.18531233,AAPL,0.05681268,META,0.05226530,0.08446846,0.04328530,0.03507526
2022-03,2022-04,-0.27277236,TSLA,-0.19201076,META,-0.09798893,-0.17478084,-0.13421910,-0.08829128
2022-04,2022-05,-0.40006613,TSLA,-0.12887444,META,-0.03461519,-0.03907166,-0.01563347,0.00254910
2022-05,2022-06,0.71428571,AAPL,-0.07969359,NVDA,-0.18585685,-0.10771841,-0.09123910,-0.08638851
2022-06,2022-07,-0.03603750,AAPL,0.18706192,META,-0.01364256,0.16012739,0.12458093,0.09235724
2022-07,2022-08,-0.12613124,TSLA,-0.07298058,META,0.02433044,-0.06441471,-0.05087057,-0.04129765
2022-08,2022-09,0.75000000,TSLA,-0.03760845,NVDA,-0.19532388,-0.12219409,-0.10599125,-0.09592265
2022-09,2022-10,0.03571429,TSLA,-0.14194108,NVDA,0.11087332,-0.04892109,0.03860961,0.08121273
2022-10,2022-11,-0.42857143,AAPL,-0.03523583,META,0.26839222,0.06463332,0.05595941,0.05496867
2022-11,2022-12,0.10714286,AAPL,-0.12200149,META,0.01896698,-0.13178401,-0.09221961,-0.06130814
2022-12,2023-01,-0.66669372,AAPL,0.11055528,TSLA,0.40561597,0.21041390,0.10628074,0.06282846
2023-01,2023-02,0.14824986,NVDA,0.18828677,TSLA,0.18830831,0.05773450,-0.00380073,-0.02519065
2023-02,2023-03,0.71428571,NVDA,0.19641281,AMZN,0.09616814,0.13392803,0.09289413,0.03308434
2023-03,2023-04,0.22237479,NVDA,-0.00138576,TSLA,-0.20760812,0.01069358,0.00554811,0.01595134
2023-04,2023-05,-0.21428571,META,0.10291852,TSLA,0.24052327,0.15892763,0.07739996,0.00471267
2023-05,2023-06,-0.21428571,NVDA,0.11693937,TSLA,0.28374534,0.09522636,0.06317970,0.06069018
2023-06,2023-07,0.35714286,NVDA,0.10525196,GOOGL,0.10907876,0.05332732,0.03861558,0.03291819
2023-07,2023-08,-0.19820624,NVDA,0.05611896,AMZN,0.03200957,-0.00859477,-0.01534613,-0.01662262
2023-08,2023-09,-0.05405625,NVDA,-0.11879343,AAPL,-0.08849510,-0.05400625,-0.05167760,-0.05086628
2023-09,2023-10,-0.07142857,NVDA,-0.06250718,AAPL,-0.00326931,-0.02787271,-0.02067580,-0.02134332
2023-10,2023-11,-0.21428571,META,0.08616968,AAPL,0.11216541,0.11783184,0.10815431,0.09110909
2023-11,2023-12,0.64867497,META,0.08303271,TSLA,0.03615664,0.04012745,0.05275878,0.04181643
2023-12,2024-01,0.89285714,META,0.10105572,AAPL,-0.04257308,0.01919887,0.01829239,0.01597736
2024-01,2024-02,0.71428571,NVDA,0.28589775,TSLA,0.07781457,0.10932376,0.05314786,0.05216842
2024-02,2024-03,0.67857143,NVDA,0.14136179,TSLA,-0.12928002,0.01140658,0.01134112,0.02948932
2024-03,2024-04,-0.71428571,NVDA,-0.04287028,TSLA,0.04336444,-0.02027609,-0.04381995,-0.03990366
2024-04,2024-05,0.32142857,NVDA,0.26732513,AAPL,0.13090268,0.08387606,0.06351412,0.04992434
2024-05,2024-06,-0.14285714,NVDA,0.12707051,TSLA,0.11155401,0.09150473,0.06080602,0.03181090
2024-06,2024-07,-0.32142857,NVDA,-0.05160820,TSLA,0.17177635,-0.00567914,-0.01680374,0.01150503
2024-07,2024-08,0.25943726,NVDA,0.02050231,MSFT,-0.00246400,-0.00319447,0.01150719,0.02398387
2024-08,2024-09,0.01801875,NVDA,0.01707685,MSFT,0.03167942,0.06362323,0.02415885,0.01858687
2024-09,2024-10,0.16216874,NVDA,0.09308642,GOOGL,0.03177953,-0.00251529,-0.00838218,-0.00972920
2024-10,2024-11,0.00000000,NVDA,0.04118666,MSFT,0.04247361,0.09065480,0.05350832,0.05986349
2024-11,2024-12,0.10714286,TSLA,0.16982007,MSFT,-0.00455586,0.05531639,0.00292306,-0.02725356
2024-12,2025-01,0.05405625,TSLA,0.00232823,MSFT,-0.01588807,0.02280035,0.02165366,0.02681420
2025-01,2025-02,-0.53571429,TSLA,-0.27530394,MSFT,-0.04336145,-0.07972209,-0.02722573,-0.01311099
2025-02,2025-03,-0.68471247,META,-0.13685913,MSFT,-0.05535195,-0.10228170,-0.07707448,-0.05831839
2025-03,2025-04,-0.77480622,META,-0.05185275,MSFT,0.05068928,0.00582404,0.01345645,-0.00936952
2025-04,2025-05,0.56372955,TSLA,0.22579502,GOOGL,0.08086152,0.13657198,0.09254466,0.06368001
2025-05,2025-06,0.10714286,TSLA,-0.08098103,AAPL,0.02257775,0.06180398,0.06238324,0.04841337
2025-06,2025-07,0.21428571,META,0.04751266,AAPL,0.01306234,0.05572435,0.02429297,0.02277325
2025-07,2025-08,-0.73876872,NVDA,-0.02159384,AAPL,0.11748857,0.02397480,0.00939823,0.02077860
2025-08,2025-09,0.30631874,NVDA,0.07074592,AAPL,0.09596590,0.08786209,0.05263804,0.03260313
2025-09,2025-10,-0.03571429,TSLA,0.02664957,AMZN,0.11283710,0.04665969,0.04819016,0.02397682
2025-10,2025-11,-0.21428571,TSLA,-0.05776434,META,-0.00017746,-0.01580197,-0.01614595,0.00195006
2025-11,2025-12,-0.30631874,GOOGL,-0.02173471,META,0.01879047,0.00651912,-0.00783395,-0.00225357
2025-12,2026-01,-0.11227218,GOOGL,0.07983005,META,0.08597052,0.00372492,0.01214489,0.01463729
2026-01,2026-02,0.64285714,GOOGL,-0.07830666,MSFT,-0.08661784,-0.07173589,-0.02312171,-0.00815265
2026-02,2026-03,-0.21428571,GOOGL,-0.07732058,MSFT,-0.05771385,-0.05591463,-0.04976660,-0.05252419
2026-03,2026-04,0.50000000,GOOGL,0.33923540,MSFT,0.10168049,0.14601711,0.15681586,0.10504215
2026-04,2026-05,-0.57142857,GOOGL,-0.01197434,MSFT,0.10220348,0.07068524,0.10575036,0.05279715
2026-05,2026-06,0.39285714,GOOGL,-0.06088648,META,-0.10975147,-0.08879787,-0.00289890,-0.01281170
2026-06,2026-07,-0.14285714,GOOGL,-0.00324730,MSFT,0.24611177,0.02607476,-0.06545573,0.00018750
2026-07,2026-08,-0.63646885,AAPL,0.02725727,META,0.02853935,0.04838640,0.04186716,0.02688842
