date,target,actual,baseline_pred,extended_pred
2026-04-16,abs_gap,0.0079942173506164,0.005185304370259277,0.005495541067901923
2026-04-17,abs_gap,0.0012483587717827,0.003399205211436956,0.006162235028061686
2026-04-20,abs_gap,0.0025046694788444,0.005494740046696483,0.0054015807647488255
2026-04-21,abs_gap,0.0090326496823867,0.004741780256121443,0.003955152518978783
2026-04-22,abs_gap,0.002381275806316,0.004242775867431559,0.005986731027567697
2026-04-23,abs_gap,0.0108839566508149,0.0078070013368763125,0.007551619066701474
2026-04-24,abs_gap,0.0007229928077661,0.005380018318438715,0.006277947605885796
2026-04-27,abs_gap,0.0102675391427015,0.00549423110787777,0.005240033454067718
2026-04-28,abs_gap,0.0016424866700535,0.007511675826960226,0.008479643304810243
2026-04-29,abs_gap,0.005713633054508,0.00498034623476107,0.0041450610754748315
2026-04-30,abs_gap,0.0021265506498386,0.007745720023556342,0.008135101926361639
2026-05-01,abs_gap,0.0007564321174831,0.003926780169941489,0.003990177617813232
2026-05-04,abs_gap,0.0075496627228928,0.005566397594429829,0.006110357272094849
2026-05-05,abs_gap,0.0090521619077075,0.0028710950379197534,0.003107605754587317
2026-05-06,abs_gap,0.001164174275775,0.0036986325399492384,0.006265885327622636
2026-05-07,abs_gap,0.0071660581507104,0.006671961030273994,0.006227460026230635
2026-05-08,abs_gap,0.0012232261590183,0.004060591827161404,0.005641139025337745
2026-05-11,abs_gap,0.0071079189115207,0.005071525778383745,0.006110245873726512
2026-05-12,abs_gap,0.0038459812451778,0.009677275867576223,0.009562596177449624
2026-05-13,abs_gap,0.0001259627718949,0.006704052572051616,0.007374552587973552
2026-05-14,abs_gap,0.0134066375935838,0.005178108836106844,0.004748603913800792
2026-05-15,abs_gap,0.0036815840471233,0.006833364785390921,0.006785801516645817
2026-05-18,abs_gap,0.0085992056471786,0.006181004031946982,0.0057330903764761494
2026-05-19,abs_gap,0.0053596404622011,0.006933324366314228,0.007035368273518509
2026-05-20,abs_gap,0.0058333226351712,0.0050998811773839145,0.005470438424778
2026-05-21,abs_gap,0.0049824320302545,0.00586558754370695,0.006053769274686645
2026-05-22,abs_gap,0.011734599051137,0.005682916512776097,0.007618366405925247
2026-05-26,abs_gap,0.0036698150959455,0.0051900294871428075,0.006814825802892421
2026-05-27,abs_gap,0.0003838073302262,0.005184549135547381,0.005005666226786069
2026-05-28,abs_gap,0.003045203023215,0.004477082030547702,0.005075131203771453
2026-05-29,abs_gap,0.0017201711143688,0.005211565618967212,0.006002359359092684
2026-06-01,abs_gap,0.0004577184812752,0.004187933989856686,0.004015179818357796
2026-06-02,abs_gap,0.0015412571773529,0.003047957836207065,0.0035180469728266547
2026-06-03,abs_gap,0.0117306153453372,0.0034423443723744403,0.0034908917465556856
2026-06-04,abs_gap,0.014244998044363,0.004131012446131704,0.0030394209198247374
2026-06-05,abs_gap,0.0180835674185875,0.006114343459221695,0.00798033844679814
2026-06-08,abs_gap,0.009649856960707,0.010052811747139442,0.01202328248376917
2026-06-09,abs_gap,0.0087168441523289,0.014563294291404573,0.016356759986355333
2026-06-10,abs_gap,0.0080727350347109,0.009730502625656947,0.010691468923307851
2026-06-11,abs_gap,0.0006832750972101,0.010943599087496092,0.010688003136258171
2026-06-12,abs_gap,0.0232344637847565,0.008021763673226774,0.008454750001072979
2026-06-15,abs_gap,0.0023521505376343,0.008373257912742583,0.007668189308470256
2026-06-16,abs_gap,0.007302793956126,0.007807920567091923,0.006899453452731
2026-06-17,abs_gap,0.0203319016246867,0.0073594761308003916,0.006264673794996572
2026-06-18,abs_gap,0.0018903410970438,0.008729152745580478,0.00927488031496259
2026-06-22,abs_gap,0.0300969193106066,0.008544057200053098,0.008419033208719897
2026-06-23,abs_gap,0.0024101038944643,0.010160703852642441,0.011053119183804094
2026-06-24,abs_gap,0.0215023914354608,0.009580197740070264,0.009225153314837397
2026-06-25,abs_gap,0.0129121415128178,0.010354195911207276,0.010142883670011404
2026-06-26,abs_gap,0.0105729073439151,0.009190073619084584,0.00999023596123444
2026-06-29,abs_gap,0.0001380725659843,0.010116483163690498,0.008516598696551976
2026-06-30,abs_gap,0.0097909040380506,0.006145390691803948,0.007446925131946851
2026-07-01,abs_gap,0.0005654318150924,0.007852870670510862,0.007630300033032774
2026-07-02,abs_gap,0.0102862999452344,0.00918743734571456,0.009540002570275378
2026-07-06,abs_gap,0.0119670517229921,0.008389151210608353,0.008150287275562072
2026-07-07,abs_gap,0.0063149014208614,0.008348352330896203,0.007826133302175488
2026-07-08,abs_gap,0.009684603936795,0.006928172893024104,0.0059567260045784555
2026-07-09,abs_gap,0.0035671067710135,0.007523582679345884,0.00738307800664309
2026-07-10,abs_gap,0.0107373281659015,0.006722769699905132,0.006110521764231935
2026-07-13,abs_gap,0.0119144358685783,0.006723762074443139,0.00627757503771696
2026-07-14,abs_gap,0.0057802291686968,0.007540453842963102,0.00642952488937441
2026-07-15,abs_gap,0.0079833652112359,0.007387713738165353,0.006149777009756746
2026-07-16,abs_gap,0.020242482332668,0.006509008332185676,0.004389014783493935
2026-07-17,abs_gap,0.0098226106838776,0.008003361455454288,0.007884096033856505
2026-07-20,abs_gap,0.0150992871339949,0.006175621817201515,0.00562733553811022
2026-07-21,abs_gap,0.0075461243875133,0.007289364996938177,0.007550603745035799
2026-07-22,abs_gap,0.0151414092938889,0.007201917021359215,0.00722543508195355
2026-07-23,abs_gap,0.0022400843674553,0.008165474330170166,0.007580600272366491
2026-07-24,abs_gap,0.0108881697962539,0.006982323109031302,0.007238200477569428
2026-07-27,abs_gap,0.0086348658455989,0.007275345055416101,0.007713897002633038
2026-07-28,abs_gap,2.9637050940056756e-05,0.0062683360211799105,0.007805803778857518
2026-07-29,abs_gap,0.019690855305732,0.004687214432515638,0.005533090228160424
2026-07-30,abs_gap,0.0125228552577874,0.008645373082860534,0.007370812373027981
2026-07-31,abs_gap,0.0004505844023807,0.009927664252682836,0.010094984347936972
2026-08-03,abs_gap,0.0115559383142747,0.008988695178692207,0.008202439017274002
2026-08-04,abs_gap,0.0033156379015137,0.009314760094510821,0.010264043663477879
2026-08-05,abs_gap,0.0090338499637898,0.007864619960931546,0.0079918584830381
2026-08-06,abs_gap,0.0076960747388337,0.008107514050213895,0.008314994652599723
2026-08-07,abs_gap,0.0008851840483857,0.00771625007729708,0.008168178906541026
2026-08-10,abs_gap,0.0033570309855424,0.007334032771487997,0.00742257762823802
2026-08-11,abs_gap,0.0120119768058764,0.005367355324538599,0.005337632795374282
2026-08-12,abs_gap,0.0020036094826214,0.004995993575631348,0.004634856907806523
2026-08-13,abs_gap,0.0018303793447436,0.005481182686738534,0.005228875627764471
2026-08-14,abs_gap,0.0025715798267986,0.005127603304525878,0.005196398229326759
2026-08-17,abs_gap,0.013235196965427,0.004829614356557325,0.004518775257813777
2026-08-18,abs_gap,0.0040138880902209,0.006069665790768988,0.006288163824688792
2026-08-19,abs_gap,0.0055719893575446,0.006127366377429704,0.005740272740063901
2026-08-20,abs_gap,0.0060483983476129,0.0053693432442636765,0.00490174284519866
2026-08-21,abs_gap,0.0052983142015301,0.0055539906047509975,0.006015407826968213
2026-08-24,abs_gap,0.0069373135803825,0.005488714840020331,0.0053022599064174655
2026-08-25,abs_gap,0.0032502218226799,0.0055470653570098725,0.0054383008147916015
2026-08-27,abs_gap,0.0018998421114909,0.005534412566543766,0.005596697130838421
2026-08-28,abs_gap,0.0017587339705293,0.006084927671886721,0.006309787478507344
2026-08-31,abs_gap,0.0130727091209391,0.005088165932687824,0.005216672257434779
2026-09-01,abs_gap,0.0007631550665888,0.006292949061548512,0.0063749279378028925
2026-09-02,abs_gap,0.0022700149085368,0.005673039546350359,0.005537479772613719
2026-09-03,abs_gap,0.0023408986244191,0.005741812452813728,0.005644849019348536
2026-09-04,abs_gap,0.0027121830314358,0.00558077000968624,0.005868374011092244
2026-09-08,abs_gap,0.0027283826736824,0.00550293510720072,0.005533307490272083
2026-09-09,abs_gap,0.0122293557195652,0.004925719850548557,0.00491552398310931
2026-09-10,abs_gap,0.0098632550343518,0.005404707836894278,0.005130010167303531
2026-09-11,abs_gap,0.0161565405579668,0.005113356340448477,0.0054928744546700265
2026-09-14,abs_gap,0.0005358370043389,0.005717960199178495,0.005652066773313627
2026-09-15,abs_gap,0.0049110371030243,0.00526243149381527,0.004933091279543991
2026-09-17,abs_gap,0.0026642222635979,0.0060674242465712245,0.005323413477917012
2026-04-16,abs_rth_oc,0.0050495648861665,0.008058651961517132,0.00860643002765559
2026-04-17,abs_rth_oc,0.0019288933435943,0.007707014794420248,0.008095648133649016
2026-04-20,abs_rth_oc,0.0062922475342279,0.007916824837439114,0.007613210643169063
2026-04-21,abs_rth_oc,0.0076289483215357,0.007740436823918857,0.007768483787979674
2026-04-22,abs_rth_oc,0.0032591307820316,0.00785184982767098,0.008266494148846643
2026-04-23,abs_rth_oc,0.0081547661198024,0.008218444641662919,0.008338822022666835
2026-04-24,abs_rth_oc,0.0012510642510459,0.008210336142917893,0.008469741459180388
2026-04-27,abs_rth_oc,0.0002129791973914,0.008068302881159718,0.008151774011487417
2026-04-28,abs_rth_oc,0.0044638149182549,0.008189139760080686,0.008104865454563666
2026-04-29,abs_rth_oc,0.0035921165343588,0.007421362446906972,0.007415751473779674
2026-04-30,abs_rth_oc,0.007457187324104,0.00816142982200706,0.008374534597443731
2026-05-01,abs_rth_oc,0.0026383190534077,0.006895989398480722,0.006898488402160524
2026-05-04,abs_rth_oc,0.0053837442630997,0.007202820212270339,0.007542377139029404
2026-05-05,abs_rth_oc,0.0116170721655632,0.006039945648007546,0.005852201044572618
2026-05-06,abs_rth_oc,0.0023543808438392,0.0070421958808022786,0.006997361289667549
2026-05-07,abs_rth_oc,0.0161589865052409,0.0076594587845825205,0.0077428119741317185
2026-05-08,abs_rth_oc,0.0041246589563053,0.007263347168805876,0.007037509645453669
2026-05-11,abs_rth_oc,0.001383723291193,0.007168281333810599,0.007130310883667407
2026-05-12,abs_rth_oc,0.0066905175685836,0.009605535247769081,0.009809502322175041
2026-05-13,abs_rth_oc,0.0072345903353969,0.008144140650704432,0.008142223755655067
2026-05-14,abs_rth_oc,0.0017039202800807,0.007192926541003745,0.007337837800778072
2026-05-15,abs_rth_oc,0.0079545398984085,0.007965825896027465,0.007909895113436297
2026-05-18,abs_rth_oc,0.0024578553382801,0.008037268808033094,0.008110974712519302
2026-05-19,abs_rth_oc,0.0111444180855977,0.00807787491503095,0.00818511433718775
2026-05-20,abs_rth_oc,0.0077857510081704,0.007042773303819787,0.0070460121313334016
2026-05-21,abs_rth_oc,0.0007381303932328,0.007549528044395552,0.007496302173242106
2026-05-22,abs_rth_oc,0.005950750996563,0.007039585585034336,0.006546557248848828
2026-05-26,abs_rth_oc,0.0047888147516945,0.00673017506474642,0.006207723969768374
2026-05-27,abs_rth_oc,0.0080440646188291,0.006768889300308342,0.006860281604834099
2026-05-28,abs_rth_oc,0.0006369547408913,0.006689521991173528,0.00640585401385902
2026-05-29,abs_rth_oc,0.0077336540445025,0.00660856332180859,0.00647589944066481
2026-06-01,abs_rth_oc,0.0050645859466886,0.00638421408283726,0.006522367417001203
2026-06-02,abs_rth_oc,0.0041481789298482,0.005567705171108425,0.005189716883478659
2026-06-03,abs_rth_oc,0.0069750435348938,0.0057926531313988155,0.005717467406086318
2026-06-04,abs_rth_oc,0.0342437609012997,0.006287686135866185,0.006977509177254502
2026-06-05,abs_rth_oc,0.0024240261911829,0.00860603302945547,0.00707075597878307
2026-06-08,abs_rth_oc,0.0209548864258781,0.008165225035171612,0.005681269514828166
2026-06-09,abs_rth_oc,0.0113587364366918,0.013943136336570969,0.012430212170923336
2026-06-10,abs_rth_oc,0.02549731534855,0.01016196905857607,0.009558432368080445
2026-06-11,abs_rth_oc,0.005197867337477,0.011681768734047044,0.010081486869556752
2026-06-12,abs_rth_oc,0.0079935301574542,0.010641338184571098,0.009250728730845648
2026-06-15,abs_rth_oc,0.0166925087887336,0.008801844438369379,0.008688815564054595
2026-06-16,abs_rth_oc,0.0172472321898743,0.009582844781652581,0.009347538937209944
2026-06-17,abs_rth_oc,0.0046391519988144,0.009765769023879687,0.009476109405653074
2026-06-18,abs_rth_oc,0.0054850370840261,0.010669061949687995,0.011611484578813848
2026-06-22,abs_rth_oc,0.0029200070539975,0.010566307125960142,0.011123479449840611
2026-06-23,abs_rth_oc,0.0066399206458497,0.010611415031051218,0.00991254081104625
2026-06-24,abs_rth_oc,0.0131147805635278,0.010435600118945398,0.010476548619816516
2026-06-25,abs_rth_oc,0.0008626212257299,0.01072743745009858,0.01003083559966031
2026-06-26,abs_rth_oc,0.0141318883926602,0.00981438576772694,0.00913933300858978
2026-06-29,abs_rth_oc,0.016874301778387,0.009794125216645177,0.010236330910942915
2026-06-30,abs_rth_oc,0.0055129932086157,0.007253715246404283,0.006932696848433223
2026-07-01,abs_rth_oc,0.0178891937459448,0.008582367229479942,0.009087080329531854
2026-07-02,abs_rth_oc,0.0040142995538998,0.009688700299680223,0.010014667672083135
2026-07-06,abs_rth_oc,0.0066370616909158,0.00961013703071716,0.010270784122501327
2026-07-07,abs_rth_oc,0.0092063126774852,0.009283676462069979,0.0104280782087231
2026-07-08,abs_rth_oc,0.0068910000825039,0.008190681709073413,0.009687845215882172
2026-07-09,abs_rth_oc,0.0066740633788306,0.008648533422980335,0.009123816961090906
2026-07-10,abs_rth_oc,0.0083319131595176,0.008158422694711466,0.007929406119245114
2026-07-13,abs_rth_oc,0.0007358422194282,0.00797706068660409,0.006888077626458749
2026-07-14,abs_rth_oc,0.0084409553880506,0.008984056957634573,0.009162676549219588
2026-07-15,abs_rth_oc,0.0085251713332188,0.008568200303047521,0.008173036797167138
2026-07-16,abs_rth_oc,0.0053205993578888,0.007807081005410884,0.008490619929497087
2026-07-17,abs_rth_oc,0.0086874441996737,0.00931211652204168,0.010109658706396112
2026-07-20,abs_rth_oc,0.003396639192194,0.00746466484828611,0.008161391332209202
2026-07-21,abs_rth_oc,0.0024586857689594,0.008382158096555797,0.008190816261193843
2026-07-22,abs_rth_oc,0.0039010767762661,0.008212000313609191,0.008503368731081285
2026-07-23,abs_rth_oc,0.0089511926480927,0.008928564534163458,0.00993966452856052
2026-07-24,abs_rth_oc,0.0138214169266494,0.007707582785085819,0.007962880104166431
2026-07-27,abs_rth_oc,0.0010942878247752,0.008076504660443956,0.007384347177229288
2026-07-28,abs_rth_oc,0.0203994450084553,0.008249848969751304,0.007740092294088254
2026-07-29,abs_rth_oc,0.0130268212403352,0.0062337536273546525,0.005305654082945201
2026-07-30,abs_rth_oc,0.0059528040403791,0.008136428992908376,0.00800357593624442
2026-07-31,abs_rth_oc,0.0171001303791833,0.01053783087215583,0.009974315259619095
2026-08-03,abs_rth_oc,0.0221560142290109,0.008208630001293623,0.008780389266666924
2026-08-04,abs_rth_oc,0.0123235968427281,0.008291033834106048,0.008128158067132853
2026-08-05,abs_rth_oc,0.0053881672580675,0.00811709683040471,0.007648112147479909
2026-08-06,abs_rth_oc,0.0039991734849356,0.009196534901924054,0.009378606971724051
2026-08-07,abs_rth_oc,0.0021041535741461,0.00844403019926819,0.008633576654294123
2026-08-10,abs_rth_oc,0.0066915980690244,0.007940073791392225,0.00805466795580913
2026-08-11,abs_rth_oc,0.0046487385203365,0.00669400441620007,0.006552595844057957
2026-08-12,abs_rth_oc,0.0095428293141792,0.006041413061280138,0.006272212086755548
2026-08-13,abs_rth_oc,0.0031905290437758,0.006667310968843863,0.006718089060210007
2026-08-14,abs_rth_oc,0.0042022198493036,0.006754919268419257,0.006042163105650141
2026-08-17,abs_rth_oc,0.0037489234038092,0.006264536340922478,0.005707737372615014
2026-08-18,abs_rth_oc,0.0059828668789878,0.007152944199188141,0.005219352257160302
2026-08-19,abs_rth_oc,0.0016290555069421,0.007332807926678134,0.00719490251443786
2026-08-20,abs_rth_oc,0.0025026607891501,0.007014031790435566,0.007185272094141816
2026-08-21,abs_rth_oc,0.0047064311736689,0.006935838887294938,0.0072643227889116506
2026-08-24,abs_rth_oc,0.0007030173794272,0.006624961992918404,0.00732897697646764
2026-08-25,abs_rth_oc,0.0041784024574316,0.007103430324738845,0.007291059857225548
2026-08-27,abs_rth_oc,0.0045988796002788,0.00633198105995621,0.00655091809635684
2026-08-28,abs_rth_oc,0.0022232852237431,0.007318341134964643,0.006657887483865531
2026-08-31,abs_rth_oc,0.0003534118305645,0.006103294100606426,0.0063272351685186926
2026-09-01,abs_rth_oc,0.0030264668679478,0.0077232731323014885,0.008811328061725033
2026-09-02,abs_rth_oc,0.0095941584841403,0.006285084111732594,0.006907973547786942
2026-09-03,abs_rth_oc,0.0005420916473426,0.006269944239090851,0.00626803404927992
2026-09-04,abs_rth_oc,0.0035371792428476,0.006747032634256397,0.006962928165201015
2026-09-08,abs_rth_oc,0.0001256656231166,0.006398547336393536,0.006546434153928122
2026-09-09,abs_rth_oc,0.0016112142860655,0.006264531568482714,0.0068738447477272755
2026-09-10,abs_rth_oc,0.0011178009741166,0.006186324951586435,0.007447626520776711
2026-09-11,abs_rth_oc,0.008317540050605,0.005648289926875291,0.006038403314372179
2026-09-14,abs_rth_oc,0.0060101718947395,0.006250255383056241,0.006256399658901993
2026-09-15,abs_rth_oc,0.0046328097413488,0.0054125377186212105,0.006536742297728576
2026-09-17,abs_rth_oc,0.0036448048285384,0.006525869241502787,0.006187027090964362
2026-04-16,rth_range,0.0092588145378168,0.015790716671249542,0.014322415083475037
2026-04-17,rth_range,0.0096170000295369,0.015995252557402504,0.017897085894057727
2026-04-20,rth_range,0.012353299379721,0.015245367270973467,0.012411402499631588
2026-04-21,rth_range,0.0105691142395499,0.015406123456530927,0.014382915901046305
2026-04-22,rth_range,0.0174016022252942,0.015520514214464638,0.017705293008744676
2026-04-23,rth_range,0.012250131525134,0.014818777110462466,0.013700881346605272
2026-04-24,rth_range,0.0056335334802487,0.0157147732101144,0.01659356707641785
2026-04-27,rth_range,0.0087771062151236,0.01505172060235415,0.015165146222814853
2026-04-28,rth_range,0.0078016028330783,0.014608555631739902,0.015377782675412694
2026-04-29,rth_range,0.0171410836796162,0.014752805855531249,0.01442200024035212
2026-04-30,rth_range,0.0107376868467015,0.014550796530739927,0.013211980720149242
2026-05-01,rth_range,0.0116145602182435,0.015167999186303306,0.015532525349091142
2026-05-04,rth_range,0.0078171586723565,0.014367837240674279,0.012045391637299752
2026-05-05,rth_range,0.0138642514196107,0.014594738602155878,0.015552333994078647
2026-05-06,rth_range,0.0136107771782191,0.015351739457656664,0.017216057875162536
2026-05-07,rth_range,0.0168791268707243,0.014117233213806209,0.013936926801637281
2026-05-08,rth_range,0.0079862405507624,0.01592232785496049,0.016502553869010193
2026-05-11,rth_range,0.0189824313314895,0.014400497399871648,0.012995254578059447
2026-05-12,rth_range,0.0167128661945454,0.014543434896810672,0.012635572535582396
2026-05-13,rth_range,0.010927590706219,0.014919241360934164,0.015384661767525792
2026-05-14,rth_range,0.0133094616239291,0.014788452298061961,0.014999735194520258
2026-05-15,rth_range,0.0186478663265234,0.014402996169127049,0.014595737429078388
2026-05-18,rth_range,0.0159233724664591,0.014938984201155856,0.015271817872630333
2026-05-19,rth_range,0.0133423317546364,0.01463643828308064,0.015025540576455798
2026-05-20,rth_range,0.0145130410595459,0.015060807284473303,0.014970387326475524
2026-05-21,rth_range,0.0086352644831107,0.014882146117633109,0.013851367674305785
2026-05-22,rth_range,0.0097695041116689,0.014184413429164992,0.015221221371899822
2026-05-26,rth_range,0.0107903880247136,0.014425040044885132,0.01389549241676428
2026-05-27,rth_range,0.0139694321350071,0.014236093279768663,0.012635701077510492
2026-05-28,rth_range,0.0086731988778691,0.014424000624857037,0.014833906774109295
2026-05-29,rth_range,0.0130839812702398,0.013727469481967364,0.013127225569895876
2026-06-01,rth_range,0.009707329708181,0.014161295299315403,0.014987081120275346
2026-06-02,rth_range,0.0102391108119084,0.013400228856965143,0.014139976282344181
2026-06-03,rth_range,0.0146195355633255,0.013275779126709908,0.01378184735201331
2026-06-04,rth_range,0.0369560168760014,0.01373717715412459,0.014196349833912804
2026-06-05,rth_range,0.0141264885359327,0.017249103534124222,0.016209951942257144
2026-06-08,rth_range,0.0548689061481026,0.014295400900652738,0.013858293958195333
2026-06-09,rth_range,0.025924354969485,0.022249683631972293,0.022560046889738117
2026-06-10,rth_range,0.0336893930068733,0.02118066941502176,0.023231123832345952
2026-06-11,rth_range,0.0177515346879565,0.024795548474976854,0.020493026873972614
2026-06-12,rth_range,0.010230965436625,0.020858255678514532,0.021146587556540065
2026-06-15,rth_range,0.0195967151272681,0.019244705077617136,0.02000978803005624
2026-06-16,rth_range,0.0203189891040544,0.019742173634765017,0.01910272029436457
2026-06-17,rth_range,0.0128856312476747,0.018950699628712594,0.01618261002981098
2026-06-18,rth_range,0.0149334309517848,0.019216076305064608,0.02192003135415542
2026-06-22,rth_range,0.0155837113757966,0.019322078079997036,0.019891656940059847
2026-06-23,rth_range,0.0216912771515137,0.019557152524984713,0.020591606671348895
2026-06-24,rth_range,0.0302975281371367,0.019798154727586517,0.02049915235796212
2026-06-25,rth_range,0.0177978166798299,0.02078665241168362,0.019983881330770226
2026-06-26,rth_range,0.0274727306277398,0.018878664480777282,0.01947642599544127
2026-06-29,rth_range,0.0189344017913356,0.020199828027569727,0.020283132922568822
2026-06-30,rth_range,0.0099402594806309,0.015098500208400064,0.01598924402990533
2026-07-01,rth_range,0.0320890550900436,0.017037748310939984,0.018559072819575747
2026-07-02,rth_range,0.0107072763741518,0.01941664198910113,0.01811684889868884
2026-07-06,rth_range,0.0158406671866501,0.018791670321771852,0.019360902875714354
2026-07-07,rth_range,0.0159988113531603,0.01826733182605075,0.018913191447139835
2026-07-08,rth_range,0.0127909248210807,0.016234695926760797,0.017045334097808673
2026-07-09,rth_range,0.0129825437839972,0.017082020530058795,0.01630155250305265
2026-07-10,rth_range,0.0119363937477979,0.016015638423888916,0.015610311855458102
2026-07-13,rth_range,0.011169740749367,0.015836343888616728,0.011824958992719292
2026-07-14,rth_range,0.0196334600103923,0.017162100731501904,0.01689744373792812
2026-07-15,rth_range,0.0153119380052743,0.016762890937341277,0.013865222500007563
2026-07-16,rth_range,0.0220131710536315,0.015453156812042419,0.014880156459390156
2026-07-17,rth_range,0.0147986966971601,0.01777888939473367,0.020279913433936772
2026-07-20,rth_range,0.0104157687920999,0.014870687003233792,0.016119176215316642
2026-07-21,rth_range,0.0085053380905466,0.01648723593609929,0.01769906102912586
2026-07-22,rth_range,0.0154107825808851,0.016240193104244485,0.017618835857697288
2026-07-23,rth_range,0.0146685127633913,0.017465410341681878,0.01569689714740897
2026-07-24,rth_range,0.0238954387452249,0.015614304025423504,0.01803730149555591
2026-07-27,rth_range,0.0168885527674216,0.016119492102622184,0.015192988046663783
2026-07-28,rth_range,0.0279944535343448,0.015396373072854021,0.018134514651407842
2026-07-29,rth_range,0.0178622817056676,0.012846027091442412,0.012283634410383945
2026-07-30,rth_range,0.022997632973468,0.017285585438523935,0.015426953970999805
2026-07-31,rth_range,0.022921873508476,0.020621688473604835,0.01922057837525145
2026-08-03,rth_range,0.02589732977842,0.017663214690965927,0.01754607580399076
2026-08-04,rth_range,0.0160530434608102,0.017600062498205726,0.019465014563945632
2026-08-05,rth_range,0.0150843545355554,0.016602067069903827,0.015638418870328793
2026-08-06,rth_range,0.0099629117385466,0.018037561332282043,0.019387332455927397
2026-08-07,rth_range,0.0060024696685599,0.017066043936066054,0.017948164733269798
2026-08-10,rth_range,0.0108895856938273,0.016399607023383687,0.01683322878377032
2026-08-11,rth_range,0.0060268870711578,0.013314223338925674,0.012348742819302493
2026-08-12,rth_range,0.0137211448228365,0.012278424038969329,0.012354017117957455
2026-08-13,rth_range,0.008291566740188,0.013086088203309719,0.010830481210681355
2026-08-14,rth_range,0.0072633229449923,0.01314016309391262,0.011959877650571488
2026-08-17,rth_range,0.0085083946650789,0.012367824737225861,0.010566311551703442
2026-08-18,rth_range,0.0123900914655412,0.01419455826720752,0.009524290828499852
2026-08-19,rth_range,0.0089654546376634,0.014334310263618909,0.013755801524832915
2026-08-20,rth_range,0.0091007142331602,0.013476579802960223,0.013333251851594029
2026-08-21,rth_range,0.0099377183730243,0.01353825249340812,0.014328142833980696
2026-08-24,rth_range,0.0093300002151681,0.013086716172197043,0.01484412120074992
2026-08-25,rth_range,0.0071055395040171,0.013730140678090457,0.014266905998083564
2026-08-27,rth_range,0.0125361986534363,0.012810070082509043,0.013724511685320155
2026-08-28,rth_range,0.0061695406257409,0.014332532039451383,0.012771008902882236
2026-08-31,rth_range,0.0106590972492113,0.012380765654892677,0.01240449714399492
2026-09-01,rth_range,0.0066418123759808,0.015010805703915813,0.01672664385568196
2026-09-02,rth_range,0.0130139030452863,0.013032917093082689,0.014281992171068014
2026-09-03,rth_range,0.007384992990061,0.012842330986410667,0.012001427201172579
2026-09-04,rth_range,0.0087904850493329,0.01346876364099731,0.014555737352981825
2026-09-08,rth_range,0.0079068890133148,0.012990631867551457,0.013014091752204702
2026-09-09,rth_range,0.0072594438507831,0.012458536103109567,0.014273100262758832
2026-09-10,rth_range,0.0056442167749229,0.012683688862594324,0.015595188908404237
2026-09-11,rth_range,0.0142821479170199,0.011813043069297945,0.013844666771951102
2026-09-14,rth_range,0.0083053875028455,0.012653764301177439,0.012699854965640092
2026-09-15,rth_range,0.0168620734852769,0.011476892410718474,0.01373012421503721
2026-09-17,rth_range,0.0092757400231925,0.013491161274479168,0.011266771820005017
