date,next_date,qqq_close,gap,abs_gap,gap_sign,gap_followthrough,gap_direction_success,mfe_from_open,mae_from_open,excursion_efficiency,gap_fill,gap_retention_close,day_abs_oc,day_range,rv5,monthly_opex_week,quarterly_opex_week,eligible_contracts,total_gamma_weight,near_gamma_share_0_5,front_near_gamma_share,weighted_abs_distance
2025-01-02,2025-01-03,510.2300109863281,0.006114819850714381,0.006114819850714381,1.0,0.010188062243378315,1.0,0.012272424520784586,0.0015998014598039845,0.8846759372257496,0.0,0.016365180259338752,0.007913624155633792,0.021379854387405434,0.006029795413445933,False,False,1014,30761.25185893933,0.19701870859960977,0.10422073871464696,0.017638749402610322
2025-01-03,2025-01-06,518.5800170898438,0.010490189097401625,0.010490189097401625,1.0,0.0009922492971907726,1.0,0.007442393865781938,0.003812022532602821,0.6612865209830049,0.0,0.01149284727735167,0.010188062243378315,0.01395448124155575,0.012368080135702196,False,False,1029,28992.423057034695,0.2427308299587556,0.10345724202618603,0.017198355908342594
2025-01-08,2025-01-10,515.27001953125,-0.007355383393681025,0.007355383393681025,-1.0,0.008387441254349537,1.0,0.015002376085779145,0.00019546332953401802,0.9871387422782563,0.0,0.015681131801912884,0.0003688794655241079,0.012325741830455237,0.013309970113179189,False,False,1106,35703.818957836644,0.14969325069818795,0.07308773938409566,0.016996466760650537
2025-01-10,2025-01-13,507.19000244140625,-0.011810150447646106,0.011810150447646106,-1.0,-0.008699092668340791,0.0,0.0030018010073182833,0.009616872883573713,0.2378856156576759,0.0,0.003213795372476458,0.008387441254349537,0.014865939903702644,0.015477517865272324,False,False,960,27559.986528921076,0.1265244534771626,0.10853305563258524,0.01826889015220722
2025-01-13,2025-01-14,505.55999755859375,0.0062900401359635705,0.0062900401359635705,1.0,-0.00719425194080614,0.0,0.002791236102906325,0.014254658084663863,0.16374829458590007,1.0,-0.0009494639382984227,0.008699092668340791,0.01246076771272862,0.012052396558989546,True,False,953,29974.673742172257,0.16543236920152632,0.14187426034210907,0.01687847109488755
2025-01-14,2025-01-15,505.0799865722656,0.015740165787526905,0.015740165787526905,1.0,0.007153544043388749,1.0,0.009395056846220884,0.0030697178039873485,0.7537285759164474,0.0,0.023006307800127246,0.00719425194080614,0.01695151389667751,0.008574901708149875,True,False,964,30515.229368172273,0.16217469838563148,0.13206672022853583,0.016388980876795193
2025-01-15,2025-01-16,516.7000122070312,0.004412557011524099,0.004412557011524099,1.0,-0.011368383369195323,0.0,0.0001541814575805045,0.011755469574460164,0.012945925717362194,1.0,-0.0070059899974166395,0.007153544043388749,0.012651430071947845,0.014001981341201493,True,False,1077,35971.92807875227,0.21629803750822887,0.18210650323574873,0.013579401533974578
2025-01-16,2025-01-17,513.0800170898438,0.019041783290466796,0.019041783290466796,1.0,-0.002122951904738213,0.0,0.0023334260213248026,0.01898226601008668,0.10946986932848306,0.0,0.016878406595622453,0.011368383369195323,0.011825014916226385,0.014426941564056859,True,False,1025,39340.8524727663,0.20702005661977974,0.16990071711874205,0.012959448646566871
2025-01-17,2025-01-21,521.739990234375,0.005251639294783894,0.005251639294783894,1.0,0.0006101421143525076,1.0,0.002840890577068933,0.008498986522527563,0.2505221663442913,1.0,0.005864985655439581,0.002122951904738213,0.02136123335073694,0.013318868937268797,True,False,1106,17386.701360126033,0.18348296633197533,0.13215827442794706,0.015246201939639704
2025-01-21,2025-01-22,524.7999877929688,0.009089214257245182,0.009089214257245182,1.0,0.0036633540694810396,1.0,0.008025378970146324,0.0005857188392734969,0.9319809329499463,0.0,0.012785865336763846,0.0006101421143525076,0.011327429859989042,0.012378138332019908,False,False,1058,18507.76604035817,0.20240349884134706,0.1358048593115982,0.014542755975720023
2025-01-22,2025-01-23,531.510009765625,-0.0046471970290276055,0.0046471970290276055,-1.0,-0.00680484797106895,0.0,0.0011164079982675101,0.007031664699806539,0.13701497760708423,1.0,-0.0021260274727672446,0.0036633540694810396,0.008689019940283704,0.011511642854169678,False,False,1051,21714.37963090243,0.22087561171196138,0.13627550682351877,0.016719101745282135
2025-01-24,2025-01-27,529.6300048828125,-0.03517550877226949,0.03517550877226949,-1.0,-0.006281843390716801,0.0,0.0016661885988145109,0.013679041554549798,0.10858022865490964,0.0,0.02911463241884893,0.006360013740982495,0.01058867801549576,0.008865082093850075,False,False,960,23806.51992815303,0.2565341740050604,0.19618906372973813,0.015433740066194728
2025-01-29,2025-01-30,520.8300170898438,0.005529644583283977,0.005529644583283977,1.0,-0.0012603046571485477,0.0,0.004563505590897465,0.010613457414550442,0.30068634872861943,1.0,0.004262370889314582,0.0031198652801377458,0.010904356888576714,0.01603256821983675,False,False,1259,30855.847145430256,0.17235421898207917,0.10066681326516577,0.01756209786487653
2025-01-30,2025-01-31,523.0499877929688,0.007398901075434727,0.007398901075434727,1.0,-0.008786922176003187,0.0,0.008730047768710447,0.010994033734164299,0.4426085831899478,1.0,-0.0014530346685063256,0.0012603046571485477,0.015148807392797071,0.016261724458539135,False,False,1257,31757.692271188942,0.23452207794161503,0.17606423499649648,0.01563350307956152
2025-01-31,2025-02-03,522.2899780273438,-0.016887184696768198,0.016887184696768198,-1.0,-0.009036584246754797,0.0,0.004735315464162726,0.014372807182290837,0.24781688666006094,0.0,0.008003202917216234,0.008786922176003187,0.01974957906687215,0.016232553623352,False,False,1147,21414.183248642657,0.19709761227862918,0.10166771302358822,0.017669294249587297
2025-02-04,2025-02-05,524.469970703125,-0.0050526503459361605,0.0050526503459361605,-1.0,-0.009639278278177565,0.0,0.0023049675738273656,0.009945962915487883,0.18814632699431788,1.0,-0.004537924029514473,0.01126037013927128,0.013279043209607487,0.007634242519802439,False,False,1025,25292.607779912938,0.1858415273373186,0.10522381719642816,0.017585971764465073
2025-02-07,2025-02-10,522.9199829101562,0.008223032076606573,0.008223032076606573,1.0,0.003850440821063117,1.0,0.005955796105845179,0.0008922082641196205,0.8697126613947814,0.0,0.012105135196050387,0.013619103517528708,0.018712185803194344,0.010262397864164866,False,False,1074,24029.13447848052,0.17532502115567924,0.08913360567819018,0.01647329425967146
2025-02-10,2025-02-11,529.25,-0.0062163023662612504,0.0062163023662612504,-1.0,-0.003859548590984474,0.0,0.0002472374695001722,0.007529015081123136,0.03179390945582841,1.0,0.0023807458963155392,0.003850440821063117,0.006903513863578507,0.010142581461344183,False,False,996,25637.666912148692,0.23183581637477843,0.14775346615663987,0.015399934328188668
2025-02-11,2025-02-12,527.989990234375,-0.010776724079334277,0.010776724079334277,-1.0,-0.011487651043902147,0.0,0.000670515524001436,0.013191680661437388,0.04837007895659139,1.0,-0.0005871277189481994,0.003859548590984474,0.007727852282120926,0.009350123212144354,False,False,1053,27220.36621278781,0.2267660637154087,0.14160679021561084,0.015105936908569761
2025-02-12,2025-02-13,528.2999877929688,0.0031799975669120073,0.0031799975669120073,1.0,0.011170316169445416,1.0,0.011774011216151958,0.001492806031291538,0.8874782094718912,0.0,0.014385835314598028,0.011487651043902147,0.013712362674074873,0.009181288211199557,False,False,1093,26926.64028333541,0.2389484562999117,0.1416467113514755,0.014681357845442718
2025-02-14,2025-02-18,538.1500244140625,0.002935902597807738,0.002935902597807738,1.0,-0.0006669730505796112,0.0,0.0005002863302414617,0.006883819477393471,0.06775178244658703,1.0,0.002266971379316196,0.003992490083110978,0.005915364435332008,0.007247972674192144,False,False,946,20127.069793719704,0.18599728393727835,0.14752912879566857,0.016149693016947565
2025-02-21,2025-02-24,526.0800170898438,0.0034215095318119726,0.0034215095318119726,1.0,-0.015173921519158862,0.0,0.0022543048238214958,0.01607217122220672,0.12300809048939101,1.0,-0.011804329704459549,0.02284629384712389,0.02362117324564393,0.010061802768742427,True,False,1188,24452.083768640186,0.14254403587065093,0.08295670127730886,0.019566313217702837
2025-02-25,2025-02-26,513.3200073242188,0.0043053493748985705,0.0043053493748985705,1.0,-0.001881620241606985,0.0,0.008011063590784406,0.008135076792556317,0.4961596642037169,1.0,0.0024156281007605696,0.011401246093322048,0.019004760758668866,0.008128405822037534,False,False,1065,24676.02919582658,0.1463335695808047,0.10281130021804379,0.01757677533302779
2025-02-26,2025-02-27,514.5599975585938,0.0069379806847738035,0.0069379806847738035,1.0,-0.03447014398091097,0.0,0.0018142212042300265,0.03615641942047043,0.04777957849491349,1.0,-0.02777131648927811,0.001881620241606985,0.016149727088482068,0.008819427402180571,False,False,1228,29530.82860544797,0.1568251379662185,0.10413807615717896,0.018448754271078328
2025-02-28,2025-03-03,508.1700134277344,0.006592233893025323,0.006592233893025323,1.0,-0.028288241968030592,0.0,0.002971514400840425,0.03634669745423236,0.07557603107164305,1.0,-0.021882490782480946,0.016075837215177247,0.023687221627823402,0.01653613869640904,False,False,1177,22013.55513663769,0.18091574120170198,0.09037808242075307,0.018575110540453774
2025-03-03,2025-03-04,497.04998779296875,-0.005774057313492786,0.005774057313492786,-1.0,-0.002772259374098862,0.0,0.013203761369477984,0.01934517321680773,0.4056587884459144,1.0,0.003017805123907924,0.028288241968030592,0.038294253775061605,0.017860779511723712,False,False,1015,21027.641745930043,0.09744747890770504,0.059512594415076094,0.02067177625773135
2025-03-05,2025-03-06,502.010009765625,-0.016573389299753494,0.016573389299753494,-1.0,0.011120318838189536,1.0,0.01540516257985125,0.009904968921139456,0.6086559676407944,0.0,0.02750940676470026,0.011708983102905801,0.02496215401453192,0.019778777875929483,False,False,1208,25609.43865846506,0.1946569332341156,0.09063872082321368,0.01968868433453051
2025-03-07,2025-03-10,491.7900085449219,-0.016958450137217085,0.016958450137217085,-1.0,0.022173959975229862,1.0,0.03155807713342873,0.0010755796887831348,0.9670407856942637,0.0,0.03875637411786237,0.009504074324672596,0.026116345106917162,0.017774097159277042,False,False,1088,20776.741599412544,0.13805468426147505,0.09011240185065725,0.022442500147121593
2025-03-11,2025-03-12,471.6000061035156,0.01603052896681767,0.01603052896681767,1.0,-0.004674827233607348,0.0,0.003965259792059417,0.01562134632718859,0.20244751785572007,0.0,0.011280761779827175,0.0015878056320711709,0.024961368050969834,0.022486769592958068,False,False,1081,17211.868826450285,0.1309002339519377,0.06761926415404437,0.022406480330034863
2025-03-13,2025-03-14,468.3399963378906,0.011508764339120736,0.011508764339120736,1.0,0.012517663095556797,1.0,0.014417466518630073,0.0012893470481827318,0.9179116093344983,0.0,0.024170490269320943,0.01660893157398291,0.02065337127020809,0.020522306133510464,False,False,1153,19402.665719549957,0.20977864356253015,0.13261640732357585,0.020168182405569265
2025-03-17,2025-03-18,482.7699890136719,-0.006959805762630666,0.006959805762630666,-1.0,0.010158309338534122,1.0,0.014817637107038761,0.0004171412526345897,0.9726191453012032,0.0,0.01704741524129194,0.006588694478062207,0.016761890679935783,0.015731830258624995,True,True,1093,23174.42106722971,0.15283189959434304,0.12523798431413624,0.01986354276020506
2025-03-18,2025-03-19,474.5400085449219,0.004783556650222787,0.004783556650222787,1.0,0.008556903401217841,1.0,0.01786872980284948,0.004085333799469737,0.8139144591419438,0.0,0.01338139248361081,0.010158309338534122,0.014913896582849155,0.018427319870273066,True,True,1064,23940.19412196507,0.16316041717185967,0.11503242569913254,0.01780952174105424
2025-03-19,2025-03-20,480.8900146484375,-0.008338725370616418,0.008338725370616418,-1.0,-0.004990783548153521,0.0,0.0014700579986524076,0.01608367478531858,0.08374617619762197,1.0,0.0033895585958551022,0.008556903401217841,0.022042380551118356,0.018730941794738682,True,True,1118,28425.397484847497,0.2029907085148727,0.1384118704779392,0.0176199100667846
2025-03-20,2025-03-21,479.260009765625,-0.01080837768186127,0.01080837768186127,-1.0,-0.014259217763023191,0.0,0.0024740075301772357,0.015883393082549047,0.13476894590741392,1.0,-0.0032967210701311256,0.004990783548153521,0.01740521712289352,0.015780029602938877,True,True,1110,29978.316360622324,0.27747444698609175,0.2007783551831433,0.015180209817199196
2025-03-21,2025-03-24,480.8399963378906,0.014349875112376731,0.014349875112376731,1.0,0.005986823894286841,1.0,0.007729568226378936,0.0068951205201797094,0.528528733864356,0.0,0.020422609181866225,0.014259217763023191,0.018152947277424048,0.011538926133536654,True,True,1032,18827.02879881547,0.20626227423499158,0.10766593895531751,0.01801198904096544
2025-03-26,2025-03-27,484.3800048828125,-0.004067057270829566,0.004067057270829566,-1.0,0.0016376288611859025,1.0,0.004497665095490655,0.008644063925915102,0.34224302511219673,1.0,0.005698025801648687,0.016087717055737416,0.020954072299561335,0.014132663793538443,False,False,1247,24596.860469743053,0.14870743390487015,0.10744492944642309,0.018000904901293514
2025-03-27,2025-03-28,481.6199951171875,-0.003758144547452491,0.003758144547452491,-1.0,0.022654790797392854,1.0,0.025125542297475212,0.0014797346005517298,0.9443819131737182,0.0,0.02632779536633645,0.0016376288611859025,0.013068224345464173,0.014369168624388952,False,False,1216,27241.537508906877,0.197045281617219,0.13557368060469724,0.0178872427628369
2025-03-28,2025-03-31,468.94000244140625,-0.014969908681546129,0.014969908681546129,-1.0,-0.015154138804369222,0.0,0.010036575318123075,0.017189062376640862,0.36864426944362516,1.0,4.2625951225727654e-05,0.022654790797392854,0.025891784699821136,0.018680073978593097,False,False,1067,17090.617111872572,0.1555167962753707,0.07637663895316654,0.020692192953182458
2025-03-31,2025-04-01,468.9200134277344,-0.0034548016471369625,0.0034548016471369625,-1.0,-0.011555798320403321,0.0,0.006201227944459653,0.013545938915470623,0.3140312728628834,1.0,-0.008061073682195108,0.015154138804369222,0.026719833484161952,0.013191232145739341,False,False,1135,18816.599057308085,0.18761203593623102,0.10906760445114383,0.01973013339657229
2025-04-01,2025-04-02,472.70001220703125,-0.013920069642312294,0.013920069642312294,-1.0,-0.021518061624400397,0.0,0.0005581285660942736,0.028833782249627182,0.018989189562855367,1.0,-0.007298459065709029,0.011555798320403321,0.019640858123658404,0.013869921975673417,False,False,1173,21574.22445122173,0.14551170754463252,0.08138205913155108,0.02036476048249588
2025-04-02,2025-04-03,476.1499938964844,-0.041394501118828364,0.041394501118828364,-1.0,0.012663216958156198,1.0,0.013995618225340678,0.007952863165796797,0.6376577028692261,0.0,0.05353353052844212,0.021518061624400397,0.0289824663703012,0.014035962503598893,False,False,1090,21268.715578891162,0.17108567945781278,0.0924206493491742,0.01847428671618214
2025-04-03,2025-04-04,450.6600036621094,-0.027781451453275596,0.027781451453275596,-1.0,0.03530835053519643,1.0,0.03660065944883528,0.005089652609199247,0.8779176178361473,0.0,0.062108884762183125,0.012663216958156198,0.020854757540835007,0.026664796656661473,False,False,941,14704.28412355384,0.17067064446865077,0.10051325252390675,0.020616262786245055
2025-04-04,2025-04-07,422.6700134277344,-0.03314644834159819,0.03314644834159819,-1.0,-0.036778736956416314,0.0,0.01558187028858038,0.08437334380008732,0.15588851897969128,1.0,-0.002413204110223166,0.03530835053519643,0.03927568798123033,0.03474392449387128,False,False,598,4813.184037969926,0.02244068311446846,0.022184246308582144,0.022828210588033117
2025-04-07,2025-04-08,423.69000244140625,0.0341523310376064,0.0341523310376064,1.0,-0.05043820960107126,0.0,0.011365736134529847,0.06923056815836826,0.14102056209953737,1.0,-0.018008460994704878,0.036778736956416314,0.09641090852300832,0.035113137262522146,False,False,708,7510.273571704981,0.15244542077123235,0.10551725064310745,0.02050538088879383
2025-04-09,2025-04-10,466.0,-0.026695284209026338,0.026695284209026338,-1.0,0.016271286979754218,1.0,0.048378504587194726,0.004475700657518011,0.9153198759342666,0.0,0.04253220455840934,0.12135137711330746,0.12594335962112022,0.07320476048084834,False,False,1072,15376.858497509806,0.13272373337749505,0.05428616542198882,0.02082060711045384
2025-04-10,2025-04-11,446.17999267578125,-0.0034291066484656296,0.0034291066484656296,-1.0,-0.021927358897636307,0.0,0.007522732253035125,0.025053446084227105,0.2309274026913788,1.0,-0.018423060996991536,0.016271286979754218,0.0492703679293522,0.07142129905521759,False,False,1014,13247.970921650916,0.10850433038074032,0.09707142771171853,0.0227994186240721
2025-04-11,2025-04-14,454.3999938964844,0.022139079431602093,0.022139079431602093,1.0,-0.015028163021927554,0.0,0.0012702845212615443,0.026136107736225878,0.046349935786039215,1.0,0.006778206714820989,0.021927358897636307,0.03240849480035671,0.06244086547327601,False,False,1000,13339.74333417471,0.09629446551671778,0.07739229729286445,0.02338574791061006
2025-04-15,2025-04-16,457.989990234375,-0.01956372769302861,0.01956372769302861,-1.0,0.010801073684832962,1.0,0.02574467462138852,0.007995003335300899,0.7630385403925954,0.0,0.030153492113499047,0.0011994990628892976,0.013618105352616839,0.06009882807773198,True,False,1004,20140.984789461017,0.15742949208700735,0.12968773620084936,0.018995500890946242
2025-04-16,2025-04-17,444.17999267578125,0.006731552076312486,0.006731552076312486,1.0,-0.006865414119980762,0.0,0.0012970157990241926,0.01316392121851262,0.08969099287627755,1.0,-0.000180076936342366,0.010801073684832962,0.03244609198545573,0.025859177146983246,True,False,929,18690.62163920268,0.158676609220541,0.12980328173896885,0.020148248813756747
2025-04-17,2025-04-21,444.1000061035156,-0.013217732574899443,0.013217732574899443,-1.0,0.011683420821047674,1.0,0.02406940033845828,0.0019395649878575227,0.9254270608798468,0.0,0.024746725063974573,0.006865414119980762,0.014386092921348083,0.01797660514031434,True,False,908,12010.68140374998,0.12784971048137547,0.06059685863275825,0.022442619305631458
2025-04-21,2025-04-22,433.1099853515625,0.013183768940402851,0.013183768940402851,1.0,0.012898235193564256,1.0,0.0199625794217142,0.0027421329473529266,0.8792262635712221,0.0,0.026252051486498118,0.011683420821047674,0.025106943803746343,0.016759503755481436,False,False,911,11306.553981959009,0.1279856178431523,0.05035297107864067,0.021312316633675936
2025-04-22,2025-04-23,444.4800109863281,0.030800040728552247,0.030800040728552247,1.0,-0.007879205891570207,0.0,0.011371306070644627,0.011680817187525783,0.49328671130605173,0.0,0.022678154974612896,0.012898235193564256,0.022996448458682928,0.022685189854564698,False,False,975,14613.620949824846,0.12340037580386586,0.09175364160546634,0.02134158505699366
2025-04-23,2025-04-24,454.55999755859375,0.0042238943990817734,0.0042238943990817734,1.0,0.023812642077580604,1.0,0.02449174642198315,0.0014260238097771882,0.9449789161249026,0.0,0.02813711856216128,0.007879205891570207,0.023623109567289344,0.026065159314729486,False,False,1118,15010.13839818264,0.09676715154956145,0.06015383030952531,0.022528806704116954
2025-04-28,2025-04-29,472.4100036621094,-0.004741623202325629,0.004741623202325629,-1.0,-0.011400100385998702,0.0,0.0012351564010455451,0.013293063831176566,0.0850177366052102,1.0,-0.00660442220317381,0.0013106887909593024,0.018579648774033657,0.01198266398113574,False,False,993,17370.012907379936,0.0638802985686821,0.05520381298594201,0.021044948696424252
2025-04-29,2025-04-30,475.5299987792969,-0.017664487872578905,0.017664487872578905,-1.0,-0.017853694369264206,0.0,0.010163727010515267,0.02155718369395898,0.3204109461170567,1.0,0.0001261698709813519,0.011400100385998702,0.014457816381739687,0.011644452549985352,False,False,1032,17767.22348623378,0.11930495852314536,0.06888249315479306,0.01963191602722852
2025-04-30,2025-05-01,475.4700012207031,0.01669927108129099,0.01669927108129099,1.0,-0.0035787653818131204,0.0,0.007798740169032481,0.005553965723618326,0.5840569118896588,0.0,0.013060742926230606,0.017853694369264206,0.031060121483744846,0.011690199377000781,False,False,1028,17776.93844307316,0.11613086773401568,0.06155493970809301,0.020525530504528357
2025-05-01,2025-05-02,481.67999267578125,0.010089719197475366,0.010089719197475366,1.0,0.004706659241019651,1.0,0.008981779587369676,0.0035270548852517347,0.7180348902232625,0.0,0.014843867308595105,0.0035787653818131204,0.013544497917581423,0.006207515967686594,False,False,1047,18591.875141783676,0.13440571568966467,0.06961088344435687,0.01995414956495444
2025-05-02,2025-05-05,488.8299865722656,-0.008653275341005795,0.008653275341005795,-1.0,-0.0027445038289610757,0.0,0.0010328444406031423,0.00914154482044105,0.1015141463633309,1.0,0.00593252045935122,0.004706659241019651,0.012622523630405818,0.007116308908215484,False,False,999,15880.1410863787,0.1880398878413386,0.0747456824856609,0.01871413856459248
2025-05-05,2025-05-06,485.92999267578125,-0.013108874144835192,0.013108874144835192,-1.0,-0.0038577156412833435,0.0,0.0028649597653505054,0.011447973689056923,0.2001657993084771,0.0,0.009301728812379895,0.0027445038289610757,0.010085291023881225,0.008773085542247152,False,False,1020,17786.319492596638,0.19523865338044102,0.13460702864368082,0.01819554021520372
2025-05-07,2025-05-08,483.29998779296875,0.010821458966327357,0.010821458966327357,1.0,-0.0004912497389610859,0.0,0.008535839023507519,0.009005071009448695,0.4866246396264625,0.0,0.01032489318847385,0.0025307029013539317,0.01873660485876151,0.010873889798623465,False,False,1149,20801.14702871807,0.1790183166359293,0.11610508286163458,0.01960172241650032
2025-05-08,2025-05-09,488.2900085449219,0.003932054468772872,0.003932054468772872,1.0,-0.0045694503853870305,0.0,0.002713157856892856,0.008247591829223078,0.24753396752866585,1.0,-0.000655363244421836,0.0004912497389610859,0.017649490988505614,0.01031565975146555,False,False,1191,21247.443835122154,0.21812416430901072,0.1008043486015994,0.01809394125240351
2025-05-09,2025-05-12,487.9700012207031,0.03897778340080649,0.03897778340080649,1.0,0.0016963172561712536,1.0,0.001775231131577959,0.010987435445751093,0.13909562870908096,0.0,0.04074021934356775,0.0045694503853870305,0.01093611633341327,0.007804257117015537,False,False,1169,19384.373963510436,0.22229116412856134,0.18427231771213098,0.018959686077150074
2025-05-12,2025-05-13,507.8500061035156,0.002579496983065477,0.002579496983065477,1.0,0.012628688716929348,1.0,0.01616389922054795,0.0014554703096480992,0.9173937349373531,0.0,0.01524076136444008,0.0016963172561712536,0.01313606091783131,0.0191253894939955,True,False,950,13396.971174207752,0.1347804967027381,0.10162961721164812,0.020239305439528017
2025-05-14,2025-05-15,518.6799926757812,-0.004164365649402257,0.004164365649402257,-1.0,-0.00528533331820813,0.0,0.002620565378183448,0.01047388860056353,0.20012788486154295,1.0,-0.001098957608289819,0.003695982878928916,0.006749510827379746,0.015877937522375787,True,False,977,16473.609302059584,0.16214414592964702,0.12092106048714413,0.01766546013918192
2025-05-15,2025-05-16,519.25,0.0027154032634209013,0.0027154032634209013,1.0,0.0016326137305311406,1.0,0.0019975398842715375,0.006884544046941388,0.22489540740004652,1.0,0.004352450198603863,0.00528533331820813,0.013033102994297635,0.016958831957688866,True,False,986,18732.343512716754,0.21397595302060254,0.1671754764511986,0.015567850945310139
2025-05-16,2025-05-19,521.510009765625,-0.013940325967122358,0.013940325967122358,-1.0,-0.015109714683427589,0.0,0.0,0.016120953679082062,0.0,1.0,-0.0009587543683480249,0.0016326137305311406,0.008859001677599903,0.016115801596249077,True,False,1035,11311.52609409385,0.22421983219122618,0.17148957456546152,0.01635622902727539
2025-05-19,2025-05-20,522.010009765625,-0.00486588190835735,0.00486588190835735,-1.0,-0.0015401252685349753,0.0,0.0054387754125626575,0.0028105993705085375,0.6592954685152312,0.0,0.0033332507075031215,0.015109714683427589,0.01589622232989483,0.005840170318119965,False,False,978,13535.20640973679,0.24180314832091052,0.17846681342879836,0.01528603279852608
2025-05-20,2025-05-21,520.27001953125,-0.007688315393617917,0.007688315393617917,-1.0,0.006256496371489839,1.0,0.009838880746729117,0.013035776268512489,0.43012145450632877,1.0,0.013896709847744715,0.0015401252685349753,0.008179957187348146,0.00359323165578271,False,False,975,16791.86545741702,0.2871282774307706,0.23365055215657993,0.014172358940068344
2025-05-22,2025-05-23,514.0,-0.015214022031553975,0.015214022031553975,-1.0,-0.006045275599333655,0.0,0.0011867679090376004,0.011181800434642453,0.0959503053272937,0.0,0.009260719388375471,0.0006619687599700441,0.01054505381917656,0.007200749561137764,False,False,1120,26778.772893474183,0.17037530753371008,0.11622002624731934,0.01686533205741603
2025-05-23,2025-05-27,509.239990234375,0.013569307815961551,0.013569307815961551,1.0,0.0098226214264312,1.0,0.010772057145411296,0.0030315347697786876,0.7803807307254081,0.0,0.023525215416087653,0.006045275599333655,0.012179007326118678,0.006753613774102311,False,False,993,20659.22166575811,0.193182899907266,0.10935472072052763,0.018583941337885376
2025-05-28,2025-05-29,518.9099731445312,0.01429928952867865,0.01429928952867865,1.0,-0.012159717679506854,0.0,0.0002849227177568192,0.017416704627815083,0.016095848827599075,1.0,0.0019656965254855052,0.0062622459249991325,0.01014922359979334,0.014615888769067414,False,False,1142,24513.731158555383,0.16819285911915655,0.10918422474808764,0.018055981681516974
2025-05-30,2025-06-02,519.1099853515625,-0.003602310049807822,0.003602310049807822,-1.0,-0.011542092357507139,0.0,0.0024614214069849094,0.01200607472334525,0.1701345820182872,1.0,-0.00789820411240405,0.0006353324508945324,0.016829188781683418,0.012691488296088389,False,False,1125,19604.964874976726,0.21726030951080322,0.14329195574017015,0.017399232069225376
2025-06-04,2025-06-05,528.77001953125,0.0026665149166005264,0.0026665149166005264,1.0,-0.010166386364816371,0.0,0.0054132467404188755,0.014387976729892893,0.2733794075166631,1.0,-0.007526980269105477,0.001439385147191441,0.007339382214936124,0.0040691702422549735,False,False,1222,24452.504565083833,0.17850310175587178,0.11286455583219769,0.01643665100582737
2025-06-05,2025-06-06,524.7899780273438,0.009927822921162566,0.009927822921162566,1.0,-0.00015097564121457907,0.0,0.0033962033829599836,0.003388761956198527,0.5005483761809739,0.0,0.009775348420516528,0.010166386364816371,0.01964940194160054,0.006571431483735297,False,False,1336,26524.67735029239,0.1684178085225411,0.07643179268989454,0.017615180514877326
2025-06-10,2025-06-11,534.2100219726562,0.0026393610874702045,0.0026393610874702045,1.0,-0.00599309585512009,0.0,0.0021657783321433755,0.01039408786456053,0.17243641757200742,1.0,-0.0033695527116432977,0.005723288514618785,0.011324683677000626,0.006547092610488239,False,False,1018,24983.097943217115,0.1958889087189176,0.1128236888461041,0.01616619942650056
2025-06-12,2025-06-13,533.6599731445312,-0.011205600512839031,0.011205600512839031,-1.0,0.0013644078098814516,1.0,0.0037091516167531147,0.007940423172308364,0.31839373401301063,0.0,0.012554719313866314,0.004839003105139961,0.007137333980663773,0.005040348249253042,False,False,1150,29827.20026435027,0.29516074999029157,0.19623195438516153,0.014320164818755277
2025-06-13,2025-06-16,526.9600219726562,0.006717735463293684,0.006717735463293684,1.0,0.00714416216275926,1.0,0.009180009645970877,9.423657614937575e-05,0.9898388964566619,0.0,0.013909890217569165,0.0013644078098814516,0.011505480938092763,0.007320665293622239,False,False,1170,24312.85016706933,0.18036817276151296,0.1493418244907302,0.01638131095265644
2025-06-16,2025-06-17,534.2899780273438,-0.004828756220008001,0.004828756220008001,-1.0,0.004946314295628862,1.0,0.007198289521771484,0.0030467643080664963,0.7026111957369111,0.0,0.009751185969715803,0.00714416216275926,0.009336539215514809,0.010025754133860662,True,True,991,26092.135646086994,0.23871982663812877,0.1922800968376705,0.014705083396209703
2025-06-18,2025-06-20,528.989990234375,0.006181628370323544,0.006181628370323544,1.0,-0.01020176713665244,0.0,0.0024423923817631366,0.014060365824871246,0.14799904059560506,1.0,-0.00408320229948822,0.00209391700185535,0.009733808143488678,0.010535644784455749,True,True,1114,32874.730840152566,0.22573461379104692,0.16209345173540052,0.014720216653067835
2025-06-23,2025-06-24,531.6500244140625,0.009856089520827283,0.009856089520827283,1.0,0.00538288023540523,1.0,0.0070964209701098735,0.0011561248897140608,0.8599068809368935,0.0,0.015292023905712604,0.009187424076799955,0.016172120455772713,0.009651181771406689,False,False,999,21485.36739663405,0.28368747421573165,0.20757088341705518,0.015066655008859472
2025-06-24,2025-06-25,539.780029296875,0.004223884060120975,0.004223884060120975,1.0,-0.0016603778513746281,0.0,0.00230601779439521,0.0049686541056772615,0.31699268724026397,1.0,0.002556492965206214,0.00538288023540523,0.008332535450672827,0.01009398783405521,False,False,935,20032.200567969678,0.19618143381137135,0.1330134182671207,0.015881425682305772
2025-06-25,2025-06-26,541.1599731445312,0.0040468670080693325,0.0040468670080693325,1.0,0.005282037813828078,1.0,0.006110255771408779,0.003379295295992124,0.6438930280273332,0.0,0.009350280526461585,0.0016603778513746281,0.007280730042755589,0.007702738136934603,False,False,1006,22894.837841268953,0.25385204340675493,0.18524895071690645,0.013819763690571167
2025-06-27,2025-06-30,548.0900268554688,0.005783690187437296,0.005783690187437296,1.0,0.0006893387441146981,1.0,0.0027935602076387678,0.004098285932820245,0.40534279940450185,0.0,0.0064770158532823086,0.0015166777674824328,0.009977687560591548,0.005169180655537534,False,False,983,18137.734681350274,0.27629129856916806,0.1809772384623125,0.01427758868191537
2025-06-30,2025-07-01,551.6400146484375,-0.0034624648846490746,0.0034624648846490746,-1.0,0.004984247415501408,1.0,0.009308573374591234,0.001782768884226682,0.839264820918376,0.0,0.008429454518497859,0.0006893387441146981,0.0069148823033467945,0.00515287833303943,False,False,791,18888.889775732718,0.27111146174172074,0.19002186659422432,0.014566559626420164
2025-07-02,2025-07-03,550.7999877929688,0.0043209966150310475,0.0043209966150310475,1.0,0.0054954591048008705,1.0,0.007267109411901895,0.0,1.0,0.0,0.009840201580021635,0.008495706160454253,0.008921561582363709,0.007024930238405226,False,False,939,24417.689784722137,0.2684466512294813,0.17982189552904812,0.014262930998525413
2025-07-03,2025-07-07,556.219970703125,-0.004854106853556472,0.004854106853556472,-1.0,0.0026918452482292965,1.0,0.007169115176838936,0.001481441131818917,0.8287461431426987,0.0,0.0075328855973175735,0.0054954591048008705,0.007298510567071799,0.007128582132017076,False,False,893,17434.407470407707,0.15115407670903913,0.08623171964507718,0.017820894413763562
2025-07-08,2025-07-09,552.3400268554688,0.0038743410023427405,0.0038743410023427405,1.0,0.0031922153974859313,1.0,0.005681042643594703,0.0024950369620799773,0.6948370022781731,0.0,0.007078924130831332,0.0018793198492308427,0.005271514275036873,0.008262368280204904,False,False,978,24540.462718414972,0.3385313212565781,0.21965961921388588,0.014730970880184881
2025-07-10,2025-07-11,555.4500122070312,-0.003870779308329797,0.003870779308329797,-1.0,-0.0016266481726352477,0.0,0.0022642877051719523,0.0045002535501712515,0.3347289372185331,1.0,0.0022504275317831723,0.0025857932509623094,0.008179753335674157,0.006920731310876107,False,False,1276,26860.898552922277,0.31043394815619507,0.22097793827312423,0.012698455807276413
2025-07-14,2025-07-15,556.2100219726562,0.007263403872183938,0.007263403872183938,1.0,-0.006300810882418517,0.0,0.000981682807619455,0.006449227587155049,0.13210801307869155,0.0,0.000916827655604191,0.0040073499113981725,0.009599435595521724,0.003847921486976976,True,False,1141,23383.7400977921,0.25354964122451884,0.22431675911870116,0.013500610022595694
2025-07-28,2025-07-29,568.1400146484375,0.004611530696018162,0.004611530696018162,1.0,-0.006132174539413171,0.0,0.00236522454769017,0.00746647176673032,0.24057135941241525,1.0,-0.001548922554516885,0.0007045908707212778,0.003831387483207438,0.003799802819534207,False,False,1031,25509.94064358068,0.29762631976141257,0.19681712656987804,0.013300438684329188
2025-07-30,2025-07-31,568.02001953125,0.011478395605623692,0.011478395605623692,1.0,-0.016587128182862787,0.0,0.0001566938053254585,0.018922771210655887,0.008212693867160774,1.0,-0.005299126196483317,0.0002815536389760842,0.00981914329994831,0.0018152102801480162,False,False,940,28709.201050747117,0.25386959596522607,0.14659166936175588,0.013618763211591174
2025-07-31,2025-08-01,565.010009765625,-0.01093784635487216,0.01093784635487216,-1.0,0.008857813745955956,1.0,0.012960456259040853,0.0003400004215874386,0.9744369362833504,0.0,0.019698774695034893,0.016587128182862787,0.018943011506010892,0.0034581570916229413,False,False,1232,29220.32157345039,0.20731675922514312,0.11084121555130469,0.01313622760416264
2025-08-01,2025-08-04,553.8800048828125,0.009334120864771256,0.009334120864771256,1.0,0.00903315965161755,1.0,0.009426741161474794,0.00017886319662596684,0.9813792875536119,0.0,0.018451597120367813,0.008857813745955956,0.01299096782110729,0.009118142257488068,False,False,1187,22459.051428388815,0.12468597532028562,0.061031667022833615,0.01833340300503244
2025-08-06,2025-08-07,567.3200073242188,0.007667587128566522,0.007667587128566522,1.0,-0.004250691392630235,0.0,0.0028863233393203735,0.011608355415119176,0.19912985918617387,1.0,0.0033843031893268094,0.01106738809640917,0.012726015375189663,0.015499231794877822,False,False,1217,31809.186289630343,0.35385545350886877,0.23015148200595367,0.013366838354003492
2025-08-11,2025-08-12,572.8499755859375,0.0040324651427818825,0.0040324651427818825,1.0,0.008502007922600585,1.0,0.009023580714477175,0.00466380715069481,0.6592624395073933,1.0,0.01256875711597405,0.0032017728647651955,0.009102742285036046,0.008113478159720007,True,False,1019,27092.011273599983,0.2639427013174879,0.22034201030231942,0.014296227285668425
2025-08-12,2025-08-13,580.0499877929688,0.004672049012478308,0.004672049012478308,1.0,-0.004152623497843511,0.0,0.0009609402656489685,0.006598278419369219,0.12712163858329448,1.0,0.0005000242541226552,0.008502007922600585,0.013720844351128657,0.006705484879376091,True,False,855,22782.965714086386,0.3024702215237302,0.2500094536442723,0.012597724936771412
2025-08-13,2025-08-14,580.3400268554688,-0.003549638941424904,0.003549638941424904,-1.0,-0.0027840929480480447,0.0,0.0006403352936275031,0.0062253154242843944,0.09326651178990548,1.0,0.0007754285181217346,0.004152623497843511,0.007551081760173763,0.006349703570768881,True,False,970,25467.301357113476,0.352457882493789,0.29138096755444176,0.011612163310033332
2025-08-20,2025-08-21,565.9000244140625,-0.002739085989137302,0.002739085989137302,-1.0,0.001895891442099562,1.0,0.0060073357954264495,0.003791999186702588,0.6130350484376721,1.0,0.004629784421550931,0.004275671885543009,0.016880945856175413,0.005330675503477616,False,False,1115,30902.76000693072,0.21678534547889655,0.14673401051134607,0.015735538277196693
2025-08-22,2025-08-25,571.969970703125,-0.00274480544342659,0.00274480544342659,-1.0,0.00014028240957031368,1.0,0.0021787394195698084,0.005066538375852803,0.30071164710154835,1.0,0.0028847028050754675,0.012927883567223741,0.019031334585936602,0.010751105047913191,False,False,907,26731.584580513685,0.17003192155314467,0.11887311402565374,0.01700027310227823
2025-08-28,2025-08-29,577.0800170898438,-0.004193602054558321,0.004193602054558321,-1.0,0.007412990167313005,1.0,0.010764405941024568,0.0006439567216049991,0.943553975215531,0.0,0.011575505091075189,0.005173280057936047,0.009660112855814033,0.006807468918211694,False,False,652,34294.48381790549,0.17834871363410537,0.12472660918057138,0.015009767246989315
2025-08-29,2025-09-02,570.4000244140625,-0.01593623153296042,0.01593623153296042,-1.0,-0.0076784621284851085,0.0,0.0031633477512906794,0.008301959995011154,0.27590604816613196,0.0,0.008380135154771873,0.007412990167313005,0.011246362856679605,0.007045965527641818,False,False,1052,24555.45030741094,0.1639358541532216,0.0744632557428329,0.018511210041702378
2025-09-02,2025-09-03,565.6199951171875,0.006382351017867771,0.006382351017867771,1.0,0.0014757248990593386,1.0,0.0043392509583688454,0.004411271833426156,0.4958847673007125,0.0,0.007867494511238471,0.0076784621284851085,0.011272777700853701,0.00788394894479992,False,False,997,32040.83914926883,0.19560355581238578,0.12156694338220522,0.017292660259004538
2025-09-04,2025-09-05,575.22998046875,0.009144185706973618,0.009144185706973618,1.0,-0.00763147125757091,0.0,0.0010852984434031043,0.01567714814306953,0.06474582560513241,1.0,0.001442930859006042,0.00786696273469678,0.011524806084607679,0.00981268113009935,False,False,1239,31151.416882033063,0.19082962673324166,0.12546784235838332,0.016617287105776958
2025-09-05,2025-09-08,576.0599975585938,0.004009994737325551,0.004009994737325551,1.0,0.0008644985117161053,1.0,0.004270677523270816,0.001038433227158908,0.8044054313474519,0.0,0.004877959883524019,0.00763147125757091,0.016671533379567106,0.009349059566029655,False,False,1192,26683.366668981773,0.15206375461809724,0.08740878341070571,0.017384391092087923
2025-09-09,2025-09-10,580.510009765625,0.005564039231733542,0.005564039231733542,1.0,-0.0052077604382101406,0.0,5.144293243120046e-05,0.008970707027762481,0.0057018485237077705,1.0,0.00032730261013580453,0.0014491467218149534,0.006737306212032931,0.0032314721945111216,False,False,1259,30231.559034731123,0.2556610682456808,0.16319545408769284,0.015323205667179391
2025-09-10,2025-09-11,580.7000122070312,0.004373993411314503,0.004373993411314503,1.0,0.0014402765062992984,1.0,0.002811903634691637,0.0027853153790922125,0.5023751308939267,0.0,0.005820569677562615,0.0052077604382101406,0.008992147681292842,0.003436806125805025,False,False,1321,29325.41910612055,0.21205661129404843,0.11088269822618664,0.015933908350094148
2025-09-12,2025-09-15,586.6599731445312,0.0030341754651062036,0.0030341754651062036,1.0,0.005506067264177128,1.0,0.005692977316359649,0.00025501779677705727,0.9571254192502905,0.0,0.00855694910348559,0.002769033190945125,0.006437490849899479,0.002151464594882772,False,False,1266,24895.21530735697,0.21260625407108433,0.17390990296566974,0.01602715734733441
2025-09-17,2025-09-18,590.0,0.008321988380561418,0.008321988380561418,1.0,0.0006892373606046664,1.0,0.005429462691360021,0.0032885036083678543,0.6227900527132684,0.0,0.009016961566472359,0.001860896009760693,0.012483515975243584,0.004483471582577709,True,True,1307,38260.18571520809,0.20450926308523332,0.14854499402298846,0.014986947599217438
2025-09-18,2025-09-19,595.3200073242188,0.003376351778700215,0.003376351778700215,1.0,0.0033816457206266026,1.0,0.00455354766260796,0.00248391636242129,0.6470438280626285,0.0,0.006769415124870726,0.0006892373606046664,0.008779648603019068,0.005133022198830762,True,True,1308,37124.50529479387,0.22840555244389765,0.17627287664622066,0.014843128178026091
2025-09-19,2025-09-22,599.3499755859375,-0.002686219099264253,0.002686219099264253,-1.0,-0.007461474964904902,0.0,3.349316106415756e-05,0.008582335073149538,0.0038873988842019016,1.0,-0.00475521270908108,0.0033816457206266026,0.0070550496461710055,0.005305197139438151,True,True,1200,21472.316013511838,0.22876283834049457,0.14945011324650334,0.016694823271146787
2025-09-24,2025-09-25,596.0999755859375,-0.00654246525521629,0.00654246525521629,-1.0,-0.002245891696096125,0.0,0.006287191515770951,0.004930737673026986,0.5604591908147585,0.0,0.004311267227508853,0.005804131900187692,0.010932863472153451,0.006793420173387778,False,False,1364,33897.02154750294,0.2589699489946509,0.19793512931650342,0.013645631664025524
2025-09-26,2025-09-29,595.969970703125,0.0052687464181004895,0.0052687464181004895,1.0,-0.0006342823389757779,0.0,0.004907283325750411,0.002845637474183871,0.6329593004215919,0.0,0.004631122206323113,0.002725658591287816,0.008828517472961817,0.005202774757262366,False,False,1316,30702.846744814415,0.22942587616243937,0.1791318311610233,0.01452636933279964
2025-09-30,2025-10-01,600.3699951171875,-0.005330066847205828,0.005330066847205828,-1.0,-0.010181384302362817,0.0,0.0013917497020348168,0.011085612650734156,0.11154198000236486,1.0,-0.004797049996228209,0.003241820204785917,0.00769970861173431,0.004303571688283471,False,False,1179,26199.588963310052,0.30832761177523643,0.194425149441271,0.014163825001441427
2025-10-01,2025-10-02,603.25,0.00631578542659561,0.00631578542659561,1.0,-0.0021909153875937504,0.0,0.0001646881467063377,0.00684989125268709,0.02347797883941249,1.0,0.004111032687525995,0.010181384302362817,0.01240893321196178,0.003834280994518721,False,False,1305,26768.499222861028,0.20350534469254336,0.15296363270239685,0.015354318648995295
2025-10-03,2025-10-06,603.1799926757812,0.008737059576315653,0.008737059576315653,1.0,-0.0012161890369446482,0.0,0.001495559415358505,0.004092680535024762,0.26762619870249715,0.0,0.0075102446232993,0.005490456935954846,0.00980635371029435,0.003789941229753927,False,False,1189,24663.92402724766,0.19191626838164086,0.13669605717688565,0.015561353655381208
2025-10-10,2025-10-13,589.5,0.01726885950090118,0.01726885950090118,1.0,0.0038854340953533573,1.0,0.005452940853769572,0.004102292730027157,0.5706758297375782,0.0,0.021221390611747326,0.03581946931560964,0.03951204257489399,0.018189179111439024,False,False,1169,25291.670925766106,0.1907355144275654,0.14771035644296152,0.016423968788066897
2025-10-13,2025-10-14,602.010009765625,-0.011129403329422582,0.011129403329422582,-1.0,-0.004518658266177589,0.0,0.008777714457697927,0.012396910707158204,0.41453930774965697,1.0,0.006661035033597162,0.0038854340953533573,0.009703192092080152,0.021222470632609628,True,False,1303,33337.89314499684,0.3316622343826371,0.3014308751535641,0.014507046339582563
2025-10-14,2025-10-15,598.0,0.01005018355455678,0.01005018355455678,1.0,-0.0029635917179494653,0.0,0.0044535726195167324,0.013558668281761888,0.24725255696533519,1.0,0.007056807195861214,0.004518658266177589,0.02086343641276599,0.02129013020107893,True,False,1228,34595.54504821065,0.2059675179446462,0.17058302022856228,0.015218350592095036
2025-10-15,2025-10-16,602.219970703125,0.004798935254610059,0.004798935254610059,1.0,-0.00846126363988664,0.0,0.005288314991483967,0.01613767481370698,0.2468177684936053,1.0,-0.0037029334416565085,0.0029635917179494653,0.018010066105769232,0.02067680617718659,True,False,1358,34242.93235070464,0.25401092837656897,0.2165492575017934,0.015826938216549395
2025-10-16,2025-10-17,599.989990234375,-0.003400020101246848,0.003400020101246848,-1.0,-0.010000803322468332,0.0,0.0026493906514080123,0.012643193250702955,0.17324676250704069,1.0,-0.006566780288896457,0.00846126363988664,0.021271293184843026,0.020657081400185587,True,False,1351,37317.32557881845,0.27586775918868817,0.23636323116713281,0.014275275340226852
2025-10-17,2025-10-20,603.9299926757812,0.005315221981994744,0.005315221981994744,1.0,0.007247032435267808,1.0,0.009322352353614338,0.00011532001807723624,0.9877808835128522,0.0,0.012600774003366899,0.010000803322468332,0.015233611888870216,0.010971391069909303,True,False,1299,18067.99065424461,0.13366282985112996,0.10128777378399005,0.018800352866096916
2025-10-23,2025-10-24,610.5800170898438,0.008860383558433993,0.008860383558433993,1.0,0.0018019535530766628,1.0,0.003944857407271574,0.0013980546302994057,0.738334709523873,0.0,0.010678303111145482,0.009373368264764537,0.011313111193276687,0.008702684182900284,False,False,1366,28064.695657001066,0.23900277120137178,0.1825868049621501,0.015624997768578995
2025-10-24,2025-10-27,617.0999755859375,0.012024054835307885,0.012024054835307885,1.0,0.005716401736646226,1.0,0.006452904848019969,0.0007852029732080545,0.8915181988716443,0.0,0.0178091908998963,0.0018019535530766628,0.005388283165611111,0.009238443156423345,False,False,1283,20598.79347746395,0.18560985070726016,0.13564196909651766,0.019031576201096394
2025-10-27,2025-10-28,628.0900268554688,0.003614065498632968,0.003614065498632968,1.0,0.004061167615463379,1.0,0.00685323850594588,0.001763981488378974,0.7952957578498981,0.0,0.00768991043985956,0.005716401736646226,0.007324515759058395,0.010594350664209886,False,False,1016,17577.321886861726,0.2097679397035465,0.14705270424551042,0.020273965735321933
2025-10-28,2025-10-29,632.9199829101562,0.004218612174379022,0.004218612174379022,1.0,0.0002831898994257731,1.0,0.0022341176704447907,0.00847287085357995,0.20865976137284484,1.0,0.004502996742162146,0.004061167615463379,0.008645245814467864,0.010118188742171508,False,False,1167,18306.251115929415,0.2583548052247506,0.19915754618202738,0.017778017139620232
2025-10-29,2025-10-30,635.77001953125,-0.005662482518046463,0.005662482518046463,-1.0,0.009680932791231944,1.0,0.009952999400023366,0.0021038915573325934,0.8255029787717372,0.0,0.015288597196589704,0.0002831898994257731,0.010680670460968194,0.004984218191189741,False,False,1205,20069.35566897501,0.1861868298820054,0.14178774449998832,0.016837810935160576
2025-10-30,2025-10-31,626.0499877929688,0.012970202500623307,0.012970202500623307,1.0,-0.00804196938261581,0.0,4.7352125903454834e-05,0.011935694585217815,0.003951593200376003,0.0,0.004823927146611062,0.009680932791231944,0.011891088485373529,0.0124036043378118,False,False,1285,26020.289370819966,0.26068505222828225,0.18437504264000235,0.01651359124148728
2025-10-31,2025-11-03,629.0700073242188,0.009601440152957164,0.009601440152957164,1.0,-0.004770777237963819,0.0,0.0011179512037795547,0.008351210557294486,0.11806231976892018,0.0,0.0047848565828598755,0.00804196938261581,0.011995862809773775,0.012012995476531584,False,False,1393,20005.336164897417,0.2872151525159016,0.21282526503474913,0.016110732677623855
2025-11-03,2025-11-04,632.0800170898438,-0.01392226862903323,0.01392226862903323,-1.0,0.006465840565148984,1.0,0.007793563291034866,0.00588817664236152,0.5696324684560916,0.0,0.020298090024921778,0.004770777237963819,0.009490250160987779,0.009365281017661485,False,False,1175,20624.950331770266,0.382076434332009,0.26851074212072684,0.013796117969680697
2025-11-06,2025-11-07,611.6699829101562,-0.005493134280640355,0.005493134280640355,-1.0,-0.0023507630673840207,0.0,0.016102385159812105,0.002696017910308157,0.8565826096902118,0.0,0.0031552842704474227,0.01627558415993391,0.01883581966779673,0.013633237681559341,False,False,1095,25289.110144372873,0.16977320630796028,0.09877892980248099,0.01707666891177143
2025-11-07,2025-11-10,609.739990234375,0.015055585696868157,0.015055585696868157,1.0,0.006963739542433567,1.0,0.008708742320927554,0.003290648597830792,0.72576536424973,0.0,0.022124168416753687,0.0023507630673840207,0.018441364807878502,0.012694628927363356,False,False,966,23061.829630131975,0.13954448192362773,0.09074100496744442,0.019312749487232966
2025-11-10,2025-11-11,623.22998046875,-0.004268044265987703,0.004268044265987703,-1.0,-0.0016114217383980112,0.0,0.004939091359797532,0.0034644977255289255,0.5877359434936794,0.0,0.0026635001469004216,0.006963739542433567,0.012169093431618481,0.017780640291167844,False,False,965,23740.668518931074,0.20973785477907056,0.13731405910276534,0.016920895900335662
2025-11-11,2025-11-12,621.5700073242188,0.00526090302414528,0.00526090302414528,1.0,-0.006017555860733492,0.0,3.194176947052263e-05,0.011378950364441476,0.0027992350725667605,1.0,-0.0007883106144138674,0.0016114217383980112,0.008343551072372932,0.014936156397799926,False,False,881,27629.704256242134,0.19506702493686942,0.14427099496372411,0.015575745364074902
2025-11-12,2025-11-13,621.0800170898438,-0.00569981156226429,0.00569981156226429,-1.0,0.014800586097239776,1.0,0.018908329947135094,0.0009392381230062252,0.9526774202417668,0.0,0.02041603710773876,0.006017555860733492,0.011342226474726583,0.01459617420093644,False,False,1141,27692.545143216317,0.2179486255168113,0.1472227708910832,0.015554419744903958
2025-11-13,2025-11-14,608.4000244140625,-0.01454641069355156,0.01454641069355156,-1.0,-0.015528309145439678,0.0,0.003985473066168144,0.02301724305552666,0.14759526590608762,1.0,-0.0007560172896821094,0.014800586097239776,0.019385550486326595,0.015158866346883921,False,False,869,26639.091437029234,0.1503255677349257,0.0915310042036173,0.017705526713065033
2025-11-14,2025-11-17,608.8599853515625,-0.004204575140728917,0.004204575140728917,-1.0,0.004354304307423118,1.0,0.010718976991881624,0.010192961900391095,0.5125769086788241,1.0,0.00854057144850584,0.015528309145439678,0.02659433271943713,0.01511940419467306,False,False,800,22591.832097000493,0.11512263163268349,0.098697068950517,0.01967677888432722
2025-11-17,2025-11-18,603.6599731445312,-0.006692472926934423,0.006692472926934423,-1.0,0.005520158743116732,1.0,0.014002042624695399,0.0044861786853531704,0.7573493625958015,0.0,0.012175688157110454,0.004354304307423118,0.020710813085017165,0.008626532470007392,True,False,1105,21877.44443234129,0.10188913758435944,0.08832789960347423,0.01870863985249852
2025-11-19,2025-11-20,599.8699951171875,0.019587577467855555,0.019587577467855555,1.0,-0.042428325454041405,0.0,0.0039404110377812,0.045951252872488135,0.07897934702815422,1.0,-0.023671816097848297,0.004689546884990792,0.019402569697694244,0.010457754558726082,True,False,1220,31513.392436354217,0.22133132791385554,0.16178592002976566,0.018042034576752797
2025-11-20,2025-11-21,585.6699829101562,0.0030733823577993036,0.0030733823577993036,1.0,0.004425820468715758,1.0,0.016188078097409297,0.01158862930385407,0.5827932686029236,1.0,0.007512805065062578,0.042428325454041405,0.04881062486073338,0.011554989944619402,True,False,1080,26594.523130380097,0.07806919440947778,0.05820324996146218,0.019359170480591468
2025-11-21,2025-11-24,590.0700073242188,0.008829498039193862,0.008829498039193862,1.0,0.01659713640876892,1.0,0.019150589332505463,0.00020172081080893633,0.9895763963415694,0.0,0.02557317883134025,0.004425820468715758,0.027728909980462957,0.01306331413377244,True,False,1076,15746.314719250611,0.14081777086818348,0.08186924895418768,0.019208911445243247
2025-11-24,2025-11-25,605.1599731445312,-0.002726491262025621,0.002726491262025621,-1.0,-0.008914524690156966,0.0,0.01036295849043345,0.011184570082974021,0.480934899570001,1.0,-0.006163728054458417,0.01659713640876892,0.019523140285488585,0.01905658998143981,False,False,1148,20308.513185637807,0.13519123450879092,0.09329161061516654,0.019354274725422168
2025-11-25,2025-11-26,608.8900146484375,0.00594523646323486,0.00594523646323486,1.0,0.002873438372539283,1.0,0.006008053120942991,0.0034731811895849507,0.6336783718414871,0.0,0.008835758106361391,0.008914524690156966,0.021382779786586727,0.017688660371156278,False,False,1203,23045.06910025168,0.1663998730689225,0.11745363909514439,0.01767305969302744
2025-11-26,2025-11-28,614.27001953125,0.0029953697263567225,0.0029953697263567225,1.0,0.005096516406313034,1.0,0.005210144371908809,0.001121189530023825,0.8229141682637235,0.0,0.008107152083623115,0.002873438372539283,0.009525509785732916,0.017801976419554676,False,False,1213,25750.04104947397,0.22068536840688105,0.17512600311600784,0.016171867365954953
2025-11-28,2025-12-01,619.25,-0.009075486664816279,0.009075486664816279,-1.0,-0.005768912861455977,0.0,0.0018121617517283806,0.009468242283398931,0.16064688339932573,1.0,0.0033589294951049675,0.005096516406313034,0.006349039168537986,0.008073035962743636,False,False,1168,20563.957768326025,0.1620324064325926,0.09622046010203057,0.01892692959138219
2025-12-01,2025-12-02,617.1699829101562,0.0037105483512041015,0.0037105483512041015,1.0,0.004100309846074124,1.0,0.006925350910753636,0.003027890729888849,0.695788483871934,0.0,0.00782607259521706,0.005768912861455977,0.011174780638120711,0.010443435646653162,False,False,1253,23321.308959799688,0.22440765957395703,0.12448801503443019,0.018176667489225747
2025-12-02,2025-12-03,622.0,-0.0038263744096663777,0.0038263744096663777,-1.0,-0.0062942197553275125,0.0,0.0025726352198798264,0.007423865630849402,0.2573535738450077,1.0,-0.0024437613042604944,0.004100309846074124,0.009980999262933986,0.005056066055780693,False,False,1295,25205.759179422013,0.24109522428785587,0.12725074482115653,0.01782792146355873
2025-12-05,2025-12-08,625.47998046875,0.0027659422490384777,0.0027659422490384777,1.0,-0.0046714697998064825,0.0,0.0025988182996277143,0.008879054688948784,0.2264198516758481,1.0,-0.001918448566452513,0.0017617085386070208,0.008363503575113639,0.004351992426166301,False,False,1537,24704.66775696711,0.15725546638083265,0.10333255122813684,0.017836965001381665
2025-12-10,2025-12-11,627.6099853515625,-0.006038747177071646,0.006038747177071646,-1.0,-0.0028213422861735893,0.0,0.009875084035489978,0.003141967153415637,0.758626811263251,0.0,0.0032344422636642056,0.006027105734986105,0.013150998958188793,0.002777852017595113,False,False,1456,28200.84305239724,0.27437043326674254,0.1364732984151366,0.016188195007511185
2025-12-11,2025-12-12,625.5800170898438,-0.005594807865317963,0.005594807865317963,-1.0,0.013599571984699188,1.0,0.017534729120546988,0.002346902162731146,0.8819562575478875,0.0,0.01911829285771227,0.0028213422861735893,0.012842463921658403,0.0033706243688309775,False,False,1446,31028.215297046183,0.2157436732577924,0.13576141211797027,0.015236018480571177
2025-12-12,2025-12-15,613.6199951171875,0.007740947227596218,0.007740947227596218,1.0,-0.012662349647737825,0.0,8.083799887370624e-05,0.014852602383288005,0.005413220048761759,1.0,-0.00501942100054209,0.013599571984699188,0.01946991966342173,0.009030306692565958,False,False,1412,23808.519441846875,0.13090420670327504,0.09966076918644502,0.017623194007135228
2025-12-15,2025-12-16,610.5399780273438,-0.0037343472070171524,0.0037343472070171524,-1.0,-0.0057376618195230655,0.0,0.00222444296655544,0.00863117731843488,0.20491164098942355,1.0,-0.001981888191115333,0.012662349647737825,0.014829985428032884,0.008976093870888713,True,True,1218,27457.459093633002,0.1585962161184376,0.11243305106136738,0.01627836007390319
