date,next_date,qqq_open,qqq_close,day_oc,day_abs_oc,day_range,rv5,meaningful_move,next_close,next_cc,next_abs_cc,next_gap,next_oc,next_range,continuation_return,continued,pin_improvement,monthly_opex_week,quarterly_opex_week,eligible_contracts,total_gamma_weight,near_gamma_share_0_5,near_gamma_share_1_0,front_gamma_share,front_near_gamma_share,dominant_strike,dominant_strike_share,dominant_strike_distance,weighted_abs_distance,strike_hhi,effective_strikes
2026-01-20,2026-01-21,610.530029296875,608.0599975585938,-0.004045717032339691,0.004045717032339691,0.012893168141704206,0.009918894458449576,True,616.280029296875,0.013518455039445598,0.013518455039445598,0.0023188059569654307,0.011173739349115808,0.020655852397827645,-0.013518455039445598,0.0,-0.007137497735246984,False,False,921,15171.88584496178,0.1871568667720095,0.385610762087177,0.4617682988987806,0.10548329336692126,610.0,0.10965493818751447,0.0031904786520993156,0.016060111430811007,0.04762431625255036,20.99767678966831
2026-01-21,2026-01-22,609.469970703125,616.280029296875,0.011173739349115808,0.011173739349115808,0.020655852397827645,0.01335097350715242,True,620.760009765625,0.007269390951806898,0.007269390951806898,0.009849331473531286,-0.0025547776696152047,0.007593938556017689,0.007269390951806898,1.0,0.004802948005433622,False,False,1024,26589.01797338127,0.18006398733597515,0.39044897872449136,0.4259101381674467,0.12141325733697848,620.0,0.108205379288911,0.006036169478620179,0.015157827006940733,0.044112592001322476,22.669264140498033
2026-01-22,2026-01-23,622.3499755859375,620.760009765625,-0.0025547776696152047,0.0025547776696152047,0.007593938556017689,0.013225246773937839,True,622.719970703125,0.0031573569602849627,0.0031573569602849627,-0.0016593035644546505,0.004824666110413878,0.010873767468604396,-0.0031573569602849627,0.0,-0.00315735696028487,False,False,950,30119.02358275784,0.3138312932340117,0.5212079909994594,0.44419047747254997,0.22135261935478734,620.0,0.12698458630134524,0.0012243214022629179,0.014025223878285194,0.045837478213938035,21.816208896411865
2026-01-23,2026-01-26,619.72998046875,622.719970703125,0.004824666110413878,0.004824666110413878,0.010873767468604396,0.013200471161197715,True,625.4600219726562,0.004400133926068639,0.004400133926068639,0.0007869528722161956,0.003610339886509051,0.008816146089190215,0.004400133926068639,1.0,-0.0044001339260685765,False,False,816,24979.043111770945,0.3047787113126578,0.4162396802942316,0.5845430156899085,0.1992235252068504,620.0,0.09499404719780292,0.004367887382917601,0.015366651231760934,0.04178023805878546,23.934760701769676
2026-01-26,2026-01-27,623.2100219726562,625.4600219726562,0.003610339886509051,0.003610339886509051,0.008816146089190215,0.013288038216973197,True,631.1300048828125,0.009065300276544397,0.009065300276544397,0.005515862006646,0.0035299674565203443,0.007514391019032183,0.009065300276544397,1.0,-0.009065300276544501,False,False,1117,28305.050526474995,0.26231675837389357,0.4896262979539233,0.5632583025964585,0.18816171650250677,620.0,0.0984222471041972,0.00872960985649529,0.015146383365816446,0.04700618034064044,21.273798312334335
2026-01-27,2026-01-28,628.9099731445312,631.1300048828125,0.0035299674565203443,0.0035299674565203443,0.007514391019032183,0.004098513988439557,True,633.219970703125,0.003311466423943088,0.003311466423943088,0.0068607371798901085,-0.0035250860669054918,0.0075895267065192815,0.003311466423943088,1.0,-0.0033114664239431344,False,False,952,26561.177093186456,0.21234469699121908,0.4218263011273734,0.5416357851536105,0.16690463312952517,630.0,0.08707333572909566,0.0017904470934199113,0.016588439215292013,0.04062573932253245,24.614936655327895
2026-01-28,2026-01-29,635.4600219726562,633.219970703125,-0.0035250860669054918,0.0035250860669054918,0.0075895267065192815,0.0026130397322932813,True,629.4299926757812,-0.00598524715374249,0.00598524715374249,-0.0009000763011779433,-0.005089752017734539,0.024320084791081668,0.00598524715374249,1.0,0.004184901774281914,False,False,926,27264.86334589851,0.19125218546048933,0.4130326668603881,0.5448702716345757,0.15485731703873135,630.0,0.08896725021978483,0.005085074464012185,0.01473318370749052,0.04070784103250088,24.56529195939442
2026-01-29,2026-01-30,632.6500244140625,629.4299926757812,-0.005089752017734539,0.005089752017734539,0.024320084791081668,0.005463143911743086,True,621.8699951171875,-0.012010863235886293,0.012010863235886293,-0.005910062670053229,-0.006137071040291819,0.014235136674320425,0.012010863235886293,1.0,-0.012010863235886342,False,False,884,31636.01060299658,0.26996992749333315,0.4802132370298925,0.5051133434540599,0.21550258462636562,630.0,0.15007234401584454,0.000905592886979445,0.014356907666554224,0.05160976757804268,19.376177164290294
2026-01-30,2026-02-02,625.7100219726562,621.8699951171875,-0.006137071040291819,0.006137071040291819,0.014235136674320425,0.008548294891693776,True,626.1400146484375,0.006866418326623602,0.006866418326623602,-0.005097500980987046,0.01202521786748667,0.01580718987413333,-0.006866418326623602,0.0,-0.006866418326623625,False,False,1238,24703.36481266072,0.2092423729924925,0.38127844106262077,0.45378987666831444,0.10505010489083384,620.0,0.0989475187596735,0.0030070515250298913,0.01655534139558767,0.04171897396389039,23.969908772577774
2026-02-02,2026-02-03,618.7000122070312,626.1400146484375,0.01202521786748667,0.01202521786748667,0.01580718987413333,0.008945196472818077,True,616.52001953125,-0.015363967949866497,0.015363967949866497,0.003449664761872917,-0.01874895510200192,0.03037652609819706,-0.015363967949866497,0.0,-0.011722563082689602,False,False,1212,28494.70776411431,0.21168605921770514,0.507389931842271,0.4557625918141071,0.13786321815499383,625.0,0.083756522183595,0.0018207024335884503,0.015474515877827524,0.04034184398209985,24.788157934568183
2026-02-03,2026-02-04,628.2999877929688,616.52001953125,-0.01874895510200192,0.01874895510200192,0.03037652609819706,0.009575570752196116,True,605.75,-0.017469050785145046,0.017469050785145046,-0.0024330110174531905,-0.015072711841665476,0.02372997537685139,0.017469050785145046,1.0,-0.01746905078514501,False,False,1042,25456.552566828588,0.1386560384577031,0.2981317778864336,0.42375411891236325,0.07498106424868778,620.0,0.09411311540932524,0.00564455388066043,0.016926195284945662,0.044901214314184056,22.27111260294146
2026-02-04,2026-02-05,615.02001953125,605.75,-0.015072711841665476,0.015072711841665476,0.02372997537685139,0.009771220217496254,True,597.030029296875,-0.014395329266405299,0.014395329266405299,-0.009145650891198898,-0.005298133252306991,0.016590982737051178,0.014395329266405299,1.0,0.00458940040755262,False,False,905,26511.109842202528,0.18224855215009855,0.4436207023742519,0.43592042858111457,0.0874307561174543,600.0,0.13989896324870424,0.009492364836978906,0.016813465788023764,0.05311056520078887,18.828645415830497
2026-02-05,2026-02-06,600.2100219726562,597.030029296875,-0.005298133252306991,0.005298133252306991,0.016590982737051178,0.009890290693921729,True,609.6500244140625,0.021137957050586076,0.021137957050586076,0.005292821113626056,0.01576171201482124,0.021171386685804365,-0.021137957050586076,0.0,-0.011188806899385999,False,False,685,25897.872576588,0.2734457573393542,0.37004835219786136,0.41842204393306265,0.15334863731902168,600.0,0.1851232755552383,0.004974575075600063,0.018673938420943725,0.06542792890496994,15.28399288708097
2026-02-06,2026-02-09,600.1900024414062,609.6500244140625,0.01576171201482124,0.01576171201482124,0.021171386685804365,0.017091616771125598,True,614.3200073242188,0.00766010452414001,0.00766010452414001,-0.003461078163240816,0.011159807653957854,0.01868287409548535,0.00766010452414001,1.0,0.007660104524140048,False,False,779,25400.684587904805,0.15877438949162823,0.33101371293166015,0.3713410910873506,0.07441157092518445,620.0,0.10655949194399782,0.016976913264105775,0.01783181001255267,0.04961155247676343,20.15659559269729
2026-02-09,2026-02-10,607.5399780273438,614.3200073242188,0.011159807653957854,0.011159807653957854,0.01868287409548535,0.01721917600544467,True,611.469970703125,-0.004639335504483366,0.004639335504483366,0.0016115220448167378,-0.006240800361939636,0.009783190672566043,-0.004639335504483366,0.0,-0.004639335504483399,False,False,1094,29068.56363823833,0.1549992577247921,0.415208285276697,0.35541960807244666,0.07214205511934557,620.0,0.11936449445090629,0.009245983539623692,0.016113127553748767,0.04833781843810473,20.687735448393745
2026-02-10,2026-02-11,615.3099975585938,611.469970703125,-0.006240800361939636,0.006240800361939636,0.009783190672566043,0.016027567523509336,True,613.1099853515625,0.002682085346810581,0.002682085346810581,0.008029886036826195,-0.005305200534322485,0.016076042260162477,-0.002682085346810581,0.0,0.0026820853468105046,False,False,954,30567.9105606906,0.16406598705398767,0.3426376591547737,0.36579848820186583,0.07708138534511826,620.0,0.10414175944332288,0.01395003795045957,0.015624494940812654,0.049993985481954946,20.002406096648254
2026-02-11,2026-02-12,616.3800048828125,613.1099853515625,-0.005305200534322485,0.005305200534322485,0.016076042260162477,0.013327180354633466,True,600.6400146484375,-0.020338880463632636,0.020338880463632636,0.0026097056960772136,-0.022888852989685904,0.026487890627099886,0.020338880463632636,1.0,-0.020338880463632664,False,False,1083,32105.19966272536,0.17961669655724957,0.3735956895395961,0.339393364852328,0.09175305608110013,620.0,0.11381220548915252,0.01123781183320105,0.015079725332039492,0.05204430966428173,19.214396471979818
2026-02-12,2026-02-13,614.7100219726562,600.6400146484375,-0.022888852989685904,0.022888852989685904,0.026487890627099886,0.015324999858182992,True,601.9199829101562,0.002131007309707611,0.002131007309707611,-0.0003496636380098117,0.002481538651550208,0.01674879680549089,-0.002131007309707611,0.0,-0.002131007309707683,False,False,915,30576.899833544812,0.24881583459329384,0.4579968983262951,0.36994599992136346,0.1190514160532449,600.0,0.17546574991960295,0.001065554463287155,0.015616997598503097,0.06373072002472066,15.69101996042266
2026-02-13,2026-02-17,600.4299926757812,601.9199829101562,0.002481538651550208,0.002481538651550208,0.01674879680549089,0.010889563452504835,False,601.2999877929688,-0.0010300291314303545,0.0010300291314303545,-0.0058811438859841525,0.00487981364071155,0.017626903330681027,,,0.001030029131430318,False,False,836,25575.3923872496,0.21536301678748174,0.35673676855732733,0.6709698647366313,0.140130092875719,600.0,0.1540580147227168,0.0031897643618234994,0.017112087648305747,0.0609820519566005,16.398267488796154
2026-02-17,2026-02-18,598.3800048828125,601.2999877929688,0.00487981364071155,0.00487981364071155,0.017626903330681027,0.009462324357599127,True,605.7899780273438,0.0074671384093241144,0.0074671384093241144,0.001347077290932308,0.006111828013668497,0.01505080494237593,0.0074671384093241144,1.0,-0.007467138409324118,True,False,908,28590.07413760372,0.2357289079280026,0.39296457419454256,0.6789241056445426,0.1635762994602855,600.0,0.16030506521975785,0.002161962114352045,0.015593175419491156,0.06090038412695212,16.42025767711766
2026-02-18,2026-02-19,602.1099853515625,605.7899780273438,0.006111828013668497,0.006111828013668497,0.01505080494237593,0.010790078000524783,True,603.469970703125,-0.003829722194767071,0.003829722194767071,-0.0049191643586673495,0.001094827801801923,0.008369249258180866,-0.003829722194767071,0.0,0.0038297221947670304,True,False,950,38935.06521594432,0.18371116604159152,0.5055410467711792,0.5676349933863719,0.15113875915141925,600.0,0.14248540932986023,0.00955773161879947,0.015045645473871478,0.06311339686415557,15.844496567858432
2026-02-19,2026-02-20,602.8099975585938,603.469970703125,0.001094827801801923,0.001094827801801923,0.008369249258180866,0.010500263159364387,False,608.8099975585938,0.008848869230803524,0.008848869230803524,-0.005551188540557028,0.014480441431899527,0.01842675801122496,,,-0.008848869230803462,True,False,844,39982.087922452614,0.2147946055179573,0.48496531817896543,0.5729925240990226,0.17541316264225643,600.0,0.17940446544341684,0.005750030443241405,0.013838229590028868,0.07005566615305403,14.274362873307796
2026-02-20,2026-02-23,600.1199951171875,608.8099975585938,0.014480441431899527,0.014480441431899527,0.01842675801122496,0.005417721393421132,True,601.4099731445312,-0.012154899629995497,0.012154899629995497,-0.0036136269375561803,-0.008572249604525628,0.014717271412406314,-0.012154899629995497,0.0,0.01215489962999548,True,False,775,24342.521250949474,0.1793136930237773,0.2872609952960032,0.5605360176141762,0.12754154046422825,600.0,0.11391807502686906,0.014470849023378363,0.017430348590586047,0.052477655753687985,19.055729255393096
2026-02-23,2026-02-24,606.6099853515625,601.4099731445312,-0.008572249604525628,0.008572249604525628,0.014717271412406314,0.00862311340681542,True,607.8699951171875,0.010741461334402791,0.010741461334402791,0.00164621691315614,0.009080296283927813,0.01539716695619151,-0.010741461334402791,0.0,-0.010741461334402867,False,False,1086,25659.853125665428,0.23558201330623516,0.3520247395960851,0.5269788653697893,0.14994608020381958,600.0,0.14403287667385453,0.0023444458979605676,0.01722528115276651,0.055075541410010906,18.156880066879072
2026-02-24,2026-02-25,602.4000244140625,607.8699951171875,0.009080296283927813,0.009080296283927813,0.01539716695619151,0.009840304906229613,True,616.6799926757812,0.014493226560549965,0.014493226560549965,0.005264303605599707,0.009180593523363756,0.009590894659506622,0.014493226560549965,1.0,-0.0074851330539708345,False,False,1027,29118.7025467753,0.26036477332754326,0.34821957561283895,0.5541741054352017,0.1883022248331806,610.0,0.12420380578342641,0.0035040467532894137,0.01637626474446602,0.05280609470481915,18.93720801717872
2026-02-25,2026-02-26,611.0700073242188,616.6799926757812,0.009180593523363756,0.009180593523363756,0.009590894659506622,0.011187371895313563,True,609.239990234375,-0.012064608110803121,0.012064608110803121,-0.0017674739463868772,-0.010315366305608809,0.018826695408655357,-0.012064608110803121,0.0,-0.012064608110803137,False,False,1027,28768.980712995915,0.17693129246269082,0.3888122830111167,0.5477374008093308,0.13436376408150003,620.0,0.14224590298164239,0.0053836793209605105,0.015666416276814196,0.05529997067459891,18.08319222959973
2026-02-26,2026-02-27,615.5900268554688,609.239990234375,-0.010315366305608809,0.010315366305608809,0.018826695408655357,0.013015102326014445,True,607.2899780273438,-0.0032007291679606586,0.0032007291679606586,-0.010275113035860928,0.00714782861487917,0.010061724412500046,0.0032007291679606586,1.0,-0.00320072916796069,False,False,911,33171.24438571878,0.2903348463845459,0.4850052863449222,0.5314456816558698,0.23195284272759736,610.0,0.19190733069591848,0.001247471895816643,0.014223475401376149,0.06794823275132872,14.717086221502136
2026-02-27,2026-03-02,602.97998046875,607.2899780273438,0.00714782861487917,0.00714782861487917,0.010061724412500046,0.01253014668633917,True,608.0900268554688,0.001317408251530594,0.001317408251530594,-0.013881330140115833,0.015412686988073965,0.019644639476075944,0.001317408251530594,1.0,-0.001317408251530502,False,False,779,21951.520578951706,0.21778957552164305,0.29131324118243385,0.46838305089972243,0.12777588674595916,600.0,0.12343315071620597,0.01200411383540978,0.01816223825137297,0.048764297802035166,20.506806107608202
2026-03-02,2026-03-03,598.8599853515625,608.0900268554688,0.015412686988073965,0.015412686988073965,0.019644639476075944,0.010694501194087817,True,601.5800170898438,-0.010705667710567912,0.010705667710567912,-0.019339257751747496,0.008803849964857724,0.01988196865847023,-0.010705667710567912,0.0,0.010705667710567968,False,False,1252,25101.837279863947,0.19037535709982317,0.2964830214855257,0.4517578012121654,0.12060125666646533,600.0,0.1330401645927881,0.013303995293762028,0.017848153035929546,0.050206296474430326,19.917820477144577
2026-03-03,2026-03-04,596.3300170898438,601.5800170898438,0.008803849964857724,0.008803849964857724,0.01988196865847023,0.010741895938472218,True,610.75,0.015243164084000504,0.015243164084000504,0.004288633234807326,0.010907751503577812,0.01570865377601119,0.015243164084000504,1.0,-0.015243164084000393,False,False,1174,26928.839409890687,0.22729416280828085,0.35094396427837493,0.4470922727578387,0.13339632538196838,600.0,0.14165776865627994,0.0026264454352841193,0.017320337665910266,0.053927905352182066,18.54327538719316
2026-03-04,2026-03-05,604.1599731445312,610.75,0.010907751503577812,0.010907751503577812,0.01570865377601119,0.011031649065865077,True,608.9099731445312,-0.00301273328770979,0.00301273328770979,-0.005485019379349199,0.00248592141879711,0.017191977077363897,-0.00301273328770979,0.0,0.003012733287709783,False,False,1115,26937.561817548078,0.15934893838244288,0.3331232068189768,0.42198933187036947,0.0937309220278261,600.0,0.12133483262073187,0.017601309864920145,0.01799049525253096,0.04795027528482666,20.85493762152475
2026-03-05,2026-03-06,607.4000244140625,608.9099731445312,0.00248592141879711,0.00248592141879711,0.017191977077363897,0.00959161682470657,False,599.75,-0.01504323060636914,0.01504323060636914,-0.014123558432662109,-0.0009328472970152601,0.012596251085438697,,,0.014222091157103963,False,False,1015,30007.275744965176,0.19802034271346697,0.34732686517632366,0.42895013273781885,0.12620563261613774,600.0,0.12912429231973901,0.014632660881736537,0.01649636524172629,0.05044877820758272,19.82208559908582
2026-03-06,2026-03-09,600.3099975585938,599.75,-0.0009328472970152601,0.0009328472970152601,0.012596251085438697,0.011771821401164317,False,607.760009765625,0.013355581101500702,0.013355581101500702,-0.009203867496873741,0.02276901156384281,0.029912467597175908,,,-0.012521900401208836,False,False,847,21046.853485560645,0.17855828406886787,0.355079108804905,0.4187688067222537,0.07191543654937507,600.0,0.1338898912325159,0.00041684035014588616,0.01885820424375138,0.054505039100886075,18.34692748589815
2026-03-09,2026-03-10,594.22998046875,607.760009765625,0.02276901156384281,0.02276901156384281,0.029912467597175908,0.013790458309296589,True,607.77001953125,1.6469931328311205e-05,1.6469931328311205e-05,3.2939862656844454e-05,-1.6469388829043474e-05,0.01294918222773898,1.6469931328311205e-05,1.0,-1.6469931328420492e-05,False,False,1240,23805.82181115994,0.19664646248529574,0.2940153016468819,0.36043047272371476,0.09062841025895763,600.0,0.12369984595984754,0.012768213835947395,0.018477163153295287,0.04778203072043622,20.92836961766682
2026-03-10,2026-03-11,607.780029296875,607.77001953125,-1.6469388829043474e-05,1.6469388829043474e-05,0.01294918222773898,0.012488010858133164,False,607.6900024414062,-0.00013165685583749198,0.00013165685583749198,0.0019415118183869762,-0.0020691513923422056,0.012175597908915549,,,0.00013165685583745035,False,False,1129,24392.390511852915,0.2065547710660444,0.29259559700498955,0.3827964577801761,0.09812961129358626,600.0,0.12655220867253528,0.01278447320788001,0.01812697617080582,0.0481113146920799,20.785131447771896
2026-03-11,2026-03-12,608.9500122070312,607.6900024414062,-0.0020691513923422056,0.0020691513923422056,0.012175597908915549,0.010113438558971169,False,597.260009765625,-0.017163344195031294,0.017163344195031294,-0.00811267695037754,-0.00912469293067164,0.011667177059001187,,,0.008145620607784364,False,False,1111,27536.739338901974,0.23424264362370087,0.33098773193777287,0.3832966770630253,0.12113941770230628,600.0,0.13178106462180028,0.012654482401407874,0.016800019039197384,0.04953214172881406,20.18891097976237
2026-03-12,2026-03-13,602.760009765625,597.260009765625,-0.00912469293067164,0.00912469293067164,0.011667177059001187,0.012523229624213,True,593.719970703125,-0.005927132244948341,0.005927132244948341,0.004135503236009752,-0.010021192805681589,0.018467615580100696,0.005927132244948341,1.0,-0.005927132244948345,False,False,931,27247.40373998611,0.3321424597839744,0.40936291938526015,0.38384367376290107,0.1833199201162978,600.0,0.18326952208190633,0.004587600357589983,0.016261803959417495,0.06473017572790966,15.448745330206647
2026-03-13,2026-03-16,599.72998046875,593.719970703125,-0.010021192805681589,0.010021192805681589,0.018467615580100696,0.011053230385658568,True,600.3800048828125,0.011217467001826131,0.011217467001826131,0.01064476122764435,0.0005666736682889972,0.00800040462572737,-0.011217467001826131,0.0,0.009937385813509482,False,False,886,22041.59617006544,0.09597115419623789,0.2638176198527797,0.8401543134964731,0.08009890987300503,600.0,0.1516852663995863,0.0105774264076679,0.01912564271740856,0.0591761505927227,16.898699729261825
2026-03-16,2026-03-17,600.0399780273438,600.3800048828125,0.0005666736682889972,0.0005666736682889972,0.00800040462572737,0.010329775904196248,False,603.3099975585938,0.0048802302740798,0.0048802302740798,0.004597104738962354,0.00028182993339509466,0.0067124642128307006,,,-0.00488023027407975,True,True,1280,27469.64838205418,0.290086007774445,0.46873576640277687,0.8241802101605408,0.25722383574802876,600.0,0.18572868910581228,0.0006329406038209084,0.014155302188111334,0.06721990222100103,14.876546483395169
2026-03-17,2026-03-18,603.1400146484375,603.3099975585938,0.00028182993339509466,0.00028182993339509466,0.0067124642128307006,0.010830804562434996,False,594.9000244140625,-0.013939721169156427,0.013939721169156427,-0.0030167034055191833,-0.010956068974222966,0.014254654523775345,,,-0.0029669291650846648,True,True,1156,29912.770492553085,0.18964808975512226,0.48219583775544145,0.8145784998448817,0.1660322037812699,600.0,0.1927242673775968,0.0054863960020359315,0.013361277615566467,0.07209704116770158,13.870194723718917
2026-03-18,2026-03-19,601.489990234375,594.9000244140625,-0.010956068974222966,0.010956068974222966,0.014254654523775345,0.012104146049030219,True,593.02001953125,-0.0031602030688504534,0.0031602030688504534,-0.009060370528218287,0.005954113937811645,0.014657875853532867,0.0031602030688504534,1.0,-0.003160203068850403,True,True,1139,32704.581814217963,0.14726842946143076,0.5252702075383149,0.72859672696436,0.12101550128815791,600.0,0.19563622857524912,0.008572827999058674,0.01505884535906043,0.0759470432118622,13.167069548848605
2026-03-19,2026-03-20,589.510009765625,593.02001953125,0.005954113937811645,0.005954113937811645,0.014657875853532867,0.00974010544116881,True,582.0599975585938,-0.01848170653887793,0.01848170653887793,-0.00330515312822921,-0.015226880582639657,0.021297771520084312,-0.01848170653887793,0.0,-0.008296487046162841,True,True,1023,35688.811818606424,0.17430739490935018,0.4670740153147506,0.7061467993484312,0.14938334883171642,590.0,0.21544838614438036,0.0050926097463576125,0.013355332513115109,0.0921129042170123,10.856242222523587
2026-03-20,2026-03-23,591.0599975585938,582.0599975585938,-0.015226880582639657,0.015226880582639657,0.021297771520084312,0.012445879507194262,True,588.0,0.010205137728620972,0.010205137728620972,0.014534621874276121,-0.004267458253575218,0.015668479461637328,-0.010205137728620972,0.0,0.010205137728620996,True,True,842,14331.860748981402,0.10010764306713302,0.18611061467973933,0.4565105698044311,0.05132972374448821,590.0,0.10933371304971995,0.01364120962565707,0.022328565676812434,0.04787784465878878,20.886487416605817
2026-03-23,2026-03-24,590.52001953125,588.0,-0.004267458253575218,0.004267458253575218,0.015668479461637328,0.012143087666918682,True,583.97998046875,-0.006836767910289088,0.006836767910289088,-0.00542517422007871,-0.0014192936052885852,0.01020408163265306,0.006836767910289088,1.0,-0.0068367679102891155,False,False,1094,18661.29567653149,0.20106469214642436,0.32688073759119857,0.4548278904413746,0.12400433316477207,590.0,0.12241291068770413,0.00340136054421758,0.0185527930020971,0.04825072521097301,20.725077097340364
2026-03-24,2026-03-25,584.8099975585938,583.97998046875,-0.0014192936052885852,0.0014192936052885852,0.01020408163265306,0.011059199581139658,False,587.8200073242188,0.006575613863315066,0.006575613863315066,0.00883597786270962,-0.0022405664042467466,0.009726348275196051,,,0.0065756138633150255,False,False,970,18766.28950500916,0.12675887255187057,0.27250342693137675,0.6334694971058432,0.09611389222408705,590.0,0.11417030232572557,0.010308606001215637,0.018895998585346966,0.04866016096200104,20.55069239867301
2026-03-25,2026-03-26,589.1400146484375,587.8200073242188,-0.0022405664042467466,0.0022405664042467466,0.009726348275196051,0.011383288134693992,False,573.7899780273438,-0.023867900245077234,0.023867900245077234,-0.008880323352794761,-0.015121863933710733,0.01905347226613496,,,-0.023867900245077196,False,False,995,20643.337269422955,0.2708173680893095,0.359926518494513,0.6232611886699557,0.19680721343830557,590.0,0.11620259478063892,0.0037086057783310977,0.01739820890997527,0.047930652420956545,20.86347565681734
2026-03-26,2026-03-27,582.5999755859375,573.7899780273438,-0.015121863933710733,0.015121863933710733,0.01905347226613496,0.014961201373612126,True,562.5800170898438,-0.019536696991535485,0.019536696991535485,-0.005193503865290605,-0.014418073446418878,0.01646946194410686,0.019536696991535485,1.0,-0.01953669699153545,False,False,721,18938.754888024407,0.30114009800448993,0.4560397234729694,0.7238954453462261,0.27944391856342515,575.0,0.2142559290795644,0.0021088238188060604,0.015697483596032208,0.07931458143274138,12.60802215602686
2026-03-27,2026-03-30,570.8099975585938,562.5800170898438,-0.014418073446418878,0.014418073446418878,0.01646946194410686,0.015178616445115976,True,558.280029296875,-0.00764333545868201,0.00764333545868201,0.008532097918796389,-0.016038590552405863,0.022130206955152106,0.00764333545868201,1.0,-0.007643335458682038,False,False,546,12332.369400603671,0.18523419243625716,0.2195820937128392,0.6466326375920922,0.13716973362578003,570.0,0.10900840806505051,0.01318920453047534,0.022628281244414367,0.05904864609691055,16.93518930745341
2026-03-30,2026-03-31,567.3800048828125,558.280029296875,-0.016038590552405863,0.016038590552405863,0.022130206955152106,0.011971167289109937,True,577.1799926757812,0.03385391270884219,0.03385391270884219,0.010765115023078975,0.02284289133310269,0.025847230634337904,-0.03385391270884219,0.0,-0.02769223536820286,False,False,849,14453.816044682311,0.177360572300987,0.3368173791830138,0.6478674004852247,0.14053853966045576,560.0,0.12206922304427087,0.003080838670319608,0.018169047627623967,0.0632821432656061,15.802246074423032
2026-03-31,2026-04-01,564.2899780273438,577.1799926757812,0.02284289133310269,0.02284289133310269,0.025847230634337904,0.023326785901834648,True,584.3099975585938,0.012353174006878076,0.012353174006878076,0.007449994538158089,0.004866920934341268,0.012682364976449574,0.012353174006878076,1.0,-0.0025815001442920267,False,False,1079,17453.9418598701,0.24518359696151582,0.3143425656664605,0.4757798394195296,0.1491979249566128,580.0,0.12942660823974353,0.004885836931292964,0.019068197394326986,0.048126750086746495,20.778465161215767
2026-04-01,2026-04-02,581.47998046875,584.3099975585938,0.004866920934341268,0.004866920934341268,0.012682364976449574,0.02399886103633096,True,584.97998046875,0.0011466223630531847,0.0011466223630531847,-0.01769613201669007,0.019182205215610093,0.024182377405574964,0.0011466223630531847,1.0,-0.0011466223630532098,False,False,1096,18930.718792110467,0.16301640691587088,0.40912770862613695,0.4570392957598504,0.12183047027882583,580.0,0.09877614325588373,0.007376217378792238,0.017643788861625487,0.04622261829001935,21.63443000406417
2026-04-02,2026-04-06,573.969970703125,584.97998046875,0.019182205215610093,0.019182205215610093,0.024182377405574964,0.020363636199828585,True,588.5,0.006017333325542884,0.006017333325542884,0.002136825261948916,0.0038722337766399217,0.01011997522618212,0.006017333325542884,1.0,0.006017333325542824,False,False,993,18295.724884262952,0.15657133169060386,0.3954999754246337,0.3633466930613455,0.10485538640275806,590.0,0.09820770987767018,0.008581523639881405,0.017881122971839518,0.04461122559431213,22.415882699432014
2026-04-06,2026-04-07,586.22998046875,588.5,0.0038722337766399217,0.0038722337766399217,0.01011997522618212,0.015623918341512798,True,588.5900268554688,0.00015297681473014357,0.00015297681473014357,-0.004859788192969394,0.005037244951238806,0.017977835267098556,0.00015297681473014357,1.0,0.00015297681473024636,False,False,1133,20385.222860112808,0.23823906160768538,0.3843571252672063,0.47769649751583315,0.166422620685233,590.0,0.10853796851072073,0.002548853016142827,0.01672548093826443,0.044974047772678605,22.235045532359052
2026-04-07,2026-04-08,585.6400146484375,588.5900268554688,0.005037244951238806,0.005037244951238806,0.017977835267098556,0.013813676485370673,True,606.0900268554688,0.029732070204270045,0.029732070204270045,0.034183377561930905,-0.004304176081571409,0.01321807869976945,0.029732070204270045,1.0,0.009038458088534415,False,False,1188,21286.166395909066,0.263039557497864,0.3612586747321146,0.4743504113332496,0.14894719214110996,600.0,0.08921159041228076,0.019385264146402292,0.01737776719314201,0.04106725317148233,24.35030158516698
2026-04-08,2026-04-09,608.7100219726562,606.0900268554688,-0.004304176081571409,0.004304176081571409,0.01321807869976945,0.012104011101182614,True,610.1900024414062,0.006764631332426108,0.006764631332426108,-0.000264043578670603,0.00703053127773523,0.012324853358635328,-0.006764631332426108,0.0,-0.006764631332426132,False,False,1041,20290.696525200525,0.15340850097296008,0.3157590660995673,0.4044823933528843,0.09216146371151579,600.0,0.1259193719066156,0.010048056535536753,0.017498317545247943,0.04442396320743603,22.510373406589984
2026-04-09,2026-04-10,605.9299926757812,610.1900024414062,0.00703053127773523,0.00703053127773523,0.012324853358635328,0.012076586595937088,True,611.0700073242188,0.001442181745508142,0.001442181745508142,0.0027041157794467363,-0.001258530820887116,0.006702774224337182,0.001442181745508142,1.0,-0.001442181745508038,False,False,908,26834.40256941414,0.23131351048014928,0.4431231979370803,0.4019134691169479,0.1434646592118308,600.0,0.09108436781292152,0.0166997204159941,0.01730045920290384,0.04275762947933471,23.387638935486645
2026-04-10,2026-04-13,611.8400268554688,611.0700073242188,-0.001258530820887116,0.001258530820887116,0.006702774224337182,0.01203062381240672,False,617.3900146484375,0.010342525812865766,0.010342525812865766,-0.0026020371420800714,0.01297833305960916,0.03048751314827317,,,-0.010342525812865676,False,False,785,20472.289316869108,0.17616818027616496,0.3894180253654341,0.8105272211692162,0.15094366274684717,600.0,0.10628903979930442,0.018115775920164334,0.018554366136288816,0.047619859509475206,20.999641962425866
2026-04-13,2026-04-14,609.47998046875,617.3900146484375,0.01297833305960916,0.01297833305960916,0.03048751314827317,0.011933664758636688,True,628.5999755859375,0.018157016912369928,0.018157016912369928,0.004583741213078918,0.013511343198627346,0.013767634393698745,0.018157016912369928,1.0,-0.009702117125729513,True,False,1029,21959.860280696324,0.25469695509900414,0.36090013134452764,0.7957548040503378,0.22244012919858266,620.0,0.11595263781330813,0.004227449893320134,0.016346657093912358,0.04775888841081133,20.93851078354719
2026-04-14,2026-04-15,620.219970703125,628.5999755859375,0.013511343198627346,0.013511343198627346,0.013767634393698745,0.011018942067628663,True,637.4000244140625,0.013999441886586528,0.013999441886586528,0.0007636677100708589,0.01322567415621867,0.015319766555568307,0.013999441886586528,1.0,-0.009545021051595196,True,False,791,19307.831673415705,0.24683675800680316,0.39516751378293724,0.7964192508736063,0.21915479956884543,630.0,0.14586215351642534,0.0022272104174956286,0.016164554448292037,0.05349454829755077,18.693493670378082
2026-04-15,2026-04-16,629.0800170898438,637.4000244140625,0.01322567415621867,0.01322567415621867,0.015319766555568307,0.00644697638163834,True,640.469970703125,0.004816357344643363,0.004816357344643363,0.00283965718428969,0.001971102903831845,0.010856577730001699,0.004816357344643363,1.0,0.003341708191446231,True,False,676,19974.90154110536,0.2598936261683284,0.3062670632531373,0.6331602891028336,0.19613741716263172,640.0,0.11634618945775033,0.004079032768044666,0.0170931670909791,0.05416495110446473,18.462123192382457
2026-04-16,2026-04-17,639.2100219726562,640.469970703125,0.001971102903831845,0.001971102903831845,0.010856577730001699,0.006753655292329961,False,648.8499755859375,0.013084149556009228,0.013084149556009228,0.00799421735061645,0.005049564886166591,0.009258814537816887,,,-0.013084149556009173,True,False,587,23760.420408167985,0.24519909127881045,0.4931758643867467,0.6365683213282177,0.2174734111895308,640.0,0.14560165793232754,0.0007337903799128354,0.015517001390776563,0.060469909235447,16.537150669540075
2026-04-17,2026-04-20,645.5900268554688,648.8499755859375,0.005049564886166591,0.005049564886166591,0.009258814537816887,0.004934623318045872,True,646.7899780273438,-0.0031748441644519065,0.0031748441644519065,-0.0012483587717827538,-0.0019288933435943623,0.009617000029536934,-0.0031748441644519065,0.0,-0.0031748441644518666,True,False,377,11864.293969991028,0.1825392568471889,0.36725516141788145,0.43583663528144534,0.12400116442516512,650.0,0.1761192188621999,0.0017724041879234598,0.01897412554824441,0.08465776562758189,11.812265450036818
2026-04-20,2026-04-21,648.0399780273438,646.7899780273438,-0.0019288933435943623,0.0019288933435943623,0.009617000029536934,0.00852271781048191,False,644.3300170898438,-0.003803338055735961,0.003803338055735961,0.0025046694788444235,-0.006292247534227968,0.012353299379721086,,,0.0017316210133672648,False,False,1004,20074.8393274469,0.3512261660734459,0.40381815740403726,0.5315706811393953,0.25621776362655485,645.0,0.1254412024692692,0.002767479534551587,0.01566256021996825,0.05333266885124164,18.750233609895915
2026-04-21,2026-04-22,648.4099731445312,644.3300170898438,-0.006292247534227968,0.006292247534227968,0.012353299379721086,0.008525003913217198,True,655.1099853515625,0.016730507621555812,0.016730507621555812,0.009032649682386706,0.007628948321535711,0.010569114239549982,-0.016730507621555812,0.0,-0.014650881056329801,False,False,1084,20707.735009044824,0.24504426826689488,0.483266982859971,0.5439890850946718,0.18966803276377864,645.0,0.0968709575852507,0.0010398132826130446,0.015269399877140856,0.04512855307765907,22.158920058419753
2026-04-22,2026-04-23,650.1500244140625,655.1099853515625,0.007628948321535711,0.007628948321535711,0.010569114239549982,0.009299345970554632,True,651.4199829101562,-0.005632645699066852,0.005632645699066852,-0.0023812758063160855,-0.0032591307820316606,0.017401602225294275,-0.005632645699066852,0.0,0.005632645699066887,False,False,976,17679.746006167603,0.126708697352677,0.35060570699859844,0.4606752494665644,0.0908111682234549,650.0,0.10034061824189176,0.007800194571634056,0.018531659001788464,0.04645374846299439,21.52678810831836
2026-04-23,2026-04-24,653.5499877929688,651.4199829101562,-0.0032591307820316606,0.0032591307820316606,0.017401602225294275,0.010585157297545394,True,663.8800048828125,0.019127478891562966,0.019127478891562966,0.010883956650814985,0.008154766119802481,0.012250131525134067,-0.019127478891562966,0.0,-0.019127478891562855,False,False,943,22300.83199620186,0.24964509043317817,0.4892276321597464,0.5824967188187947,0.18285106827656816,650.0,0.13508855756341487,0.002179827066115747,0.015651749558635936,0.04839594513689136,20.66288812361096
2026-04-24,2026-04-27,658.510009765625,663.8800048828125,0.008154766119802481,0.008154766119802481,0.012250131525134067,0.012185605964522752,True,664.22998046875,0.0005271669328243966,0.0005271669328243966,-0.0007229928077661096,0.0012510642510459302,0.0056335334802487085,0.0005271669328243966,1.0,-0.0005271669328243689,False,False,679,14505.815500527175,0.15816671732120763,0.3428076950971875,0.6060256997418038,0.12186342458820887,650.0,0.09892702759685612,0.0209074001035211,0.0177029390980933,0.04820925616512558,20.742904569504574
2026-04-27,2026-04-28,663.4000244140625,664.22998046875,0.0012510642510459302,0.0012510642510459302,0.0056335334802487085,0.011693895496435703,False,657.5499877929688,-0.010056746717555742,0.010056746717555742,-0.01026753914270151,0.00021297919739149407,0.008777106215123686,,,0.002679746946174604,False,False,860,17872.878527823013,0.19620925324469785,0.4188046131649853,0.6103933312330159,0.15221093730652854,660.0,0.10338328140745354,0.00636824683186521,0.015867424964266266,0.048216860860022304,20.73963302802076
2026-04-28,2026-04-29,657.4099731445312,657.5499877929688,0.00021297919739149407,0.00021297919739149407,0.008777106215123686,0.013164822313583674,False,661.5700073242188,0.006113633344809299,0.006113633344809299,0.0016424866700535112,0.0044638149182549824,0.007801602833078336,,,0.0013383087204764297,False,False,847,20870.76855247933,0.21165499057658754,0.3423959906793716,0.5796494356227521,0.13298401763333392,660.0,0.0961398378656664,0.0037259710326429385,0.017733087361986748,0.04348877418975684,22.994439798110836
2026-04-29,2026-04-30,658.6300048828125,661.5700073242188,0.0044638149182549824,0.0044638149182549824,0.007801602833078336,0.011358509220789669,True,667.739990234375,0.009326273624633119,0.009326273624633119,0.005713633054508005,0.003592116534358869,0.017141083679616222,0.009326273624633119,1.0,-0.009326273624633194,False,False,685,22157.37689686622,0.24148205695234287,0.47662019388828786,0.5316622952540099,0.16857401952088885,660.0,0.13037686390375317,0.002373153720448662,0.01549306474272304,0.052674542462430224,18.984502821514653
2026-04-30,2026-05-01,665.3499755859375,667.739990234375,0.003592116534358869,0.003592116534358869,0.017141083679616222,0.010796458378063018,True,674.1500244140625,0.009599596060492877,0.009599596060492877,0.0021265506498386877,0.007457187324104053,0.01073768684670152,0.009599596060492877,1.0,-0.009599596060492939,False,False,622,19743.500515774645,0.2683719208328419,0.37177338955197436,0.509898082835824,0.19789421609235572,665.0,0.09096976684159094,0.004103378971526461,0.01634735251941152,0.052074534637127835,19.203244099411023
2026-05-01,2026-05-04,669.1599731445312,674.1500244140625,0.007457187324104053,0.007457187324104053,0.01073768684670152,0.008212987468373331,True,672.8800048828125,-0.0018838826451929025,0.0018838826451929025,0.0007564321174831079,-0.0026383190534077228,0.011614560218243567,-0.0018838826451929025,0.0,-0.001883882645192866,False,False,470,13029.857957972483,0.18629333595097156,0.4472433704023199,0.5595171527943406,0.14013301263323447,680.0,0.15544561066415674,0.008677557478429243,0.016541498991500633,0.07359969741049793,13.587012381621076
2026-05-04,2026-05-05,674.6599731445312,672.8800048828125,-0.0026383190534077228,0.0026383190534077228,0.011614560218243567,0.008468754439306074,True,681.6099853515625,0.012974052439365336,0.012974052439365336,0.007549662722892814,0.005383744263099732,0.007817158672356557,-0.012974052439365336,0.0,-0.006672794854644207,False,False,1200,18622.24391278185,0.3211861156733792,0.3918534887783651,0.5830995824015699,0.24936974606255488,675.0,0.14288501284998217,0.0031506287923606102,0.016343976873489187,0.051326794413452025,19.48300125553748
2026-05-05,2026-05-06,677.9600219726562,681.6099853515625,0.005383744263099732,0.005383744263099732,0.007817158672356557,0.005641642840648643,True,695.77001953125,0.02077439369140688,0.02077439369140688,0.009052161907707523,0.011617072165563291,0.013864251419610731,0.02077439369140688,1.0,-0.020774393691406975,False,False,969,14603.585826698321,0.21135757410352377,0.4233557662630084,0.5542151820472099,0.13742971757344677,675.0,0.11886707450591395,0.009697606393124003,0.017050197831578226,0.04449714677933864,22.473351043360157
2026-05-06,2026-05-07,687.780029296875,695.77001953125,0.011617072165563291,0.011617072165563291,0.013864251419610731,0.008164687496750986,True,694.9400024414062,-0.0011929474776779525,0.0011929474776779525,0.0011641742757750873,-0.00235438084383921,0.013610777178219107,-0.0011929474776779525,0.0,0.0011929474776779594,False,False,762,9373.840187222559,0.12466235722552226,0.2989130882905833,0.47979492653549555,0.07907769516432578,675.0,0.1044085104362296,0.029851846081616285,0.020644185214914363,0.04297948925010438,23.26691213524766
2026-05-07,2026-05-08,696.5800170898438,694.9400024414062,-0.00235438084383921,0.00235438084383921,0.013610777178219107,0.009652353957499672,False,711.22998046875,0.023440840892904546,0.023440840892904546,0.007166058150710475,0.016158986505240946,0.016879126870724372,,,-0.023440840892904616,False,False,1038,14192.022900840722,0.22063620460295685,0.4798514072443047,0.5078147087099495,0.16426872230788128,690.0,0.08124556664392744,0.007108530843024541,0.015378573222051335,0.04265590759640333,23.44341162452064
2026-05-08,2026-05-11,699.9199829101562,711.22998046875,0.016158986505240946,0.016158986505240946,0.016879126870724372,0.011923873435764017,True,713.2899780273438,0.0028963874065546236,0.0028963874065546236,-0.0012232261590183757,0.004124658956305316,0.007986240550762427,0.0028963874065546236,1.0,-0.0028963874065545837,False,False,692,8437.210282907725,0.1400293526188639,0.2721898664382043,0.7036091345093136,0.09855116105963851,710.0,0.10374526541595024,0.0017293709524721645,0.020072283208824288,0.05209540138252304,19.19555226491603
2026-05-11,2026-05-12,710.3599853515625,713.2899780273438,0.004124658956305316,0.004124658956305316,0.007986240550762427,0.010787910106030465,True,707.239990234375,-0.00848180680976407,0.00848180680976407,-0.007107918911520739,-0.001383723291193073,0.01898243133148956,-0.00848180680976407,0.0,0.0007429913191608502,True,False,761,10552.84087340659,0.25159361836117783,0.3673641224798848,0.7186686205317449,0.19516833832938188,710.0,0.13451248003622043,0.004612399064462425,0.017770387580690473,0.06358151098085088,15.727842647545359
2026-05-12,2026-05-13,708.219970703125,707.239990234375,-0.001383723291193073,0.001383723291193073,0.01898243133148956,0.013986581719408815,False,714.7100219726562,0.010562230418850849,0.010562230418850849,0.0038459812451778763,0.0066905175685836316,0.016712866194545463,,,-0.0027572142892895914,True,False,771,13685.680024884521,0.30839261121312705,0.3762215202164784,0.7056872412089218,0.2292017195675033,710.0,0.1253246184429248,0.003902508064780541,0.014970238730457,0.06113164553893296,16.358139735713955
2026-05-13,2026-05-14,709.9600219726562,714.7100219726562,0.0066905175685836316,0.0066905175685836316,0.016712866194545463,0.012191698583147115,True,719.7899780273438,0.007107716274449949,0.007107716274449949,-0.00012596277189491634,0.007234590335396973,0.010927590706219034,0.007107716274449949,1.0,-0.007107716274449908,True,False,715,12207.471094342869,0.1257109484217183,0.36831567451939173,0.669647231099178,0.10804791039212827,710.0,0.12000855687159798,0.006590116030073645,0.017558387399576356,0.054987769297392027,18.185862288605847
2026-05-14,2026-05-15,714.6199951171875,719.7899780273438,0.007234590335396973,0.007234590335396973,0.010927590706219034,0.011613280261030574,True,708.9299926757812,-0.015087714031981059,0.015087714031981059,-0.013406637593583848,-0.0017039202800807063,0.013309461623929167,-0.015087714031981059,0.0,-0.015087714031981071,True,False,582,11235.307575598807,0.13764983766873443,0.3766500026611177,0.6437449339754012,0.11778780412101136,720.0,0.13764983766873445,0.0002917822963190986,0.016645887275882395,0.0657025047372045,15.220119902578737
2026-05-15,2026-05-18,710.1400146484375,708.9299926757812,-0.0017039202800807063,0.0017039202800807063,0.013309461623929167,0.010819493257721134,False,705.8800048828125,-0.004302241158477327,0.004302241158477327,0.0036815840471233763,-0.007954539898408552,0.018647866326523495,,,0.00430224115847729,True,False,1388,11802.730844421045,0.17837471206431735,0.4214804631327329,0.6706946451244493,0.13766844645338702,705.0,0.09610463807479044,0.005543555381185006,0.015974273418340547,0.04020348330177939,24.873466622125758
2026-05-18,2026-05-19,711.5399780273438,705.8800048828125,-0.007954539898408552,0.007954539898408552,0.018647866326523495,0.010716277051783943,True,701.530029296875,-0.006162485912403315,0.006162485912403315,-0.008599205647178643,0.002457855338280135,0.015923372466459113,0.006162485912403315,1.0,-0.0036691304504970026,False,False,1317,12870.21974500894,0.18650666902971447,0.43489533360959004,0.598939592942602,0.13048199807853725,705.0,0.10818990123557,0.0012466777309531052,0.015979190704448937,0.04284793142858299,23.338349522584426
2026-05-19,2026-05-20,699.8099975585938,701.530029296875,0.002457855338280135,0.002457855338280135,0.015923372466459113,0.010413671599785667,False,713.1500244140625,0.016563788621898112,0.016563788621898112,0.005359640462201165,0.01114441808559774,0.013342331754636472,,,-0.016563788621898213,False,False,1299,21221.044427751018,0.2811845826696613,0.4091978384655256,0.4795294741937453,0.1637195053716474,700.0,0.10909746358948516,0.002180989028236602,0.016476132537655248,0.043596908774334864,22.93740607106281
2026-05-20,2026-05-21,705.2899780273438,713.1500244140625,0.01114441808559774,0.01114441808559774,0.013342331754636472,0.012331826367812581,True,714.510009765625,0.0019070115754113992,0.0019070115754113992,-0.005833322635171223,0.007785751008170472,0.01451304105954597,0.0019070115754113992,1.0,-0.0019070115754113437,False,False,1143,17827.465102653914,0.21766144652844946,0.3409518402506654,0.48098402768000575,0.14236208709805964,700.0,0.08655413949284978,0.01843935211930592,0.01807290865615585,0.03965770188307307,25.21578287487268
2026-05-21,2026-05-22,708.989990234375,714.510009765625,0.007785751008170472,0.007785751008170472,0.01451304105954597,0.011748302913546064,True,717.5399780273438,0.004240623952507905,0.004240623952507905,0.004982432030254502,-0.0007381303932328942,0.008635264483110796,0.004240623952507905,1.0,-0.004240623952507881,False,False,1014,20284.186960311497,0.22007001153642688,0.42067393353677973,0.461881882536143,0.17859883104683583,710.0,0.09306993196233526,0.006312031607652924,0.016752509677795378,0.04255551778857095,23.498715371489805
2026-05-22,2026-05-26,718.0700073242188,717.5399780273438,-0.0007381303932328942,0.0007381303932328942,0.008635264483110796,0.008978695226811575,False,730.280029296875,0.017755179724697978,0.017755179724697978,0.011734599051137051,0.005950750996563059,0.009769504111668974,,,-0.01775517972469787,False,False,839,14165.640258033101,0.17500505221627236,0.250077291660096,0.5593845181194066,0.10541402314491365,700.0,0.08880986892638548,0.024444600390858384,0.019924809011975395,0.04066519554201403,24.591053520616438
2026-05-26,2026-05-27,725.9600219726562,730.280029296875,0.005950750996563059,0.005950750996563059,0.009769504111668974,0.010171612654975775,True,729.4500122070312,-0.0011365737204164228,0.0011365737204164228,0.00366981509594555,-0.00478881475169457,0.010790388024713604,-0.0011365737204164228,0.0,-0.0003696643551291828,False,False,1046,13317.435975772029,0.17824532218559094,0.33203736093546193,0.5614831549914925,0.13952561422075752,730.0,0.09698029851040615,0.0003834546826435581,0.019330049950816944,0.04273383439863831,23.40066165538996
2026-05-27,2026-05-28,732.9600219726562,729.4500122070312,-0.00478881475169457,0.00478881475169457,0.010790388024713604,0.008705553265876593,True,735.5999755859375,0.008430959320020914,0.008430959320020914,0.000383807330226249,0.008044064618829116,0.013969432135007136,-0.008430959320020914,0.0,-0.006923007345889893,False,False,1068,17038.323874701167,0.2748289546795737,0.423397111316073,0.5771033135549173,0.22206928398045386,730.0,0.12128253276095999,0.0007539759870656138,0.015945878821832092,0.044357282343513375,22.54421252086098
2026-05-28,2026-05-29,729.72998046875,735.5999755859375,0.008044064618829116,0.008044064618829116,0.013969432135007136,0.007324373665827647,True,738.3099975585938,0.003684097420609156,0.003684097420609156,0.003045203023215093,0.0006369547408913157,0.008673198877869112,0.003684097420609156,1.0,-0.0036840974206090735,False,False,871,14602.955647006096,0.16491833330077846,0.3903085950385926,0.54497311357987,0.1178143180296634,730.0,0.09269243036400743,0.007612800124791819,0.017880214300940632,0.039973401467934745,25.01663514430126
2026-05-29,2026-06-01,737.8400268554688,738.3099975585938,0.0006369547408913157,0.0006369547408913157,0.008673198877869112,0.007101303236105922,False,742.739990234375,0.006000179721837862,0.006000179721837862,-0.0017201711143688403,0.007733654044502547,0.013083981270239891,,,-0.0060001797218378825,False,False,730,10772.572599207575,0.24782490684650696,0.3519162819636458,0.5285217593327336,0.1807099902140502,730.0,0.08620996133673418,0.011255431439466945,0.01753006837684943,0.03741908590982927,26.724329995921128
2026-06-01,2026-06-02,737.0399780273438,742.739990234375,0.007733654044502547,0.007733654044502547,0.013083981270239891,0.006998322119122804,True,746.1599731445312,0.004604549310825545,0.004604549310825545,-0.00045771848127529324,0.005064585946688682,0.009707329708181047,0.004604549310825545,1.0,-0.004604549310825527,False,False,1386,13150.85552155212,0.20072210879746785,0.4081748224213083,0.519130090834359,0.12797792515136705,740.0,0.09198606383295106,0.0036890301726050234,0.01670990589893659,0.03809097287105309,26.252939335134215
2026-06-02,2026-06-03,742.4000244140625,746.1599731445312,0.005064585946688682,0.005064585946688682,0.009707329708181047,0.0035349141159515558,True,744.2100219726562,-0.002613315163043861,0.002613315163043861,0.0015412571773529837,-0.004148178929848201,0.010239110811908465,-0.002613315163043861,0.0,0.002613315163043857,False,False,1336,13809.136125744546,0.1463837766976364,0.39874813410200144,0.5148977582744905,0.11053298116312232,740.0,0.07948387116300473,0.008255566321215713,0.017507095119049014,0.03532332584977567,28.309905025728227
2026-06-03,2026-06-04,747.3099975585938,744.2100219726562,-0.004148178929848201,0.004148178929848201,0.010239110811908465,0.0041180415239465825,True,740.6099853515625,-0.00483739336316813,0.00483739336316813,-0.011730615345337259,0.0069750435348938655,0.0146195355633255,0.00483739336316813,1.0,0.00483739336316815,False,False,1262,15253.220689595066,0.18827230869509587,0.42577475450540153,0.5323957148125651,0.1346003245703027,740.0,0.08530386057569121,0.005657034772921898,0.016739120336462687,0.0345602039939985,28.935014393249922
2026-06-04,2026-06-05,735.47998046875,740.6099853515625,0.0069750435348938655,0.0069750435348938655,0.0146195355633255,0.004786815856842038,True,705.0599975585938,-0.04800095663859216,0.04800095663859216,-0.014244998044363077,-0.03424376090129977,0.03695601687600141,-0.04800095663859216,0.0,-0.04635370541695778,False,False,1183,18932.41382344169,0.2688457857533514,0.47356992327927844,0.5189320932000844,0.17419954864976792,740.0,0.09936042904322319,0.0008236256108171691,0.014913651671501873,0.03941428023878844,25.37151494183264
2026-06-05,2026-06-08,730.0599975585938,705.0599975585938,-0.03424376090129977,0.03424376090129977,0.03695601687600141,0.022300650909074037,True,716.0700073242188,0.015615706186351996,0.015615706186351996,0.01808356741858752,-0.002424026191182982,0.014126488535932754,-0.015615706186351996,0.0,-0.015615706186351918,False,False,1041,12406.891526682648,0.12227849839589636,0.25686469236522597,0.2637150660623708,0.045542089153210605,705.0,0.07769477124705212,8.509567810044416e-05,0.023337687769542224,0.03869808305440785,25.84107327988425
2026-06-08,2026-06-09,717.8099975585938,716.0700073242188,-0.002424026191182982,0.002424026191182982,0.014126488535932754,0.024244191765926595,False,707.8300170898438,-0.011507241121808565,0.011507241121808565,0.009649856960707082,-0.020954886425878172,0.05486890614810267,,,-0.01150724112180855,False,False,1439,18795.120745000662,0.10638139758303315,0.2862317053658062,0.39783491936151294,0.05508483313059217,720.0,0.07583288882268498,0.005488279966461285,0.020455520785464035,0.03636418475519,27.49958528514178
2026-06-09,2026-06-10,722.97998046875,707.8300170898438,-0.020954886425878172,0.020954886425878172,0.05486890614810267,0.02336323857868518,True,693.6900024414062,-0.019976568253734728,0.019976568253734728,-0.008716844152328984,-0.01135873643669183,0.02592435496948501,0.019976568253734728,1.0,0.0021474358172875654,False,False,1270,18582.573898733717,0.1504577803027074,0.20466367214257683,0.3667061835305063,0.0658215199273347,700.0,0.09981426397551285,0.01106200203551111,0.021087395665038252,0.038683451407636765,25.850847419539797
2026-06-10,2026-06-11,701.6599731445312,693.6900024414062,-0.01135873643669183,0.01135873643669183,0.02592435496948501,0.023230943953507246,True,717.1199951171875,0.033775883454166156,0.033775883454166156,0.008072735034710954,0.025497315348550043,0.033689393006873396,-0.033775883454166156,0.0,-0.015583326155124796,False,False,1101,17618.04334551236,0.11488050747154914,0.30539167608734685,0.3490204734613797,0.03803166124408478,700.0,0.09382898340305053,0.009096278649520784,0.020555139262302177,0.04101729216110202,24.37996140925976
2026-06-11,2026-06-12,699.2899780273438,717.1199951171875,0.025497315348550043,0.025497315348550043,0.033689393006873396,0.031777006016964246,True,721.3400268554688,0.005884694007997515,0.005884694007997515,0.000683275097210112,0.005197867337477069,0.01775153468795657,0.005884694007997515,1.0,0.002147448178588433,False,False,1214,20360.55184853535,0.18540387436555816,0.3069610915997298,0.8677311938520149,0.1666675781025436,720.0,0.07900415311388137,0.004016071093292828,0.02046241323857547,0.03733318023644739,26.785824129274864
2026-06-12,2026-06-15,717.6099853515625,721.3400268554688,0.005197867337477069,0.005197867337477069,0.01775153468795657,0.021433348533309034,True,744.0,0.03141371932916659,0.03141371932916659,0.023234463784756576,0.007993530157454298,0.01023096543662507,0.03141371932916659,1.0,-0.03141371932916667,False,False,1088,16246.335048224293,0.12421748614576059,0.29642803925052347,0.8132121951822352,0.10557291521876411,700.0,0.07860672982202538,0.029583866222558264,0.019867483117090825,0.040724279747311395,24.555375962567386
2026-06-15,2026-06-16,738.0999755859375,744.0,0.007993530157454298,0.007993530157454298,0.01023096543662507,0.024393955334449546,True,729.8599853515625,-0.019005396032846122,0.019005396032846122,-0.0023521505376343788,-0.01669250878873363,0.019596715127268145,-0.019005396032846122,0.0,-0.008252707860803092,True,True,1280,14312.646983226032,0.11605353070001521,0.40731666386347026,0.7862854183817577,0.09299006308236814,740.0,0.15423482010830317,0.005376344086021501,0.01735463206499138,0.051250067907350816,19.512169267907833
2026-06-16,2026-06-17,742.25,729.8599853515625,-0.01669250878873363,0.01669250878873363,0.019596715127268145,0.02606024983193368,True,722.510009765625,-0.010070391216744357,0.010070391216744357,0.007302793956126097,-0.01724723218987434,0.020318989104054466,0.010070391216744357,1.0,-0.010070391216744301,True,True,1404,19615.51041040613,0.13265104451522672,0.3255534064215268,0.7755930491281341,0.1093832522756185,740.0,0.11490753492863541,0.013893095733359395,0.018183960423833606,0.042981418452931824,23.265867809716003
2026-06-17,2026-06-18,735.1900024414062,722.510009765625,-0.01724723218987434,0.01724723218987434,0.020318989104054466,0.023833299108846188,True,740.6199951171875,0.025065376405563056,0.025065376405563056,0.020331901624686788,0.004639151998814484,0.012885631247674783,-0.025065376405563056,0.0,-0.025065376405563153,True,True,1486,25623.472626325678,0.2388676755107901,0.30428234721293057,0.6961043365024412,0.1884786236355354,720.0,0.09693219357296126,0.0034740138291499134,0.017430397830179925,0.04123831218655006,24.24929506028987
2026-06-18,2026-06-22,737.2000122070312,740.6199951171875,0.004639151998814484,0.004639151998814484,0.012885631247674783,0.021741228781045032,True,737.9500122070312,-0.003605064578001027,0.003605064578001027,0.0018903410970438905,-0.005485037084026145,0.014933430951784846,-0.003605064578001027,0.0,-0.001930804846222095,True,True,1262,11956.545601918704,0.1699554307128827,0.3223572019790581,0.3517148125751681,0.07295616744663887,740.0,0.06157716476069035,0.0008371298658894633,0.01869556689516037,0.028775641124672645,34.75161493943521
2026-06-22,2026-06-23,742.02001953125,737.9500122070312,-0.005485037084026145,0.005485037084026145,0.014933430951784846,0.022234196196774497,True,713.6500244140625,-0.03292904314791367,0.03292904314791367,-0.03009691931060665,-0.002920007053997531,0.015583711375796665,0.03292904314791367,1.0,-0.032929043147913666,False,False,1274,12787.82336977894,0.22231193196384505,0.36450036559744925,0.46018581636848027,0.12499906153100884,740.0,0.06978467860772991,0.0027779493990895965,0.017603352010968038,0.03192937380495089,31.319123453806743
2026-06-23,2026-06-24,715.739990234375,713.6500244140625,-0.002920007053997531,0.002920007053997531,0.015583711375796665,0.021560599064098393,True,710.6199951171875,-0.00424581964999271,0.00424581964999271,0.0024101038944643882,-0.006639920645849728,0.021691277151513772,0.00424581964999271,1.0,0.004245819649992703,False,False,1155,14532.081173337529,0.11465486946708434,0.2906678714707154,0.6213102335491292,0.08062147497099531,700.0,0.08335883938314945,0.01912705660631031,0.020201714112163333,0.03707506344144447,26.97230718375918
2026-06-24,2026-06-25,715.3699951171875,710.6199951171875,-0.006639920645849728,0.006639920645849728,0.021691277151513772,0.020688514824906586,True,716.3800048828125,0.008105611726665796,0.008105611726665796,0.021502391435460844,-0.013114780563527884,0.030297528137136796,-0.008105611726665796,0.0,0.004221665616804483,False,False,984,15924.413626363528,0.14599407667564226,0.3641812899999219,0.6156083035944319,0.09609757209921117,715.0,0.08727474171104506,0.006163638671735194,0.01811719798476587,0.042211430109747164,23.690265821367827
2026-06-25,2026-06-26,725.9000244140625,716.3800048828125,-0.013114780563527884,0.013114780563527884,0.030297528137136796,0.02119988326785198,True,706.52001953125,-0.013763624451209266,0.013763624451209266,-0.012912141512817832,-0.0008626212257299981,0.017797816679829975,0.013763624451209266,1.0,-0.01376362445120928,False,False,1044,17290.977223981106,0.14547946369396014,0.3058119686825458,0.7165396596015386,0.11876375623823031,720.0,0.07075136804633131,0.005053177213927951,0.019097759876725014,0.036321310879260146,27.532045947466358
2026-06-26,2026-06-29,707.1300048828125,706.52001953125,-0.0008626212257299981,0.0008626212257299981,0.017797816679829975,0.015323080639118844,False,724.0800170898438,0.024854210883145544,0.024854210883145544,0.010572907343915139,0.014131888392660219,0.02747273062773981,,,-0.0008492846692325189,False,False,841,14910.559448936801,0.1702714998533226,0.29987065119919565,0.6162959803470008,0.11202093350174638,715.0,0.09428065733445451,0.012002463106956407,0.019045396262007994,0.04535173063439254,22.049875186938266
2026-06-29,2026-06-30,713.989990234375,724.0800170898438,0.014131888392660219,0.014131888392660219,0.02747273062773981,0.021855047979907106,True,736.4000244140625,0.017014704222517052,0.017014704222517052,0.00013807256598430406,0.016874301778387002,0.0189344017913356,0.017014704222517052,1.0,-0.017014704222517003,False,False,1361,19426.66770370183,0.1284234628740397,0.3922162916447562,0.5998020401601101,0.10349240420631572,715.0,0.13140790452411383,0.01254007412928937,0.01640850517781286,0.050377978945015424,19.84994279130254
2026-06-30,2026-07-01,724.1799926757812,736.4000244140625,0.016874301778387002,0.016874301778387002,0.0189344017913356,0.015620850965934196,True,725.1699829101562,-0.015249920059198452,0.015249920059198452,-0.009790904038050607,-0.005512993208615757,0.009940259480630953,-0.015249920059198452,0.0,0.015249920059198464,False,False,1164,13099.959645874049,0.1834044985032194,0.29751647822408966,0.42469963425677565,0.10097094462845693,715.0,0.08070618392262215,0.02906032550866633,0.020072631681842076,0.031542705933551095,31.703050527961455
2026-07-01,2026-07-02,729.1900024414062,725.1699829101562,-0.005512993208615757,0.005512993208615757,0.009940259480630953,0.01807662692355079,True,712.5999755859375,-0.017333877050142776,0.017333877050142776,0.0005654318150924986,-0.017889193745944887,0.03208905509004363,0.017333877050142776,1.0,0.010714671979268061,False,False,1228,17022.9312509488,0.1484903392841093,0.3506950359067836,0.4149044457278192,0.09207243392386373,715.0,0.09031049898488286,0.014024274514705448,0.017621616685880685,0.03544247688001021,28.21473237848133
2026-07-02,2026-07-06,725.5800170898438,712.5999755859375,-0.017889193745944887,0.017889193745944887,0.03208905509004363,0.020159868971707438,True,722.8200073242188,0.014341891788415717,0.014341891788415717,0.010286299945234445,0.004014299553899869,0.010707276374151859,-0.014341891788415717,0.0,-0.007605926320302849,False,False,996,14604.738675778126,0.2670947215924345,0.33561552193244126,0.33932403455001625,0.15132643106401686,715.0,0.11144635998727268,0.003367982734056474,0.017760349508259072,0.043243022018252524,23.125118304125653
2026-07-06,2026-07-07,719.9299926757812,722.8200073242188,0.004014299553899869,0.004014299553899869,0.010707276374151859,0.0195850584349526,True,709.4299926757812,-0.0185246873533641,0.0185246873533641,-0.011967051722992172,-0.006637061690915824,0.015840667186650188,-0.0185246873533641,0.0,0.0031128081364670494,False,False,1363,18541.507803333516,0.20039202680405863,0.3474043752001057,0.4898961452852875,0.12099674676418395,715.0,0.1050071165162686,0.010818747744915536,0.01681184755230206,0.04099066833784648,24.39579642268738
2026-07-07,2026-07-08,714.1699829101562,709.4299926757812,-0.006637061690915824,0.006637061690915824,0.015840667186650188,0.017981587786604164,True,711.4400024414062,0.0028332742996159954,0.0028332742996159954,-0.006314901420861441,0.009206312677485284,0.015998811353160346,-0.0028332742996159954,0.0,0.0028332742996159174,False,False,1194,21078.881290455018,0.22318123389475344,0.4391070908202982,0.46797166376037647,0.12145472587075863,715.0,0.13977133176802398,0.007851384043138898,0.015884266139520722,0.05853200715488059,17.084669544201965
2026-07-08,2026-07-09,704.9500122070312,711.4400024414062,0.009206312677485284,0.009206312677485284,0.015998811353160346,0.014659559006714645,True,723.280029296875,0.01664234062582648,0.01664234062582648,0.009684603936795044,0.006891000082503984,0.012790924821080704,0.01664234062582648,1.0,-0.0066344761639545126,False,False,1323,22358.671510670694,0.22826627218107073,0.45642792564483003,0.4928204090646991,0.12223518765257257,715.0,0.14639613995463333,0.005003932230936092,0.015045641792193375,0.05603348774985168,17.84647074735495
2026-07-09,2026-07-10,718.3300170898438,723.280029296875,0.006891000082503984,0.006891000082503984,0.012790924821080704,0.016833589610243435,True,725.510009765625,0.0030831495111482976,0.0030831495111482976,-0.003567106771013573,0.006674063378830697,0.012982543783997259,0.0030831495111482976,1.0,-0.0030831495111483167,False,False,1261,19796.41952701953,0.2528425435125794,0.4093850190991884,0.41086261113960215,0.15479356455620075,720.0,0.08518005112658011,0.0045349369041249865,0.015890254341847963,0.037370648445005754,26.758968377859144
2026-07-10,2026-07-13,720.7000122070312,725.510009765625,0.006674063378830697,0.006674063378830697,0.012982543783997259,0.013926767490045846,True,711.739990234375,-0.01897977883957569,0.01897977883957569,-0.01073732816590156,-0.008331913159517645,0.01193639374779797,-0.01897977883957569,0.0,-0.01897977883957574,False,False,1114,18710.007559775524,0.17296259992951632,0.3466339016691484,0.7674238688146584,0.15185855097621187,730.0,0.07219903502694515,0.00618873643910911,0.016972561495103282,0.03562265323793462,28.072024655791175
2026-07-13,2026-07-14,717.719970703125,711.739990234375,-0.008331913159517645,0.008331913159517645,0.01193639374779797,0.015437146771765642,True,719.6900024414062,0.011169826504217273,0.011169826504217273,0.011914435868578321,-0.0007358422194282399,0.011169740749367043,-0.011169826504217273,0.0,-0.011169826504217252,True,False,920,19729.739848191377,0.2644630223313497,0.40158264923449283,0.7783244726009922,0.2399256380741633,700.0,0.07940871236588,0.016494773927918538,0.01607894923411411,0.03915473203005492,25.53969720013424
2026-07-14,2026-07-15,720.219970703125,719.6900024414062,-0.0007358422194282399,0.0007358422194282399,0.011169740749367043,0.0135645889444264,False,717.739990234375,-0.002709516875899598,0.002709516875899598,0.005780229168696804,-0.008440955388050675,0.019633460010392317,,,-0.002709516875899649,True,False,1170,22782.988971928426,0.17757989678947272,0.38327662562571,0.734394846881232,0.15614528210382012,720.0,0.10112284499330354,0.00043073761972811653,0.01541467429091711,0.04220852026686463,23.691899021275095
2026-07-15,2026-07-16,723.8499755859375,717.739990234375,-0.008440955388050675,0.008440955388050675,0.019633460010392317,0.013800920791667169,True,705.9400024414062,-0.01644047698821338,0.01644047698821338,-0.007983365211235993,-0.00852517133321884,0.015311938005274396,0.01644047698821338,1.0,-0.016440476988213396,True,False,1370,24344.992914873474,0.24755682449227312,0.394943456402657,0.7215507188149959,0.21522111751687395,720.0,0.10306301812245264,0.0031487861849344156,0.014632400725758818,0.04628450040961671,21.605504891486873
2026-07-16,2026-07-17,712.010009765625,705.9400024414062,-0.00852517133321884,0.00852517133321884,0.015311938005274396,0.012826859720165992,True,695.3300170898438,-0.015029585113280453,0.015029585113280453,-0.02024248233266801,0.005320599357888867,0.02201317105363155,0.015029585113280453,1.0,0.0017990474075102614,True,False,1326,26785.885685759342,0.17868842791777248,0.5447944841220468,0.7263818935869352,0.16464251154450898,700.0,0.11893817429769137,0.00841431626039535,0.014090280404180713,0.0500733615375894,19.97069837720628
2026-07-17,2026-07-20,691.6500244140625,695.3300170898438,0.005320599357888867,0.005320599357888867,0.02201317105363155,0.012608450290764368,True,696.0599975585938,0.001049833101992581,0.001049833101992581,0.009822610683877686,-0.00868744419967371,0.014798696697160106,0.001049833101992581,1.0,0.0010498331019926019,True,False,1041,11712.891202970794,0.14997478572050413,0.43723684294054066,0.5513971546652717,0.07357025606560849,700.0,0.1110616795786096,0.006716210713441528,0.01786867354203323,0.04672227243323615,21.40306855641389
2026-07-20,2026-07-21,702.1599731445312,696.0599975585938,-0.00868744419967371,0.00868744419967371,0.014798696697160106,0.01154273316741615,True,708.969970703125,0.018547213156642428,0.018547213156642428,0.015099287133994999,0.0033966391921940176,0.010415768792099996,-0.018547213156642428,0.0,-0.018547213156642435,False,False,1216,14215.364732152531,0.1691965061774209,0.48082525398367926,0.5449631303195732,0.11540290026842985,690.0,0.11465124814988412,0.008706142544965934,0.01630197893296766,0.048902863523180296,20.448700300054885
2026-07-21,2026-07-22,706.5700073242188,708.969970703125,0.0033966391921940176,0.0033966391921940176,0.010415768792099996,0.014195865659579691,True,705.3499755859375,-0.005105992167196205,0.005105992167196205,-0.007546124387513342,0.0024586857689594677,0.008505338090546606,-0.005105992167196205,0.0,0.005105992167196234,False,False,1244,17744.546045709652,0.14013187931920842,0.32452515856142244,0.5380789655755955,0.1117280024779122,700.0,0.10909343778490523,0.012652116554709658,0.018146507712010162,0.039766736815970156,25.14664466002662
2026-07-22,2026-07-23,703.6199951171875,705.3499755859375,0.0024586857689594677,0.0024586857689594677,0.008505338090546606,0.014227550659790755,False,691.9600219726562,-0.01898341826999872,0.01898341826999872,-0.015141409293888963,-0.0039010767762661658,0.015410782580885105,,,-0.0038137130991911534,False,False,1127,21743.909973090646,0.15826180062493211,0.41786569731948253,0.44154873545107426,0.10598255504951094,700.0,0.14158356389699472,0.007584852585403756,0.017417554048299953,0.05048091946014962,19.8094648571014
2026-07-23,2026-07-24,694.6699829101562,691.9600219726562,-0.0039010767762661658,0.0039010767762661658,0.015410782580885105,0.014842588373426164,True,684.22998046875,-0.011171225588826994,0.011171225588826994,-0.002240084367455375,-0.008951192648092743,0.014668512763391397,0.011171225588826994,1.0,-0.005506094915327792,False,False,1281,20457.20604495572,0.34924577106818006,0.3994532694797463,0.42051177311305604,0.19232568068344838,690.0,0.14307503516010134,0.0028325653367495818,0.014451621315243206,0.06624663088189774,15.095107278478302
2026-07-24,2026-07-27,690.4099731445312,684.22998046875,-0.008951192648092743,0.008951192648092743,0.014668512763391397,0.014206242139649593,True,682.1199951171875,-0.003083737064717651,0.003083737064717651,0.010888169796253955,-0.0138214169266494,0.02389543874522498,0.003083737064717651,1.0,-0.003083737064717623,False,False,1242,16660.50678784698,0.08657922298443431,0.33595415605011525,0.6174002106179574,0.07098338630469592,700.0,0.12149540457529555,0.023047834765214992,0.01820834827732347,0.06032435655589238,16.577052074703342
2026-07-27,2026-07-28,691.6799926757812,682.1199951171875,-0.0138214169266494,0.0138214169266494,0.02389543874522498,0.014021061374345478,True,675.489990234375,-0.009719704641810822,0.009719704641810822,-0.008634865845598916,-0.0010942878247752752,0.01688855276742162,0.009719704641810822,1.0,-0.009719704641810822,False,False,1351,19021.999071725557,0.21658459734921395,0.26846675490910815,0.6045410569074758,0.14741315921361187,700.0,0.10876452163803985,0.026212403991677125,0.0187622183222392,0.051971565679213,19.241290635197636
2026-07-28,2026-07-29,676.22998046875,675.489990234375,-0.0010942878247752752,0.0010942878247752752,0.01688855276742162,0.006188468819786412,False,661.72998046875,-0.0203704125369063,0.0203704125369063,2.9637050940056753e-05,-0.020399445008455364,0.027994453534344824,,,-0.02037041253690626,False,False,1134,19963.502558788063,0.09817818007971645,0.3317905929681885,0.6145393473964709,0.07757644784370823,680.0,0.12484046180061639,0.006676649292849168,0.019824881447370685,0.05347464917920617,18.70044993934909
2026-07-29,2026-07-30,675.510009765625,661.72998046875,-0.020399445008455364,0.020399445008455364,0.027994453534344824,0.007106379449562944,True,683.5499877929688,0.032974185798204436,0.032974185798204436,0.019690855305732002,0.013026821240335273,0.01786228170566763,-0.032974185798204436,0.0,-0.03297418579820442,False,False,916,17035.54122616029,0.21890772392528413,0.2630484294415788,0.6191880639459797,0.141098314969779,660.0,0.12414294199131856,0.0026143298925711544,0.020200983335304536,0.05503586894703438,18.169968406647374
2026-07-30,2026-07-31,674.760009765625,683.5499877929688,0.013026821240335273,0.013026821240335273,0.01786228170566763,0.020646849417746027,True,687.989990234375,0.00649550511403274,0.00649550511403274,0.012522855257787402,-0.005952804040379123,0.022997632973468032,0.00649550511403274,1.0,-0.006495505114032747,False,False,1106,24395.740083827914,0.20470528325944892,0.5101697893819185,0.6014991942551601,0.17847636777646736,680.0,0.15805376385029976,0.00519345747401867,0.014647715737961099,0.062247759268508306,16.06483529288915
2026-07-31,2026-08-03,692.1099853515625,687.989990234375,-0.005952804040379123,0.005952804040379123,0.022997632973468032,0.02025152342047991,True,700.0700073242188,0.017558419833591632,0.017558419833591632,0.00045058440238077146,0.017100130379183343,0.022921873508476028,-0.017558419833591632,0.0,0.01735490720924398,False,False,1000,16043.968104363415,0.23048403283949517,0.29523818442613975,0.5310764958280516,0.1560100541725252,700.0,0.1337216793931893,0.017456663521417726,0.01756962511618901,0.05886285978914891,16.98864111567249
2026-08-03,2026-08-04,688.2999877929688,700.0700073242188,0.017100130379183343,0.017100130379183343,0.022921873508476028,0.021225467536411493,True,723.8499755859375,0.03396798607700635,0.03396798607700635,0.011555938314274705,0.022156014229010923,0.025897329778420075,0.03396798607700635,1.0,-0.03396798607700628,False,False,1528,18256.849726587436,0.2163680518751658,0.3739910331039663,0.46754307866662875,0.10965043806986229,700.0,0.1609136874784872,0.0001000004620771433,0.01686161025220667,0.05952370062127535,16.80003073670748
2026-08-04,2026-08-05,708.1599731445312,723.8499755859375,0.022156014229010923,0.022156014229010923,0.025897329778420075,0.022410750498777936,True,717.2999877929688,-0.009048819525989127,0.009048819525989127,0.0033156379015137905,-0.012323596842728102,0.01605304346081026,-0.009048819525989127,0.0,0.009048819525989082,False,False,1177,13374.783940711379,0.08751517752055611,0.25445686299877096,0.41590527951045175,0.054483149975788674,700.0,0.1391644603420948,0.032948782745528926,0.022035190005954483,0.05366415186980386,18.634413573257035
2026-08-05,2026-08-06,726.25,717.2999877929688,-0.012323596842728102,0.012323596842728102,0.01605304346081026,0.018237465452071312,True,714.6500244140625,-0.0036943586003114204,0.0036943586003114204,-0.009033849963789864,0.005388167258067567,0.015084354535555467,0.0036943586003114204,1.0,0.0036943586003114447,False,False,1276,20244.77858063866,0.20777324200700428,0.29457640500956966,0.48407625245863084,0.15179994052216222,700.0,0.11591931034844523,0.02411820449934532,0.017836509378906868,0.047755474435764465,20.940007649700824
2026-08-06,2026-08-07,710.8200073242188,714.6500244140625,0.005388167258067567,0.005388167258067567,0.015084354535555467,0.017246814644831784,True,723.030029296875,0.011726026161803071,0.011726026161803071,0.007696074738833714,0.003999173484935614,0.009962911738546631,0.011726026161803071,1.0,-0.011726026161803071,False,False,1186,21541.490834659955,0.1361107384867636,0.33813478344674935,0.4415905555318073,0.0980049237162063,700.0,0.12250451844717683,0.020499578693884413,0.018428277446668324,0.04823877940370543,20.730209436501323
2026-08-07,2026-08-10,720.1500244140625,723.030029296875,0.003999173484935614,0.003999173484935614,0.009962911738546631,0.01721129242801752,True,720.8699951171875,-0.0029874750593527066,0.0029874750593527066,-0.0008851840483857787,-0.0021041535741461725,0.006002469668559944,-0.0029874750593527066,0.0,0.002987475059352745,False,False,969,15618.57837313485,0.17629179855392152,0.3506751112236489,0.3999260247932793,0.10450402409652113,700.0,0.11701465027384567,0.03185210622478707,0.0187964401213055,0.052366085533757364,19.096329042111773
2026-08-10,2026-08-11,722.3900146484375,720.8699951171875,-0.0021041535741461725,0.0021041535741461725,0.006002469668559944,0.017437155860669955,False,718.4500122070312,-0.0033570309855425196,0.0033570309855425196,0.0033570309855424085,-0.006691598069024418,0.010889585693827327,,,0.0033570309855424744,False,False,1551,18891.274011342914,0.18240966525509755,0.3567189765418116,0.4259553944002965,0.12533982115889164,700.0,0.10562250162269117,0.028951121920110956,0.01737525085024832,0.04610732323058114,21.688528631320327
2026-08-11,2026-08-12,723.2899780273438,718.4500122070312,-0.006691598069024418,0.006691598069024418,0.010889585693827327,0.00778435887481431,True,723.7000122070312,0.007307397746256994,0.007307397746256994,0.012011976805876401,-0.004648738520336537,0.006026887071157842,-0.007307397746256994,0.0,-0.007307397746257039,False,False,1426,21474.62820770067,0.26020818063916895,0.3868163549429496,0.44563082753720834,0.1780367539237644,700.0,0.10793560690406113,0.025680300499061892,0.01604250943617593,0.046154468399148066,21.666374561004766
2026-08-12,2026-08-13,727.0800170898438,723.7000122070312,-0.004648738520336537,0.004648738520336537,0.006026887071157842,0.007220808158345845,True,732.0700073242188,0.011565558900105577,0.011565558900105577,0.00200360948262146,0.009542829314179269,0.013721144822836543,-0.011565558900105577,0.0,0.005844936295979937,False,False,1396,22913.997576113426,0.21584522424287353,0.4701694589472012,0.45236545087923374,0.16595059782684798,730.0,0.09272258072390092,0.008705247598042698,0.014986163673190698,0.0463875548086936,21.55750619156558
2026-08-13,2026-08-14,725.1500244140625,732.0700073242188,0.009542829314179269,0.009542829314179269,0.013721144822836543,0.007536554910853559,True,731.0700073242188,-0.0013659895774928987,0.0013659895774928987,0.0018303793447436156,-0.003190529043775814,0.008291566740188099,-0.0013659895774928987,0.0,0.0013659895774928536,False,False,1189,21809.580058532927,0.33995191522064294,0.48400916967412555,0.4491217471852657,0.20870076248139335,730.0,0.12763634526111106,0.002827608430216677,0.014616414055142963,0.055760106721471886,17.93396854484362
2026-08-14,2026-08-17,733.4099731445312,731.0700073242188,-0.003190529043775814,0.003190529043775814,0.008291566740188099,0.006787869678062255,True,729.8699951171875,-0.0016414463662972612,0.0016414463662972612,0.0025715798267986756,-0.00420221984930369,0.007263322944992386,0.0016414463662972612,1.0,0.0012857899133993235,False,False,1062,19232.831059089473,0.23087895995368826,0.45455617534333526,0.7200196023322802,0.20271979356684533,730.0,0.1216730008447774,0.0014636181398482995,0.01549638769731039,0.05173469847662814,19.329386841826548
2026-08-17,2026-08-18,732.9500122070312,729.8699951171875,-0.00420221984930369,0.00420221984930369,0.007263322944992386,0.006551673111327082,True,717.510009765625,-0.01693450262957852,0.01693450262957852,-0.013235196965427076,-0.003748923403809279,0.008508394665078913,0.01693450262957852,1.0,-0.016934502629578557,True,False,1476,21917.84105604278,0.2692254284490029,0.5148696295559314,0.6830824931699737,0.2220091262731199,730.0,0.12661229268277624,0.00017812060186361833,0.01417067432427501,0.05009035224092733,19.963924294046585
2026-08-18,2026-08-19,720.2100219726562,717.510009765625,-0.003748923403809279,0.003748923403809279,0.008508394665078913,0.010934684758055552,True,716.0800170898438,-0.0019929933468779693,0.0019929933468779693,0.004013888090220963,-0.005982866878987858,0.012390091465541264,0.0019929933468779693,1.0,-0.0019929933468779866,True,False,1419,24246.21596909903,0.3293121717598889,0.38926604711247514,0.7088579517415603,0.28903469355761924,720.0,0.10988830257465025,0.0034703212505542425,0.014098853144092448,0.05122584706555873,19.521395101972683
2026-08-19,2026-08-20,720.3900146484375,716.0800170898438,-0.005982866878987858,0.005982866878987858,0.012390091465541264,0.01009414494641318,True,710.9299926757812,-0.007191967784539344,0.007191967784539344,-0.00557198935754466,-0.0016290555069421453,0.008965454637663434,0.007191967784539344,1.0,0.00719196778453929,True,False,1417,31894.14546052726,0.21531252705569937,0.47942464068385504,0.5735201024885506,0.18474192586926036,700.0,0.11166986545435363,0.02245561488392467,0.014670411216602026,0.05322532135616041,18.78805002056146
2026-08-20,2026-08-21,712.0900268554688,710.9299926757812,-0.0016290555069421453,0.0016290555069421453,0.008965454637663434,0.006658806552650195,False,713.4400024414062,0.0035306004690811577,0.0035306004690811577,0.006048398347612949,-0.0025026607891501795,0.009100714233160258,,,-0.0035306004690811893,True,False,1283,31369.770884999027,0.2294710763224461,0.500153536684672,0.5636884020574799,0.17997157840990974,710.0,0.13192172678300357,0.0013081353795202366,0.014078627781650121,0.059362446699984014,16.845666841428713
2026-08-21,2026-08-24,715.22998046875,713.4400024414062,-0.0025026607891501795,0.0025026607891501795,0.009100714233160258,0.0077493823467565835,True,706.3200073242188,-0.009979809224073155,0.009979809224073155,-0.005298314201530152,-0.004706431173668979,0.00993771837302435,0.009979809224073155,1.0,0.009979809224073126,True,False,1149,20485.502409422,0.22219820383329117,0.3354961930045074,0.355724420247161,0.12337411777344325,700.0,0.12273240166687802,0.018838307910145624,0.018405319228671557,0.04739661875371925,21.098551464106905
2026-08-24,2026-08-25,709.6599731445312,706.3200073242188,-0.004706431173668979,0.004706431173668979,0.00993771837302435,0.007784469287244168,True,710.719970703125,0.006229419148941817,0.006229419148941817,0.00693731358038252,-0.0007030173794272399,0.009330000215168107,-0.006229419148941817,0.0,-0.006229419148941871,False,False,1438,22675.61881719168,0.1621071260885045,0.46490505698354484,0.5129084024514081,0.11442113451404956,700.0,0.15279906086745362,0.008947795982958362,0.01645548932804514,0.05655309217123137,17.682499074890572
2026-08-25,2026-08-26,711.219970703125,710.719970703125,-0.0007030173794272399,0.0007030173794272399,0.009330000215168107,0.006871570973259051,False,711.3699951171875,0.0009145998999007254,0.0009145998999007254,-0.0032502218226799773,0.004178402457431618,0.007105539504017198,,,-0.0009145998999006907,False,False,1302,25802.84955211456,0.20353934227453002,0.4111150177426942,0.5505304950775456,0.1513323120876335,700.0,0.1263454770244564,0.015083255213047653,0.015705079357202688,0.04867527963885324,20.544309296618543
2026-08-27,2026-08-28,716.9299926757812,721.1099853515625,0.005830405644183356,0.005830405644183356,0.009587059246066482,0.008628093966095944,True,716.4299926757812,-0.006489984566639517,0.006489984566639517,-0.001899842111490968,-0.004598879600278827,0.012536198653436331,-0.006489984566639517,0.0,-0.003411437953472405,False,False,1066,22342.95078930711,0.17946010711667795,0.35352613242064657,0.49649557835029146,0.12995193340441816,720.0,0.09609785056976035,0.001539273306583544,0.017075744083300082,0.04860278800347506,20.574951377861304
2026-08-28,2026-08-31,719.739990234375,716.4299926757812,-0.004598879600278827,0.004598879600278827,0.012536198653436331,0.009552664092713015,True,716.760009765625,0.0004606410859646637,0.0004606410859646637,-0.0017587339705293914,0.0022232852237431544,0.006169540625740917,-0.0004606410859646637,0.0,-0.00046064108596455614,False,False,1088,22669.559316288058,0.26286465445811846,0.42660738118251806,0.5195820418453666,0.19494206908251438,700.0,0.10655568611424959,0.022933144680916007,0.01642447436853869,0.04805470733251023,20.80961586303273
2026-08-31,2026-09-01,715.1699829101562,716.760009765625,0.0022232852237431544,0.0022232852237431544,0.006169540625740917,0.007509909029731972,False,707.6400146484375,-0.012723917340435431,0.012723917340435431,-0.013072709120939163,0.00035341183056458725,0.010659097249211387,,,0.012723917340435424,False,False,1447,22548.130549304136,0.2470040126924626,0.4232473848056159,0.37897808057504745,0.15261572980175056,700.0,0.09292589721878508,0.023383014589646756,0.016726788262481643,0.04216391792810638,23.716961068587086
2026-09-01,2026-09-02,707.3900146484375,707.6400146484375,0.00035341183056458725,0.00035341183056458725,0.010659097249211387,0.009862745281421777,False,709.239990234375,0.0022610021378346445,0.0022610021378346445,-0.0007631550665888609,0.00302646686794783,0.006641812375980833,,,-0.0022610021378347053,False,False,1301,22840.83399338047,0.21340780414018587,0.2910490698970138,0.3491829928709544,0.09172856797692916,700.0,0.1159587402632899,0.010796470649321765,0.01729455201745271,0.04561762413543724,21.921352086005896
2026-09-02,2026-09-03,707.0999755859375,709.239990234375,0.00302646686794783,0.00302646686794783,0.006641812375980833,0.009940338923806307,True,717.6699829101562,0.011885952275470846,0.011885952275470846,0.0022700149085368437,0.009594158484140358,0.013013903045286358,0.011885952275470846,1.0,-0.01188595227547093,False,False,1294,26308.558940209627,0.18853161085626824,0.39264506228083795,0.36133150096906663,0.11383787864553027,700.0,0.10648604187395436,0.013028016414192267,0.016735629589705533,0.046089352815487955,21.69698507165755
2026-09-03,2026-09-04,710.8499755859375,717.6699829101562,0.009594158484140358,0.009594158484140358,0.013013903045286358,0.009305570143589752,True,718.9600219726562,0.001797537995484877,0.001797537995484877,0.0023408986244191077,-0.0005420916473426463,0.007384992990061068,0.001797537995484877,1.0,0.0017975379954848936,False,False,1180,27883.519726833896,0.26314959440050695,0.37255040803757056,0.3749606661899087,0.16288995723587787,720.0,0.08785135250763028,0.0032466414164287194,0.01641102149658686,0.04347245904459545,23.003069575019158
2026-09-04,2026-09-08,719.3499755859375,718.9600219726562,-0.0005420916473426463,0.0005420916473426463,0.007384992990061068,0.008789469938918682,False,718.3599853515625,-0.0008345896889334625,0.0008345896889334625,0.002712183031435833,-0.003537179242847688,0.008790485049332986,,,0.0008345896889334556,False,False,997,22344.592087865138,0.18390096300958816,0.36565446624445863,0.33633755767889517,0.11532499091418788,700.0,0.09603854380173278,0.02637145514799899,0.01796148280579306,0.04466901880302269,22.38688081351658
2026-09-08,2026-09-09,720.9099731445312,718.3599853515625,-0.003537179242847688,0.003537179242847688,0.008790485049332986,0.00881866149418689,True,716.3099975585938,-0.002853705432890319,0.002853705432890319,-0.0027283826736824723,-0.0001256656231166664,0.0079068890133148,0.002853705432890319,1.0,0.0028537054328903015,False,False,1046,23446.62413427457,0.23966088990087342,0.3786166112318441,0.3363165097049693,0.13093073894999743,700.0,0.09496773975116102,0.025558196065969874,0.017376164301553428,0.044039148168616246,22.70706954120046
2026-09-09,2026-09-10,716.4000244140625,716.3099975585938,-0.0001256656231166664,0.0001256656231166664,0.0079068890133148,0.005666048783465548,False,708.6900024414062,-0.010637845546144553,0.010637845546144553,-0.012229355719565294,0.0016112142860655876,0.007259443850783183,,,0.010637845546144551,False,False,1059,24352.5556975491,0.17194456928712207,0.3827080169968602,0.32948673188303623,0.0980812596182074,700.0,0.09934762292483168,0.022769467987579728,0.01742660616476673,0.04651622566994477,21.497874894138793
2026-09-10,2026-09-11,707.5499877929688,708.6900024414062,0.0016112142860655876,0.0016112142860655876,0.007259443850783183,0.008161316329851967,False,714.8800048828125,0.008734428904149771,0.008734428904149771,0.009863255034351814,-0.0011178009741166228,0.00564421677492299,,,-0.008734428904149853,False,False,918,25270.503095043237,0.13786063675282217,0.3339160550087722,0.28857386410692076,0.05337244672567408,700.0,0.12680957457121758,0.012262064388476768,0.017339967452937227,0.0553596471583306,18.063698945550787
2026-09-11,2026-09-14,715.6799926757812,714.8800048828125,-0.0011178009741166228,0.0011178009741166228,0.00564421677492299,0.007047094662344968,False,709.1799926757812,-0.007973383180531979,0.007973383180531979,-0.016156540557966892,0.008317540050605032,0.014282147917019919,,,0.007973383180531998,False,False,783,21969.303824913695,0.1315617328923613,0.35723365282904884,0.6882163051443893,0.09044656152324156,700.0,0.13368269757151915,0.020814688872507703,0.01807907952423923,0.06209114245161094,16.10535674680689
2026-09-14,2026-09-15,703.3300170898438,709.1799926757812,0.008317540050605032,0.008317540050605032,0.014282147917019919,0.007501110917150799,True,704.5399780273438,-0.006542788426574742,0.006542788426574742,-0.0005358370043389016,-0.006010171894739513,0.008305387502845504,-0.006542788426574742,0.0,0.006542788426574795,True,True,1383,27688.050091913825,0.20091654925901392,0.38652179574309314,0.702813562163622,0.1787657485438136,700.0,0.13692704586917515,0.012944517288403068,0.015709552080796024,0.06373857534422246,15.689086155432
2026-09-15,2026-09-16,708.7999877929688,704.5399780273438,-0.006010171894739513,0.006010171894739513,0.008305387502845504,0.007577740275158381,True,704.719970703125,0.000255475461144572,0.000255475461144572,0.004911037103024318,-0.004632809741348831,0.01686207348527698,-0.000255475461144572,0.0,-0.00025547546114446876,True,True,1215,28159.75732874617,0.1342347615025358,0.45679137196538394,0.6843827254924408,0.10189604157550013,700.0,0.17525245160031397,0.006443889869891195,0.015426689047903947,0.06743411438131901,14.829289435689924
2026-09-17,2026-09-18,715.9500122070312,716.9199829101562,0.0013548022719280794,0.0013548022719280794,0.006697654244728884,0.010661365289804166,False,721.4500122070312,0.006318737662307061,0.006318737662307061,0.0026642222635979707,0.0036448048285384615,0.009275740023192543,,,0.0022736217732359826,True,True,1199,34552.614492474575,0.3144789138698245,0.5433327592641521,0.5644655153006795,0.2229489386628862,720.0,0.11632964165442738,0.004296179717771631,0.013708378057528687,0.05342179409538837,18.71895201075482
