date,window_et,forecast_direction,actual_spy_direction,actual_spy_change,matched,forecast_pixel_y_start,forecast_pixel_y_end,spy_close_start,spy_close_end
2026-10-08,10:00-10:30,DOWN,UP,1.1213,0,79,258.5,775.3187,776.44
2026-10-08,10:30-11:00,DOWN,DOWN,-1.0900,1,258.5,337,776.44,775.35
2026-10-08,11:00-11:30,UP,DOWN,-0.6900,0,337,297,775.35,774.66
2026-10-08,11:30-12:00,DOWN,DOWN,-0.2500,1,297,333,774.66,774.41
2026-10-08,12:00-12:30,DOWN,UP,1.0300,0,333,390,774.41,775.44
2026-10-08,12:30-13:00,DOWN,DOWN,-2.3000,1,390,615,775.44,773.14
2026-10-08,13:00-13:30,UP,DOWN,-2.0600,0,615,579,773.14,771.08
2026-10-08,13:30-14:00,UP,UP,0.8400,1,579,416.5,771.08,771.92
2026-10-08,14:00-14:30,UP,UP,1.4300,1,416.5,394.8,771.92,773.35
2026-10-08,14:30-15:00,UP,DOWN,-0.4700,0,394.8,236,773.35,772.88
2026-10-08,15:00-15:30,UP,UP,0.5100,1,236,206,772.88,773.39
2026-10-08,15:30-16:00,DOWN,UP,0.5400,0,206,269.5,773.39,773.93
