date,minutes,grid,window_et,forecast,actual,spy_change,match,start_idx,end_idx
2026-10-08,30,fixed_1000,10:00-10:30,DOWN,UP,1.1213,0,0,1
2026-10-08,30,fixed_1000,10:30-11:00,DOWN,DOWN,-1.0900,1,1,2
2026-10-08,30,fixed_1000,11:00-11:30,UP,DOWN,-0.6900,0,2,3
2026-10-08,30,fixed_1000,11:30-12:00,DOWN,DOWN,-0.2500,1,3,4
2026-10-08,30,fixed_1000,12:00-12:30,DOWN,UP,1.0300,0,4,5
2026-10-08,30,fixed_1000,12:30-13:00,DOWN,DOWN,-2.3000,1,5,6
2026-10-08,30,fixed_1000,13:00-13:30,UP,DOWN,-2.0600,0,6,7
2026-10-08,30,fixed_1000,13:30-14:00,UP,UP,0.8400,1,7,8
2026-10-08,30,fixed_1000,14:00-14:30,UP,UP,1.4300,1,8,9
2026-10-08,30,fixed_1000,14:30-15:00,UP,DOWN,-0.4700,0,9,10
2026-10-08,30,fixed_1000,15:00-15:30,UP,UP,0.5100,1,10,11
2026-10-08,30,fixed_1000,15:30-16:00,DOWN,UP,0.5400,0,11,12
2026-10-08,30,sliding_30min,10:00-10:30,DOWN,UP,1.1213,0,0,1
2026-10-08,30,sliding_30min,10:30-11:00,DOWN,DOWN,-1.0900,1,1,2
2026-10-08,30,sliding_30min,11:00-11:30,UP,DOWN,-0.6900,0,2,3
2026-10-08,30,sliding_30min,11:30-12:00,DOWN,DOWN,-0.2500,1,3,4
2026-10-08,30,sliding_30min,12:00-12:30,DOWN,UP,1.0300,0,4,5
2026-10-08,30,sliding_30min,12:30-13:00,DOWN,DOWN,-2.3000,1,5,6
2026-10-08,30,sliding_30min,13:00-13:30,UP,DOWN,-2.0600,0,6,7
2026-10-08,30,sliding_30min,13:30-14:00,UP,UP,0.8400,1,7,8
2026-10-08,30,sliding_30min,14:00-14:30,UP,UP,1.4300,1,8,9
2026-10-08,30,sliding_30min,14:30-15:00,UP,DOWN,-0.4700,0,9,10
2026-10-08,30,sliding_30min,15:00-15:30,UP,UP,0.5100,1,10,11
2026-10-08,30,sliding_30min,15:30-16:00,DOWN,UP,0.5400,0,11,12
2026-10-08,30,fixed_1030,10:30-11:00,DOWN,DOWN,-1.0900,1,1,2
2026-10-08,30,fixed_1030,11:00-11:30,UP,DOWN,-0.6900,0,2,3
2026-10-08,30,fixed_1030,11:30-12:00,DOWN,DOWN,-0.2500,1,3,4
2026-10-08,30,fixed_1030,12:00-12:30,DOWN,UP,1.0300,0,4,5
2026-10-08,30,fixed_1030,12:30-13:00,DOWN,DOWN,-2.3000,1,5,6
2026-10-08,30,fixed_1030,13:00-13:30,UP,DOWN,-2.0600,0,6,7
2026-10-08,30,fixed_1030,13:30-14:00,UP,UP,0.8400,1,7,8
2026-10-08,30,fixed_1030,14:00-14:30,UP,UP,1.4300,1,8,9
2026-10-08,30,fixed_1030,14:30-15:00,UP,DOWN,-0.4700,0,9,10
2026-10-08,30,fixed_1030,15:00-15:30,UP,UP,0.5100,1,10,11
2026-10-08,30,fixed_1030,15:30-16:00,DOWN,UP,0.5400,0,11,12
2026-10-08,60,fixed_1000,10:00-11:00,DOWN,FLAT,0.0313,0,0,2
2026-10-08,60,fixed_1000,11:00-12:00,FLAT,DOWN,-0.9400,0,2,4
2026-10-08,60,fixed_1000,12:00-13:00,DOWN,DOWN,-1.2700,1,4,6
2026-10-08,60,fixed_1000,13:00-14:00,UP,DOWN,-1.2200,0,6,8
2026-10-08,60,fixed_1000,14:00-15:00,UP,UP,0.9600,1,8,10
2026-10-08,60,fixed_1000,15:00-16:00,DOWN,UP,1.0500,0,10,12
2026-10-08,60,sliding_30min,10:00-11:00,DOWN,FLAT,0.0313,0,0,2
2026-10-08,60,sliding_30min,10:30-11:30,DOWN,DOWN,-1.7800,1,1,3
2026-10-08,60,sliding_30min,11:00-12:00,FLAT,DOWN,-0.9400,0,2,4
2026-10-08,60,sliding_30min,11:30-12:30,DOWN,UP,0.7800,0,3,5
2026-10-08,60,sliding_30min,12:00-13:00,DOWN,DOWN,-1.2700,1,4,6
2026-10-08,60,sliding_30min,12:30-13:30,DOWN,DOWN,-4.3600,1,5,7
2026-10-08,60,sliding_30min,13:00-14:00,UP,DOWN,-1.2200,0,6,8
2026-10-08,60,sliding_30min,13:30-14:30,UP,UP,2.2700,1,7,9
2026-10-08,60,sliding_30min,14:00-15:00,UP,UP,0.9600,1,8,10
2026-10-08,60,sliding_30min,14:30-15:30,UP,FLAT,0.0400,0,9,11
2026-10-08,60,sliding_30min,15:00-16:00,DOWN,UP,1.0500,0,10,12
2026-10-08,60,fixed_1030,10:30-11:30,DOWN,DOWN,-1.7800,1,1,3
2026-10-08,60,fixed_1030,11:30-12:30,DOWN,UP,0.7800,0,3,5
2026-10-08,60,fixed_1030,12:30-13:30,DOWN,DOWN,-4.3600,1,5,7
2026-10-08,60,fixed_1030,13:30-14:30,UP,UP,2.2700,1,7,9
2026-10-08,60,fixed_1030,14:30-15:30,UP,FLAT,0.0400,0,9,11
2026-10-08,90,fixed_1000,10:00-11:30,DOWN,DOWN,-0.6587,1,0,3
2026-10-08,90,fixed_1000,11:30-13:00,DOWN,DOWN,-1.5200,1,3,6
2026-10-08,90,fixed_1000,13:00-14:30,UP,UP,0.2100,1,6,9
2026-10-08,90,fixed_1000,14:30-16:00,UP,UP,0.5800,1,9,12
2026-10-08,90,sliding_30min,10:00-11:30,DOWN,DOWN,-0.6587,1,0,3
2026-10-08,90,sliding_30min,10:30-12:00,DOWN,DOWN,-2.0300,1,1,4
2026-10-08,90,sliding_30min,11:00-12:30,DOWN,FLAT,0.0900,0,2,5
2026-10-08,90,sliding_30min,11:30-13:00,DOWN,DOWN,-1.5200,1,3,6
2026-10-08,90,sliding_30min,12:00-13:30,DOWN,DOWN,-3.3300,1,4,7
2026-10-08,90,sliding_30min,12:30-14:00,DOWN,DOWN,-3.5200,1,5,8
2026-10-08,90,sliding_30min,13:00-14:30,UP,UP,0.2100,1,6,9
2026-10-08,90,sliding_30min,13:30-15:00,UP,UP,1.8000,1,7,10
2026-10-08,90,sliding_30min,14:00-15:30,UP,UP,1.4700,1,8,11
2026-10-08,90,sliding_30min,14:30-16:00,UP,UP,0.5800,1,9,12
2026-10-08,90,fixed_1030,10:30-12:00,DOWN,DOWN,-2.0300,1,1,4
2026-10-08,90,fixed_1030,12:00-13:30,DOWN,DOWN,-3.3300,1,4,7
2026-10-08,90,fixed_1030,13:30-15:00,UP,UP,1.8000,1,7,10
2026-10-08,120,fixed_1000,10:00-12:00,DOWN,DOWN,-0.9087,1,0,4
2026-10-08,120,fixed_1000,12:00-14:00,DOWN,DOWN,-2.4900,1,4,8
2026-10-08,120,fixed_1000,14:00-16:00,UP,UP,2.0100,1,8,12
2026-10-08,120,sliding_30min,10:00-12:00,DOWN,DOWN,-0.9087,1,0,4
2026-10-08,120,sliding_30min,10:30-12:30,DOWN,DOWN,-1.0000,1,1,5
2026-10-08,120,sliding_30min,11:00-13:00,DOWN,DOWN,-2.2100,1,2,6
2026-10-08,120,sliding_30min,11:30-13:30,DOWN,DOWN,-3.5800,1,3,7
2026-10-08,120,sliding_30min,12:00-14:00,DOWN,DOWN,-2.4900,1,4,8
2026-10-08,120,sliding_30min,12:30-14:30,FLAT,DOWN,-2.0900,0,5,9
2026-10-08,120,sliding_30min,13:00-15:00,UP,DOWN,-0.2600,0,6,10
2026-10-08,120,sliding_30min,13:30-15:30,UP,UP,2.3100,1,7,11
2026-10-08,120,sliding_30min,14:00-16:00,UP,UP,2.0100,1,8,12
2026-10-08,120,fixed_1030,10:30-12:30,DOWN,DOWN,-1.0000,1,1,5
2026-10-08,120,fixed_1030,12:30-14:30,FLAT,DOWN,-2.0900,0,5,9
