date,next_date,spy_close,gap,abs_gap,gap_sign,gap_followthrough,gap_direction_success,mfe_from_open,mae_from_open,excursion_efficiency,gap_fill,gap_retention_close,day_abs_oc,day_range,rv5,monthly_opex_week,quarterly_opex_week,eligible_contracts,total_gamma_weight,near_gamma_share_0_5,front_near_gamma_share,weighted_abs_distance
2025-01-02,2025-01-03,584.6400146484375,0.004943237848978432,0.004943237848978432,1.0,0.007522990638360927,1.0,0.008629254738059755,0.0018758191682428649,0.8214368423322135,0.0,0.012503416419400448,0.00805917962969449,0.01813746343988207,0.005096162969283517,False,False,1138,50741.47088430637,0.20180566283539964,0.10046066629616197,0.01669526711722808
2025-01-03,2025-01-06,591.9500122070312,0.007297925897681745,0.007297925897681745,1.0,-0.0015262115314852442,0.0,0.005752415119709919,0.004498052653517881,0.5611856206927545,0.0,0.005760576187535671,0.007522990638360927,0.010553473514580516,0.009596950587203026,False,False,1079,49219.813576886576,0.22068794249120427,0.11538093910102848,0.01521921628455217
2025-01-06,2025-01-07,595.3599853515625,0.003460087357697317,0.003460087357697317,1.0,-0.014713230689951007,0.0,0.0005524038352988647,0.01813278073902902,0.029563734471096868,1.0,-0.011304052395755049,0.0015262115314852442,0.010304986055073002,0.009204652102588404,False,False,981,51061.686782769095,0.20397270948042245,0.10540762125550072,0.014652821569270814
2025-01-08,2025-01-10,589.489990234375,-0.006123912893121752,0.006123912893121752,-1.0,0.009199861069700832,1.0,0.012669634853517131,0.00011949089171037208,0.9906568365898691,0.0,0.015267434815002923,0.0013419025156498066,0.009139875368540853,0.008921308188468457,False,False,1266,56707.418299586745,0.2537690066982346,0.14081445533336734,0.014071425988259256
2025-01-10,2025-01-13,580.489990234375,-0.008131011356835471,0.008131011356835471,-1.0,-0.009760833191285068,0.0,0.0007300668517187248,0.010386057394267345,0.06567638464299688,1.0,-0.0015504563889190415,0.009199861069700832,0.012553265596792115,0.011652847508453369,False,False,1033,48151.55762290566,0.1963332845613034,0.16303775773824555,0.01643652534167847
2025-01-13,2025-01-14,581.3900146484375,0.005108396477915056,0.005108396477915056,1.0,-0.00371343515051048,0.0,0.0010952403731965266,0.010391648689076494,0.09534699667237849,1.0,0.0013759916283606621,0.009760833191285068,0.011025210635377996,0.00915470740559772,True,False,1051,53162.59144690861,0.20757291942897702,0.15498224744829467,0.015503079764866987
2025-01-14,2025-01-15,582.1900024414062,0.013981714928635869,0.013981714928635869,1.0,0.004150241620965112,1.0,0.00611519869743149,0.0019178629657181645,0.7612537976004785,0.0,0.018189984044830076,0.00371343515051048,0.011438146934951616,0.008198804402960082,True,False,1086,53762.714442886514,0.26996225369480387,0.19696802930113866,0.015345753155858776
2025-01-16,2025-01-17,591.6400146484375,0.008991966723853162,0.008991966723853162,1.0,0.0010385873330993611,1.0,0.004020308380074722,0.002266645379185306,0.6394684188909815,0.0,0.010039892999691435,0.004257987334411184,0.005769396304077344,0.01192563932158617,True,False,1143,61688.72865416482,0.3840083528328942,0.31546711948116274,0.010842717843064554
2025-01-17,2025-01-21,597.5800170898438,0.00517079844028312,0.00517079844028312,1.0,0.00396225040459286,1.0,0.003978914739268813,0.0033407387326787052,0.5435933209841087,0.0,0.00915353684308795,0.0010385873330993611,0.006338313682566439,0.008196878906915365,True,False,1102,32843.61797467181,0.302346989153841,0.2016919812848664,0.013605447611789475
2025-01-21,2025-01-22,603.0499877929688,0.004759133032555152,0.004759133032555152,1.0,0.0008582313604388325,1.0,0.003135767869772099,0.0009250653696057931,0.7721981388855282,0.0,0.005621448830210873,0.00396225040459286,0.007346321032983067,0.00790051307952628,False,False,1103,36697.688304706935,0.23283154563421943,0.1813726277459128,0.01306233381797736
2025-01-24,2025-01-27,607.969970703125,-0.021645761762396853,0.021645761762396853,-1.0,-0.007666309539702265,0.0,0.0002858585126612745,0.008204308775646929,0.033669361621994166,0.0,0.01414539533258774,0.0030173773188950648,0.006527333339739648,0.005119946641594823,False,False,934,43290.912254436305,0.34288025355287644,0.24368707356922006,0.014662288212811138
2025-01-29,2025-01-30,601.8099975585938,0.0035725967045823204,0.0035725967045823204,1.0,0.0017881250668878579,1.0,0.004371073443998119,0.0053936133765268846,0.44764092534030764,1.0,0.005367110021191612,0.0031636739502037825,0.00812220277418568,0.00895948626157534,False,False,1376,56997.869285002496,0.23799432832691386,0.1670646523704632,0.014308320378495146
2025-01-30,2025-01-31,605.0399780273438,0.00406588334985214,0.00406588334985214,1.0,-0.009349782182355937,0.0,0.004049418885030853,0.010731240891818983,0.2739673970016713,1.0,-0.00532191395620385,0.0017881250668878579,0.009770533734345296,0.008941900800109547,False,False,1278,56012.20257716338,0.25214629346723005,0.16865590183075518,0.013759744320774559
2025-01-31,2025-02-03,601.8200073242188,-0.015203921941287502,0.015203921941287502,-1.0,-0.00860518799358001,0.0,0.003691836799665227,0.01285706267722797,0.2230865445052732,0.0,0.006729566554251942,0.009349782182355937,0.014726356114082805,0.00909922851522733,False,False,1226,39498.461821175544,0.23367216233996055,0.14342498137998666,0.015088344197963965
2025-02-05,2025-02-06,604.219970703125,0.0029294290441777004,0.0029294290441777004,1.0,0.0005445916519448701,1.0,0.000759124705143055,0.005575536107293333,0.11983667754597366,1.0,0.003475616038725038,0.005960235694224991,0.009621419364994234,0.0063350077569014505,False,False,1175,48860.65423521832,0.2338062112113965,0.12820341868928042,0.014050678956490857
2025-02-07,2025-02-10,600.77001953125,0.005426385571251746,0.005426385571251746,1.0,0.0013574594793193118,1.0,0.0024336053371984967,0.002140291142783468,0.5320639301412639,0.0,0.0067912111491030824,0.010084191483579974,0.013326324370363563,0.007107285204481728,False,False,1170,42070.39798919117,0.22109522595542383,0.11424904863517985,0.014073085666415021
2025-02-10,2025-02-11,604.8499755859375,-0.003802575656452145,0.003802575656452145,-1.0,-0.004580549035830828,0.0,0.00019918516449446422,0.005493316115925406,0.03499079836478713,1.0,-0.000760555495121995,0.0013574594793193118,0.004594120338725447,0.006618538470086947,False,False,1003,47843.24332326074,0.2833072715831222,0.1559096814942072,0.012796158949049568
2025-02-11,2025-02-12,605.3099975585938,-0.010093977261578346,0.010093977261578346,-1.0,-0.006942545159852154,0.0,0.0011528670033045252,0.008928530502247511,0.11435587205738264,0.0,0.0032215099947072723,0.004580549035830828,0.005670815597633953,0.006163943596646855,False,False,1046,47547.01179384202,0.281977823519553,0.14040295639508815,0.012639108911546727
2025-02-21,2025-02-24,599.9400024414062,0.003467041839816165,0.003467041839816165,1.0,-0.007989763467233124,0.0,0.0016777012937401192,0.009270950707323866,0.15323359383210655,1.0,-0.004550422471648163,0.016749657717557542,0.01774307317279015,0.00825650517902462,True,False,1296,47765.648533129555,0.20213462657466016,0.106664082135043,0.01642671216772875
2025-02-25,2025-02-26,594.239990234375,0.0028439729220171017,0.0028439729220171017,1.0,-0.002332513324587393,0.0,0.006124921482259182,0.006876638774289123,0.4710912660789564,1.0,0.0005048259926943022,0.004873204489178273,0.013948220531076664,0.007056107373924176,False,False,1244,58709.310666637975,0.19640902421564319,0.1486744043383498,0.016549566687788727
2025-02-26,2025-02-27,594.5399780273438,0.003885352783606244,0.003885352783606244,1.0,-0.01977044194629396,0.0,0.0019603652394621918,0.020867101107370667,0.0858774780204277,1.0,-0.01596190430433686,0.002332513324587393,0.012991437575980678,0.006560066052032613,False,False,1418,61302.36969021956,0.19036518345681344,0.1400417511515462,0.016795576445335688
2025-02-28,2025-03-03,594.1799926757812,0.0033659834135333355,0.0033659834135333355,1.0,-0.02081581619140338,0.0,0.0019457784460041871,0.028073749916062152,0.06481708914730774,1.0,-0.017519898469909534,0.014720942607294285,0.02098960519261519,0.011472024159699922,False,False,1292,46039.492522847984,0.14616807571066426,0.0893165817061761,0.01856534436808007
2025-03-03,2025-03-04,583.77001953125,-0.006954789425215435,0.006954789425215435,-1.0,0.004916314214123085,1.0,0.013036298772662658,0.009797989443848465,0.5709089177229667,1.0,0.011836911709231068,0.02081581619140338,0.029351379474876593,0.013512882665671206,False,False,1216,51779.91775628629,0.14115695428282463,0.082643820537266,0.018848251049802915
2025-03-05,2025-03-06,583.0599975585938,-0.013000406684703147,0.013000406684703147,-1.0,0.00481330122698187,1.0,0.00940150388947636,0.008149723014840626,0.5356607797694143,0.0,0.017751133038238276,0.011045787321126266,0.020455549167233963,0.01572381536007595,False,False,1528,56861.75434669829,0.11201858790124719,0.058986211139210015,0.01945298745669752
2025-03-06,2025-03-07,572.7100219726562,-0.0031604083901995983,0.0031604083901995983,-1.0,-0.008793060573514477,0.0,0.009317079160858555,0.011367997822448794,0.45042516246748054,1.0,-0.005604862520902865,0.00481330122698187,0.017236627165386684,0.016086175846668237,False,False,1410,52709.67411213808,0.25686902221893093,0.10745061554923116,0.018110315309722253
2025-03-07,2025-03-10,575.9199829101562,-0.014463738543322946,0.014463738543322946,-1.0,0.012350480864615432,1.0,0.0215986598390141,0.0034354923089081613,0.8627677786486053,0.0,0.02663558528182819,0.008793060573514477,0.020533968875066196,0.013415629056057874,False,False,1364,49732.998503587456,0.14413663073917587,0.0621730787628387,0.018405663339251793
2025-03-11,2025-03-12,555.9199829101562,0.011242625183721877,0.011242625183721877,1.0,-0.005870088929127548,0.0,0.0016720964654501902,0.015315393869058225,0.0984310473486181,1.0,0.005306541044969082,0.006221024941054254,0.021406399861158033,0.01562348487136575,False,False,1083,49146.85238491054,0.10201640740934542,0.04318229866836997,0.021698750260881434
2025-03-13,2025-03-14,551.4199829101562,0.008505318245186633,0.008505318245186633,1.0,0.012047998387936909,1.0,0.01388220305629062,0.008377296413347501,0.6236529745525453,0.0,0.020655788693630495,0.01265914778750421,0.016873320733212575,0.013569888037706073,False,False,1313,52462.05536918872,0.15607045332413172,0.07175720652915332,0.020285972091731545
2025-03-17,2025-03-18,567.1500244140625,-0.004143589032763684,0.004143589032763684,-1.0,0.006692578511712566,1.0,0.010267216863022677,0.00038957461585842346,0.9634435358306057,0.0,0.010808436249554187,0.007747199767133894,0.013077319910175371,0.01352910079605861,True,True,1290,60404.35586254299,0.1453749941509859,0.1204371220752889,0.01702734452555077
2025-03-18,2025-03-19,561.02001953125,0.003226261979217826,0.003226261979217826,1.0,0.007639940412563995,1.0,0.01442708254824887,0.0021366597165364265,0.8710038056388387,0.0,0.010890850841058342,0.006692578511712566,0.010508722059588561,0.014059053749941559,True,True,1349,70832.91989055392,0.1510405039420091,0.10601867484454548,0.018371032165893877
2025-03-19,2025-03-20,567.1300048828125,-0.006700382205582556,0.006700382205582556,-1.0,-0.0038342944260092438,0.0,0.0012976209306549968,0.012852129328695616,0.09170627798165462,1.0,0.0028917790177164227,0.007639940412563995,0.016612610958172066,0.014607740335933215,True,True,1394,84281.21118022002,0.1786430020323371,0.14573732547737336,0.01612108988666055
2025-03-20,2025-03-21,565.489990234375,-0.010981557666345565,0.010981557666345565,-1.0,-0.008403574105415146,0.0,0.00224002282023239,0.010030727109307636,0.18254978979237974,0.0,0.0026702678945725866,0.0038342944260092438,0.014053271154165293,0.012240117346941056,True,True,1350,83895.56565236411,0.22305424183719705,0.18114684138809145,0.014935416469431747
2025-03-21,2025-03-24,563.97998046875,0.01209264080358019,0.01209264080358019,1.0,0.005746372401929101,1.0,0.007620947291735902,0.001052219524891207,0.8786810461348417,0.0,0.017908502022889516,0.008403574105415146,0.012131046473022955,0.008794806705089076,True,True,1280,38888.281865296856,0.16292608703357803,0.08099346719215744,0.017807917438544558
2025-03-27,2025-03-28,567.0800170898438,-0.002733278807676931,0.002733278807676931,-1.0,0.017452753418974454,1.0,0.018844509403561638,0.0013084897282908958,0.9350722083730565,0.0,0.020138328985595644,0.0001762678289581876,0.010482107830166431,0.010969732137200395,False,False,1384,51254.92938493805,0.17060773831500065,0.11663901761621892,0.016994212180118914
2025-03-28,2025-03-31,555.6599731445312,-0.010491948919219896,0.010491948919219896,-1.0,-0.017387187424202866,0.0,0.005412661142657704,0.019787942718003215,0.2147829937959173,1.0,-0.0067128130226792315,0.017452753418974454,0.019750320712247575,0.014491663761132836,False,False,1140,41955.94222303772,0.1561281489069965,0.11338125609793125,0.018678929228811213
2025-03-31,2025-04-01,559.3900146484375,-0.0034680676998238846,0.0034680676998238846,-1.0,-0.006314393073842961,0.0,0.006809022505997575,0.009848399164329225,0.40876809393178976,1.0,-0.0028244266313557365,0.017387187424202866,0.02490736695887371,0.010894212868110811,False,False,1232,39792.74243625396,0.1845473375537601,0.0915480191116929,0.019191527031752514
2025-04-01,2025-04-02,560.969970703125,-0.010553119096082919,0.010553119096082919,-1.0,-0.017061583544820458,0.0,0.00043256292321891543,0.022286272208335678,0.019039837241396285,1.0,-0.006328411525621025,0.006314393073842961,0.016553763068946955,0.010968229997914955,False,False,1300,47330.24738532173,0.1396445927036898,0.06488599532498673,0.019863566787100252
2025-04-02,2025-04-03,564.52001953125,-0.034383252157832556,0.034383252157832556,-1.0,0.015428029884844818,1.0,0.015669783777249258,0.005246620734195462,0.7491623987609967,0.0,0.04928081620084812,0.017061583544820458,0.02247889550265414,0.011136568292100177,False,False,1230,46596.7613293906,0.1355257338724183,0.07220742018747228,0.018602501958999547
2025-04-03,2025-04-04,536.7000122070312,-0.024278049190445516,0.024278049190445516,-1.0,0.03511750669507907,1.0,0.03684707844913704,0.004201142472985087,0.8976534822068022,0.0,0.058542971330535654,0.015428029884844818,0.019963788893530784,0.02425718364009836,False,False,1251,37528.835230010634,0.15079204978106983,0.0751814352145256,0.018717395883334292
2025-04-04,2025-04-07,505.2799987792969,-0.0318437230382409,0.0318437230382409,-1.0,-0.031051334584920598,0.0,0.015338345445564894,0.06946172305068732,0.18087656905893632,1.0,0.0017811785518102585,0.03511750669507907,0.03877398376239709,0.032625552126684686,False,False,820,14219.009049687716,0.04345577673630613,0.01661568346126386,0.028532586291508774
2025-04-07,2025-04-08,504.3800048828125,0.034656370790930424,0.034656370790930424,1.0,-0.048633685428356,0.0,0.005978605765463385,0.06684925473187464,0.08209228892124207,1.0,-0.0156627816725603,0.031051334584920598,0.08187538635436399,0.031180727669169395,False,False,856,20602.85972960858,0.0603713202390352,0.030043328568283477,0.024114344347525567
2025-04-08,2025-04-09,496.4800109863281,-0.00612312374647761,0.00612312374647761,-1.0,-0.11182715710677238,0.0,0.0007910245575368791,0.11182715710677238,0.007023950714235063,1.0,-0.10501930183911301,0.048633685428356,0.07101783667051399,0.028788492997420367,False,False,988,17163.313605236814,0.08645382787326415,0.04742354667108776,0.023907234041539757
2025-04-09,2025-04-10,548.6199951171875,-0.02998434682191531,0.02998434682191531,-1.0,0.014262296003256347,1.0,0.04486369130869794,0.002499233576780391,0.9472322796190599,0.0,0.04381899719533322,0.11182715710677238,0.11192798520492503,0.06529055733938927,False,False,1107,32544.257006346892,0.18206456970903812,0.06473769132812073,0.019637532056091797
2025-04-10,2025-04-11,524.5800170898438,-0.0029928843514255288,0.0029928843514255288,-1.0,-0.020898247589332453,0.0,0.005653089776379794,0.025659132061679024,0.1805394010561294,1.0,-0.017842817199724692,0.014262296003256347,0.0440742096368841,0.06438401242905963,False,False,1199,33964.15939040505,0.12086813986837819,0.10078802146691396,0.023162804509904367
2025-04-11,2025-04-14,533.9400024414062,0.01893468424417577,0.01893468424417577,1.0,-0.00906165386710256,0.0,0.0004228315578858055,0.01908740628817851,0.021672291297622534,1.0,0.009701450822369617,0.020898247589332453,0.031186825305167046,0.056473729255118746,False,False,1187,30921.72346936087,0.11499119282614144,0.10161511902430398,0.02112715524011791
2025-04-15,2025-04-16,537.6099853515625,-0.011030287452535759,0.011030287452535759,-1.0,0.011322636951135001,1.0,0.02189166643497975,0.011679999357137927,0.6520875839327495,1.0,0.02222803246337901,0.0038171431130655797,0.011908263407593982,0.05452573650740289,True,False,1204,45070.60055735786,0.29223217755590464,0.24368558269066698,0.015905137534977052
2025-04-16,2025-04-17,525.6599731445312,0.003766772448093203,0.003766772448093203,1.0,-0.002331213459475401,0.0,0.0066901072013476615,0.007119623017516563,0.48444879771864846,1.0,0.001426777837987947,0.011322636951135001,0.03273755529221514,0.024966582642880056,True,False,1105,45260.696675693594,0.17264938693206708,0.12307152143447013,0.018895489685550704
2025-04-17,2025-04-21,526.4099731445312,-0.009973215303347938,0.009973215303347938,-1.0,0.013968778564849238,1.0,0.024977347092952407,0.0010362251330269245,0.9601659808954626,0.0,0.023802680232045126,0.002331213459475401,0.013811228049560559,0.015110776228397646,True,False,1132,24829.61443064155,0.17377970834353368,0.04417188843686157,0.02025926716411661
2025-04-21,2025-04-22,513.8800048828125,0.012181851222354156,0.012181851222354156,1.0,0.01366936815343478,1.0,0.01761059116115593,0.0018297968037981338,0.905876528436738,0.0,0.02601773758493775,0.013968778564849238,0.025151538586671005,0.014835287869689818,False,False,1052,23699.342187125672,0.10050886626685783,0.02973281400892234,0.02298646007362236
2025-04-22,2025-04-23,527.25,0.024997615316797006,0.024997615316797006,1.0,-0.009270413991679827,0.0,0.009251892137303486,0.012268651631571093,0.42990977536007285,0.0,0.015495463082325855,0.01366936815343478,0.019673825125513546,0.020346835717884176,False,False,1094,30112.541597595908,0.1634148791606228,0.09380886865471678,0.019903542469584205
2025-04-28,2025-04-29,550.8499755859375,-0.0035218344874077268,0.0035218344874077268,-1.0,-0.00985595898120617,0.0,0.0006562489464467802,0.011914593252941197,0.05220405570588821,1.0,-0.006299413437552026,0.000979413932340245,0.015491006891616489,0.010340567283685835,False,False,1074,32271.016835143357,0.18226583360127716,0.135088335910339,0.018320805839231336
2025-04-29,2025-04-30,554.3200073242188,-0.01217708166909437,0.01217708166909437,-1.0,-0.012728912485884258,0.0,0.011172232927243897,0.016344964273640183,0.40600911661471656,1.0,-0.000396829809890642,0.00985595898120617,0.012526140909279272,0.008157066826816743,False,False,1231,33259.42402799928,0.14341902434340315,0.09747254348006411,0.018180410490712336
2025-04-30,2025-05-01,554.5399780273438,0.010513249397424484,0.010513249397424484,1.0,-0.0033906605111237997,0.0,0.006602802147280373,0.0044993543748135245,0.5947314951055173,0.0,0.007086942026725218,0.012728912485884258,0.027060181486876375,0.008445388797873715,False,False,1179,29846.396309382257,0.1548309267605392,0.09386175759210376,0.01954369622296006
2025-05-01,2025-05-02,558.469970703125,0.011209214629290587,0.011209214629290587,1.0,0.0035946901476524573,1.0,0.006463309086287339,0.004178625778893386,0.607343417166985,0.0,0.014844198430334021,0.0033906605111237997,0.011198510871564324,0.003567587082486358,False,False,1298,28257.74224127282,0.17270253306717212,0.10314383325018825,0.01868486554093852
2025-05-02,2025-05-05,566.760009765625,-0.007392904173212478,0.007392904173212478,-1.0,-0.0016709074944774027,0.0,0.0015488607767144558,0.007252461092353224,0.17598047199681904,0.0,0.005734349537724115,0.0035946901476524573,0.010743639434087886,0.0059636327879047405,False,False,1237,24307.283976405826,0.13669584129921608,0.07587355548165553,0.01888404979665887
2025-05-05,2025-05-06,563.510009765625,-0.00990225016972568,0.00990225016972568,-1.0,-0.001559326669310357,0.0,0.0017415445720674327,0.009714449807873837,0.1520203759105162,0.0,0.008358364343191038,0.0016709074944774027,0.008733876988036352,0.007721392682558501,False,False,1158,28573.407162932454,0.16424674389734614,0.08884118005238578,0.01762879321975673
2025-05-07,2025-05-08,561.1500244140625,0.007288542532958298,0.007288542532958298,1.0,-0.00031843584829627236,0.0,0.00896965432703456,0.006302257344511064,0.5873301600968969,0.0,0.0069677857514378605,0.0017852360196646266,0.01392274421408442,0.009513083244446685,False,False,1366,31807.938064531445,0.17365061412298524,0.09549712123469975,0.017613622295746326
2025-05-08,2025-05-09,565.0599975585938,0.0025129772347918244,0.0025129772347918244,1.0,-0.003777633256360602,0.0,0.001800627676914468,0.006610225742007314,0.21408382565122588,1.0,-0.0012741491279434358,0.00031843584829627236,0.015343464273306967,0.009498572348761896,False,False,1397,33518.036939626414,0.17093888535224305,0.10432084138127953,0.016954588458280892
2025-05-09,2025-05-12,564.3400268554688,0.03035394094426569,0.03035394094426569,1.0,0.002614098075283122,1.0,0.0026313126626726913,0.0076770983718070784,0.2552588031144108,0.0,0.03304738719814848,0.003777633256360602,0.008388472471692686,0.006463118146052951,False,False,1347,28469.41362695414,0.17515580616434623,0.12975297399267147,0.018050157347084424
2025-05-14,2025-05-15,587.5900268554688,-0.0034548396060070097,0.0034548396060070097,-1.0,-0.00836809965587193,0.0,0.0007862279812873574,0.009238973234318104,0.07842515719918884,1.0,-0.004884349607746863,0.000374220758474042,0.005861908329326484,0.013718672423311196,True,False,1145,35368.5038961355,0.35060938192291624,0.27338562951759526,0.013822416015418271
2025-05-16,2025-05-19,594.2000122070312,-0.010265965156137313,0.010265965156137313,-1.0,-0.011477640333643624,0.0,0.0,0.012650914385761824,0.0,1.0,-0.0010938461217664397,0.00498944982161742,0.008840515037217427,0.01282063393068262,True,False,1070,24819.828059661755,0.17710642241880703,0.12258116079013895,0.015009490337935567
2025-05-19,2025-05-20,594.8499755859375,-0.0029586430237895645,0.0029586430237895645,-1.0,0.00040474676467583404,1.0,0.005919354501436214,0.0016185754169391053,0.7852758735533636,0.0,0.0033621922872737464,0.011477640333643624,0.012521040539484208,0.002685964210107687,False,False,966,27530.36939972239,0.23001311907096597,0.16133793235038033,0.01405080494912885
2025-05-20,2025-05-21,592.8499755859375,-0.007438598846483346,0.007438598846483346,-1.0,0.009482729023677083,1.0,0.011378080907930244,0.007035576492524065,0.6179153147298982,0.0,0.016850789652983478,0.00040474676467583404,0.007480898360377188,0.0037811482148551213,False,False,1044,31991.2668095265,0.37071801993771764,0.27534183538763307,0.012619928254991454
2025-05-22,2025-05-23,583.0900268554688,-0.012193736917543108,0.012193736917543108,-1.0,-0.0054342251275212305,0.0,0.0006601891920263725,0.010121909246045613,0.06123012100271875,0.0,0.006825775301577575,0.0007380869302151538,0.008938719595776903,0.008746728990241629,False,False,1274,50388.38555402141,0.21815940323250918,0.13264900238142838,0.015670384209639163
2025-05-23,2025-05-27,579.1099853515625,0.012018480338291893,0.012018480338291893,1.0,0.00866793561581014,1.0,0.008940894720579351,0.013208192426356069,0.40366876798425644,1.0,0.02079059136787431,0.0054342251275212305,0.01065019411521428,0.00729098819288927,False,False,1128,37733.89789818473,0.19052121620854462,0.08611562815880391,0.017896561550961292
2025-05-28,2025-05-29,587.72998046875,0.009068819469772116,0.009068819469772116,1.0,-0.005075388287890115,0.0,0.00023608850540224324,0.011926886117733071,0.019410424893362595,1.0,0.003947403401760141,0.006474435569765458,0.009777601384021025,0.01398852169055916,False,False,1255,43736.4168438341,0.2655465399011766,0.1716137332933746,0.016338853006654636
2025-05-30,2025-06-02,589.3900146484375,-0.0027655793995505773,0.0027655793995505773,-1.0,-0.008421825447098907,0.0,0.0046149321749875405,0.008557860654256677,0.3503381731429173,1.0,-0.005632954820585345,0.0007811148665839429,0.013371773259329131,0.011235071391529112,False,False,1240,35229.64416873581,0.18062371129180618,0.11439064618188169,0.016919817404622565
2025-06-04,2025-06-05,595.9299926757812,0.0028527045591346667,0.0028527045591346667,1.0,-0.007663633104803447,0.0,0.0022923800779650616,0.011132759031793782,0.17075279885172376,1.0,-0.004832790626766448,0.001725457750874626,0.004126930265271357,0.0032609605458465245,False,False,1453,43643.902621934576,0.2215450634739347,0.11685050980319386,0.014984590793238526
2025-06-05,2025-06-06,593.0499877929688,0.00945954888632583,0.00945954888632583,1.0,0.0008018600298007605,1.0,0.0036248355371315544,0.003015762217513318,0.545859826338089,0.0,0.010268994150278488,0.007663633104803447,0.013340513658886262,0.004574243889294721,False,False,1480,47133.9134338274,0.2129468321185079,0.10680568220681437,0.015010393334240101
2025-06-12,2025-06-13,603.75,-0.008695652173912993,0.008695652173912993,-1.0,0.0025062656641604564,1.0,0.005071571892093951,0.0055972858578738904,0.4753622188007182,0.0,0.011180124223602483,0.006233213068955079,0.007034023832292568,0.004944989072200424,False,False,1232,50546.20005328555,0.25511392004214944,0.16003635347437878,0.013026391373120233
2025-06-13,2025-06-16,597.0,0.0056951832731364505,0.0056951832731364505,1.0,0.0037974153381219455,1.0,0.0067454823922119544,0.00029997954037841446,0.9574223034275735,0.0,0.00951422558757331,0.0025062656641604564,0.01055071655020704,0.006697974483106226,False,False,1280,44023.429741804364,0.20111245381249698,0.17507785654286936,0.014408718217040027
2025-06-16,2025-06-17,602.6799926757812,-0.004098312094547585,0.004098312094547585,-1.0,0.004465091514088915,1.0,0.005781238941239053,0.0025657319454321925,0.6926152037346567,0.0,0.008545104270081039,0.0037974153381219455,0.00708549665645938,0.008159901015815513,True,True,1147,46778.3656833928,0.34779403836756895,0.29105339599712227,0.013497148353436255
2025-06-23,2025-06-24,600.1500244140625,0.006964912947995394,0.006964912947995394,1.0,0.0040540964998385665,1.0,0.005824563395086857,0.0015247410322336563,0.7925326066824038,0.0,0.011047245877038092,0.008587736245318167,0.014555366077403766,0.00841510134737408,False,False,1155,41677.44382405093,0.2775798793522719,0.21334042334551806,0.014004330386362455
2025-06-25,2025-06-26,607.1199951171875,0.0030801079394964237,0.0030801079394964237,1.0,0.004729149787345621,1.0,0.005451661566622912,0.0010191086381043934,0.8425058214306744,0.0,0.007823824018649228,0.0012994983833830576,0.005059506206518061,0.007007659221059041,False,False,1153,47015.430987489344,0.34361432132829134,0.26878894440627354,0.01291762667972772
2025-06-27,2025-06-30,614.9099731445312,0.004016899783963579,0.004016899783963579,1.0,0.0007612340850173815,1.0,0.002980280873627894,0.003804674393645291,0.4392484189251911,0.0,0.004781191670012452,0.0033121789674095403,0.009086893626037144,0.004208087342377128,False,False,1048,36199.70912702561,0.3033878981451361,0.214572779329145,0.01374789391518567
2025-07-02,2025-07-03,620.4500122070312,0.0032234667751649404,0.0032234667751649404,1.0,0.004642966650752145,1.0,0.0061531320021404046,3.216350671664259e-05,0.994800004838801,0.0,0.00788139987465386,0.005200605961122706,0.006281882505377201,0.0029373399568646463,False,False,1105,41783.510238365256,0.27858682720995703,0.19482334661292605,0.014224543340515188
2025-07-03,2025-07-07,625.3400268554688,-0.0031663437791802362,0.0031663437791802362,-1.0,0.004299269665616667,1.0,0.008885348500105916,0.0010748908512865363,0.892081825208722,0.0,0.007452000479036269,0.004642966650752145,0.006205232565631851,0.0029543938600668754,False,False,1076,30102.536667126304,0.1470242960233671,0.06593537811014581,0.017343160924871474
2025-07-08,2025-07-09,620.3400268554688,0.003917194716741124,0.003917194716741124,1.0,0.0020713553749980296,1.0,0.003131093518828454,0.002995678064726004,0.511051126376731,0.0,0.005996663994070728,0.001625410429148877,0.004172787669773329,0.005814990241748555,False,False,1187,44330.26928234366,0.2624568882073684,0.1680667523775435,0.013729310826108215
2025-07-10,2025-07-11,625.8200073242188,-0.004921570185991375,0.004921570185991375,-1.0,-0.0014131176680676205,0.0,0.0019467457411008748,0.003404302197438147,0.36380644753341307,0.0,0.0035154072757080934,0.0025953141389081225,0.006185279246648206,0.006056598121924136,False,False,1354,43074.048879860275,0.29276836434080317,0.2148291562703898,0.01261142182425641
2025-07-14,2025-07-15,624.8099975585938,0.004337353728726345,0.004337353728726345,1.0,-0.008573439436770913,0.0,0.0005417609155584646,0.008777323721321562,0.058134563282584685,1.0,-0.004273271747553764,0.0026478344007498933,0.00538787302823911,0.0035824842056395865,True,False,1342,39080.02325074186,0.23525791930162118,0.19891193662180237,0.012962102083362766
2025-07-15,2025-07-16,622.1400146484375,0.0025717291096307715,0.0025717291096307715,1.0,0.0007695201145747621,1.0,0.0015871841630725747,0.009206379020773037,0.1470491380870465,1.0,0.0033432282214846953,0.008573439436770913,0.009282802476963944,0.004371770358246366,True,False,1357,43239.728106993774,0.3630223404953825,0.3124466190041942,0.011853617267640454
2025-07-22,2025-07-23,628.8599853515625,0.00427758563760805,0.00427758563760805,1.0,0.004211913911966514,1.0,0.004211913911966514,0.0028901392353337663,0.5930558142285374,0.0,0.008507516372031176,0.0003814818688420152,0.005630004480784269,0.002719469786781493,False,False,1230,46410.06833284052,0.36455269273555485,0.27158131036229854,0.012775594704408212
2025-07-30,2025-07-31,634.4600219726562,0.00788071718759209,0.00788071718759209,1.0,-0.011540994947653038,0.0,0.0006098170329371655,0.013776815911231921,0.04238775224916855,1.0,-0.003751229077306739,0.0022958249099498396,0.009665356789423622,0.0025752242783817015,False,False,1057,50594.00869060107,0.2413136115143605,0.17644052852902947,0.014077726472430626
2025-07-31,2025-08-01,632.0800170898438,-0.009144458202439032,0.009144458202439032,-1.0,0.007312816827577118,1.0,0.011319430338521563,6.392952783063066e-05,0.9943839491519899,0.0,0.01639040328219421,0.011540994947653038,0.014311313148551422,0.003074956673562727,False,False,1290,46251.96288091382,0.29047084507346976,0.1666815960330204,0.01379585686211035
2025-08-01,2025-08-04,621.719970703125,0.006353362274279295,0.006353362274279295,1.0,0.00879057674209971,1.0,0.008870471565783467,0.0001438118511698505,0.984046224805914,0.0,0.01519978873502148,0.007312816827577118,0.011153728384871416,0.0065826590002291555,False,False,1243,35934.14635398835,0.16066291873181263,0.06889389683109645,0.01722106534132277
2025-08-06,2025-08-07,632.780029296875,0.0054678731586150775,0.0054678731586150775,1.0,-0.006271203155440164,0.0,0.0011630677821783397,0.01133347911943905,0.09307113327665001,1.0,-0.0008376201402309214,0.005929642439058247,0.008455814459803318,0.012216992693552503,False,False,1272,49651.33300952008,0.32217336374487116,0.2041684979539173,0.012894630550155056
2025-08-07,2025-08-08,632.25,0.0028627877557829695,0.0028627877557829695,1.0,0.004920662286220345,1.0,0.005661967115559996,0.0005049504988636766,0.9181194673847014,0.0,0.007797536853746623,0.006271203155440164,0.012437173666704349,0.012090212636888436,False,False,1209,50675.32392976267,0.3392307061315471,0.2162972121438087,0.012631506680156236
2025-08-11,2025-08-12,635.9199829101562,0.0037268763065783084,0.0037268763065783084,1.0,0.006893456838631407,1.0,0.007144084531432782,0.0023555647101209942,0.7520366646994521,0.0,0.010646024206171889,0.002415899051573911,0.006732852744613589,0.005880509992450378,True,False,1147,41058.72249311175,0.25193131333086477,0.19126967641900333,0.01415937279596688
2025-08-12,2025-08-13,642.6900024414062,0.003454185835615853,0.003454185835615853,1.0,-3.0947724372176744e-05,0.0,0.001984818579612968,0.003469814673186855,0.36387754916321374,1.0,0.0034231312120525104,0.006893456838631407,0.009529496983034602,0.005677911487334291,True,False,1072,39915.12795796124,0.3342485797045456,0.28610241545598697,0.012945833109060056
2025-08-13,2025-08-14,644.8900146484375,-0.0032564260158975955,0.0032564260158975955,-1.0,-0.0033604042588162297,0.0,0.0007004875191691795,0.004402708795381072,0.13726446642312135,1.0,-9.303533506632711e-05,3.0947724372176744e-05,0.005461435143368371,0.00542855010453731,True,False,1131,41069.58215406681,0.314927659709972,0.2557892861104721,0.012309420227299481
2025-08-20,2025-08-21,638.1099853515625,-0.0028677753000202477,0.0028677753000202477,-1.0,0.0011473588204755636,1.0,0.003897117034751263,0.0026559711580409484,0.594699311240421,0.0,0.004011843753210287,0.0020175774370390087,0.010487427459877262,0.002223590725739824,False,False,1372,49603.26356172486,0.35401392136055326,0.18864083722508462,0.013639454215949464
2025-08-21,2025-08-22,635.5499877929688,0.003477337762731736,0.003477337762731736,1.0,0.011838289760035758,1.0,0.013704199229404468,0.000800329173205272,0.9448221168596372,0.0,0.015356793254796441,0.0011473588204755636,0.006519210230254178,0.00194770844414381,False,False,1256,51216.057868256925,0.23770242137470157,0.13516717993286217,0.014742393778515174
2025-08-29,2025-09-02,645.0499877929688,-0.01170450032686765,0.01170450032686765,-1.0,-0.004345128676470633,0.0,0.004063531089411043,0.004690180759803875,0.464206631358957,0.0,0.007410229210411012,0.003737598683577925,0.0072428224292824285,0.004747993883566778,False,False,883,37872.42417282058,0.28988744998938015,0.21094461978390747,0.013802722026969892
2025-09-02,2025-09-03,640.27001953125,0.003748361325216054,0.003748361325216054,1.0,0.001664940564632511,1.0,0.002396313976772868,0.0034505837393146166,0.40984366293590435,0.0,0.005419542688669621,0.004345128676470633,0.008635001053602787,0.0055559528179464,False,False,905,46376.52829887385,0.25077275601810134,0.1602418462632725,0.014532691032421873
2025-09-04,2025-09-05,649.1199951171875,0.0036356688583232266,0.0036356688583232266,1.0,-0.0065082433251812954,0.0,0.0011205893132448796,0.01266840216126286,0.0812669523595368,1.0,-0.002896236284437803,0.007293399229810316,0.008761324034543922,0.007055593219816039,False,False,1471,46033.80865377157,0.307893180814725,0.17771469179577407,0.014025622123763001
2025-09-09,2025-09-10,650.3300170898438,0.005058936141477899,0.005058936141477899,1.0,-0.0021571756602679626,0.0,0.0014228338831869802,0.004595530811576376,0.2364153645300032,0.0,0.0028908474672986184,0.002095700029456138,0.0056101206056461865,0.004183486441744808,False,False,1453,49891.239098063525,0.2881113766651277,0.16325797706782708,0.013208728899131257
2025-09-10,2025-09-11,652.2100219726562,0.003020454511212023,0.003020454511212023,1.0,0.005273796578399992,1.0,0.006343857134926578,0.0009026542573651319,0.8754360259027113,0.0,0.008310180352278485,0.0021571756602679626,0.006027682572146597,0.003985654272177166,False,False,1614,52948.022620305914,0.3343249767761331,0.18435427703229953,0.01390145990525143
2025-09-12,2025-09-15,657.4099731445312,0.0033921625697881375,0.0033921625697881375,1.0,0.0019252296220546583,1.0,0.0021223142135371464,0.0004549819224528573,0.8234654077583958,0.0,0.005323922883704979,0.00028893316371692013,0.0033604928623866665,0.003162971190792091,False,False,1502,47747.445013849094,0.28843420752100823,0.22722805192896917,0.013635757532528388
2025-09-17,2025-09-18,659.1799926757812,0.004111201800369502,0.004111201800369502,1.0,0.0005589978833326903,1.0,0.004532475084389143,0.002453534265174806,0.6487931603859147,0.0,0.004672497836806455,0.0012575825783892602,0.01124239834872159,0.004419871817810004,True,True,1497,59237.91305739171,0.26782702686894666,0.1931885135773447,0.013891924104494744
2025-09-24,2025-09-25,661.0999755859375,-0.0047798718215509295,0.0047798718215509295,-1.0,-0.00016716623271784137,0.0,0.0053942168391973855,0.0022342017473788722,0.707121243804004,0.0,0.004613504621998388,0.005131652088868011,0.007448624534823334,0.004662469240577394,False,False,1431,60705.92299962628,0.37907874030080774,0.29636504789136314,0.01148406904292062
2025-09-26,2025-09-29,661.8200073242188,0.003837868301402647,0.003837868301402647,1.0,-0.001023530451523813,0.0,0.0013848575555399645,0.0037772339397010857,0.2682745078843855,0.0,0.0028104096748033935,0.003502596661747015,0.006823175013548683,0.00535492434234366,False,False,1462,50633.0626490616,0.3223157815631235,0.23797246394006066,0.012963964709116269
2025-09-30,2025-10-01,666.1799926757812,-0.0045183130666157645,0.0045183130666157645,-1.0,-0.007961803810397017,0.0,0.00016587541394064154,0.009349054340222152,0.017433172732365245,1.0,-0.0034075168215907947,0.004902478445547587,0.007594080156281196,0.00453449337535183,False,False,1220,48871.756120547056,0.3538132932792049,0.28092371663916427,0.011387383473155833
2025-10-01,2025-10-02,668.4500122070312,0.002991996354965387,0.002991996354965387,1.0,-0.0018346505802231405,0.0,0.0001789769781530559,0.005504038436823455,0.03149331210353503,1.0,0.0011518565068935338,0.007961803810397017,0.00947191093693611,0.003973726713068521,False,False,1419,54331.096686140896,0.3021257714379543,0.24166811116659367,0.011706077650325834
2025-10-03,2025-10-06,669.2100219726562,0.00360122094021742,0.00360122094021742,1.0,-1.4903912476937897e-05,0.0,0.0013251759252375095,0.0032264408234066178,0.2911440040799269,0.0,0.003586263355458641,0.0011641491262367465,0.006754161156459483,0.0016036728416633085,False,False,1310,37879.94065101954,0.3117792073163558,0.22723604274903733,0.013806865402849743
2025-10-10,2025-10-13,653.02001953125,0.011684182191366022,0.011684182191366022,1.0,0.0036175789373518175,1.0,0.0067811705187226234,0.0013338055030716056,0.835636544151279,0.0,0.015344029580113494,0.028431977761347538,0.03145298616760115,0.01308682077553855,False,False,1309,34407.913825207106,0.21742643924476696,0.17643867416887407,0.01719420860852502
2025-10-13,2025-10-14,663.0399780273438,-0.008853154126017726,0.008853154126017726,-1.0,-0.0076996784548595265,0.0,0.006123980134816076,0.013177768925686673,0.31727591710057007,1.0,0.0012216421112398734,0.0036175789373518175,0.008207995453814721,0.015757960231916685,True,False,1371,45389.907076583215,0.3110310647110855,0.24650854256527566,0.013497208421248859
2025-10-14,2025-10-15,662.22998046875,0.006931167405347161,0.006931167405347161,1.0,-0.002474467466391128,0.0,0.005113783490412471,0.01197398014377482,0.2992658138237226,1.0,0.00443954899070742,0.0076996784548595265,0.019093922839092215,0.015748172134214165,True,False,1418,43957.807534102365,0.28334053277555654,0.2140504500075191,0.014157921014268946
2025-10-17,2025-10-20,664.3900146484375,0.0044100492349086196,0.0044100492349086196,1.0,0.0059641257943228165,1.0,0.007327840608353897,7.49138901876556e-05,0.989880268189035,0.0,0.010400477117627371,0.007414730323635377,0.01153426215219875,0.008283931422278802,True,False,1463,26120.031939811888,0.21260562569745808,0.15163339784481542,0.013917402364330238
2025-10-23,2025-10-24,671.760009765625,0.006996564455617138,0.006996564455617138,1.0,0.0011678118465006104,1.0,0.0029712749684858153,0.0011988418993933436,0.7125159947848053,0.0,0.008172546972973871,0.005448145056336839,0.007352552065648896,0.006045320391923855,False,False,1551,45682.125651222086,0.37768973597188227,0.27742944815087794,0.012714411595156013
2025-10-24,2025-10-27,677.25,0.008091517857142794,0.008091517857142794,1.0,0.0036764311476429334,1.0,0.004115825639683379,0.0008942493343238045,0.8215097899805357,0.0,0.011797696913067535,0.0011678118465006104,0.004197847814796791,0.006378474459383613,False,False,1383,34485.13584282696,0.25970382938148573,0.20329783512822389,0.015201124546989476
2025-10-27,2025-10-28,685.239990234375,0.0026414067835922594,0.0026414067835922594,1.0,1.4569195550429015e-05,1.0,0.002707205275612301,0.0032416375563657507,0.45508098836629163,1.0,0.002656014462314449,0.0036764311476429334,0.005049808652870063,0.006756192810280629,False,False,1214,32261.105685691997,0.2517936932779547,0.20914115187156562,0.015292011208572778
2025-10-29,2025-10-30,687.3900146484375,-0.005077161669507113,0.005077161669507113,-1.0,0.005951172947691874,1.0,0.005986801438455647,0.0029828600007604233,0.6674501015479667,0.0,0.010998119550020391,0.0019310548717350606,0.00994093254463017,0.004466583640780391,False,False,1391,40968.61656597984,0.33222693165041406,0.2524896577683088,0.013808098864378445
2025-10-30,2025-10-31,679.8300170898438,0.0076636229741697814,0.0076636229741697814,1.0,-0.004350082570846792,0.0,5.84477749974166e-05,0.00853893745415002,0.006798319889082439,1.0,0.0032802030105936186,0.005951172947691874,0.008888673418812207,0.008730648997879637,False,False,1340,48172.84670978921,0.2968929912036855,0.23100537513155595,0.013655738968594256
2025-10-31,2025-11-03,682.0599975585938,0.005292768032848061,0.005292768032848061,1.0,-0.0033980721232663713,0.0,0.00018960270400159018,0.00842718541073606,0.02200387214782557,1.0,0.0018767107020742912,0.004350082570846792,0.008590422177102772,0.008181910713689719,False,False,1498,36336.47950942455,0.2874459594206164,0.2139070109002807,0.015150195493797203
2025-11-03,2025-11-04,683.3400268554688,-0.010580444902630326,0.010580444902630326,-1.0,0.0012867656683624995,1.0,0.002268030808737942,0.005694393966229949,0.2848417250820543,0.0,0.011853596017736279,0.0033980721232663713,0.008591598059610711,0.005938482294519015,False,False,1367,37583.56559017911,0.3175553905857549,0.23292182128053077,0.014732490649099449
2025-11-06,2025-11-07,670.3099975585938,-0.0035804693691037226,0.0035804693691037226,-1.0,-0.004581452114253093,0.0,0.0101328639149878,0.00474621441926959,0.6810142192516072,1.0,-0.0009845789961884233,0.009106055569811256,0.012780828774853351,0.0077932528402568394,False,False,1284,43620.142502488685,0.29645291568483567,0.19918119853484575,0.014265987735455796
2025-11-07,2025-11-10,670.969970703125,0.009344709607017831,0.009344709607017831,1.0,0.006201660072639337,1.0,0.007294315918492389,0.003273870556250502,0.6902145354763765,0.0,0.01560432239211762,0.004581452114253093,0.01472452321035945,0.007403977525940126,False,False,1415,35559.99958081005,0.2373732453959639,0.13564657065085362,0.016048404479948927
2025-11-11,2025-11-12,683.0,0.0026207584587756294,0.0026207584587756294,1.0,-0.002058986243625993,0.0,0.0002483154700982926,0.005639130261363423,0.04217711405326901,1.0,0.0005563761095350728,0.004485605909571033,0.007102645630030974,0.009352220824244742,False,False,1337,40128.07276054309,0.30187492938967003,0.20594965899409634,0.014223907963761459
2025-11-12,2025-11-13,683.3800048828125,-0.004214353452302699,0.004214353452302699,-1.0,0.012432067557173077,1.0,0.014883941087585839,0.0005290012513776698,0.9656781139029912,0.0,0.016594027882646856,0.002058986243625993,0.005871170959919473,0.009353854953970108,False,False,1520,41802.52574270489,0.33133041643283584,0.2285890289957382,0.013489539342680986
2025-11-13,2025-11-14,672.0399780273438,-0.009910084760255566,0.009910084760255566,-1.0,-0.00984398049971813,0.0,0.003181186077208409,0.015449770336169344,0.1707473307663472,1.0,0.00016365894166792128,0.012432067557173077,0.015130623879002167,0.011442930378026534,False,False,1221,42145.00591640118,0.32812975751920237,0.1821376770737332,0.014769103427099507
2025-11-14,2025-11-17,671.9299926757812,-0.0033187690578742046,0.0033187690578742046,-1.0,0.006017663466353906,1.0,0.011371746668100924,0.0059877701844588405,0.6550727629510087,1.0,0.009316461288915168,0.00984398049971813,0.018436334174121306,0.011444004501562037,False,False,1174,35712.68010729464,0.2748873811538172,0.22021285743929414,0.01582403546015236
2025-11-17,2025-11-18,665.6699829101562,-0.005363028851941731,0.005363028851941731,-1.0,0.0030508360830343584,1.0,0.009514210919622013,0.004561274192129927,0.6759419546881822,0.0,0.008397503213040225,0.006017663466353906,0.017174466370439703,0.00805950671836791,True,False,1084,35414.67597415444,0.14038019798675494,0.11415516443774683,0.017329883872651088
2025-11-19,2025-11-20,662.6300048828125,0.015513888876095727,0.015513888876095727,1.0,-0.03028628592383631,0.0,0.003938155949270383,0.03224463946948131,0.10884056645411755,1.0,-0.015242255122032589,0.002799684469741104,0.013013614460471628,0.008066146914429306,True,False,1405,48925.9393696764,0.19024350413981006,0.12939063115394214,0.01855532118287026
2025-11-20,2025-11-21,652.530029296875,0.0038618276293109766,0.0038618276293109766,1.0,0.006075935543966793,1.0,0.014502709987077367,0.006453118790163748,0.6920609125623274,1.0,0.009961227389035265,0.03028628592383631,0.03572126637148334,0.007638722434038444,True,False,1364,50389.48614015058,0.21406047550566537,0.14393788648085362,0.01784117257384542
2025-11-21,2025-11-24,659.030029296875,0.005553575682182732,0.005553575682182732,1.0,0.009114334010007719,1.0,0.011121331376715782,0.0016626241951767096,0.8699444639159849,0.0,0.014718526835907575,0.006075935543966793,0.020995221050276437,0.010375275253585427,True,False,1304,31565.75445104253,0.16930984176569272,0.11146518942090732,0.01844787681847003
2025-11-25,2025-11-26,675.02001953125,0.00386653028953865,0.00386653028953865,1.0,0.0030252317314716226,1.0,0.006006238352628257,0.0013447721643886634,0.8170629519199247,0.0,0.006903459171132775,0.009556876900188582,0.01754077407399024,0.011709667963436844,False,False,1261,40193.657982692996,0.2398316869711223,0.1848272359474509,0.014720824358401477
2025-11-28,2025-12-01,683.3900146484375,-0.006701908122260014,0.006701908122260014,-1.0,-0.0021508551404771925,0.0,0.00010314306689740427,0.006157824267195577,0.016473982596228714,0.0,0.004565467815318525,0.003715931838127684,0.004663934416660673,0.0035464414887027033,False,False,1204,33254.0396909205,0.3059803457618987,0.20890032607811984,0.01535641891046062
2025-12-10,2025-12-11,687.5700073242188,-0.0035341749202207895,0.0035341749202207895,-1.0,-0.005881963066755924,0.0,0.00435380009775721,0.005998752464737356,0.4205532955737162,1.0,-0.0023270002601829542,0.0073400283983020564,0.011214531200140971,0.0036082041663002495,False,False,1583,46040.542612398676,0.3044690832913959,0.17781642959120664,0.013117133730556651
2025-12-12,2025-12-15,681.760009765625,0.005837802763054789,0.005837802763054789,1.0,-0.007305990370946036,0.0,2.919405537826769e-05,0.009554641493375149,0.0030461765782349016,1.0,-0.0015108385386657375,0.009314520109442337,0.014089444133439715,0.006487862464464151,False,False,1550,40913.55988144022,0.32498230559531655,0.24962239339909395,0.014365459474322401
